Workbook
Name AllJobIDs: _xlfn.ANCHORARRAY(Lookup!$A$2)
Name FilteredJobIDs: _xlfn.ANCHORARRAY(Lookup!$C$2)

Sheet Production Schedule
A1: Unique Tag | B1: ID | C1: Duplicate Entry | D1: Job Name | E1: Job Address | F1: PM | G1: PM Phone | H1: System | I1: Crating Plan | J1: Release Notes | K1: Description | L1: Included with this issue | M1: Misc Materials | N1: Production Folder | O1: Percent Panels Released | P1: Total Panels Released | Q1: Total Quoted Panels | R1: Panel Qty | S1: Part Qty | T1: Sketch Qty | U1: Extrusion Qty | V1: Reveal LF | W1: Program Material Qty | X1: Prog Run Time | Y1: Material | Z1: Material Type | AA1: Material Desc | AB1: Material Grain | AC1: Outsource Eng | AD1: Outsource Eng Group | AE1: Ranked Priority | AF1: Days to Release | AG1: Responsible | AH1: Eng Manager | AI1: Evaluation By | AJ1: LO By | AK1: LO Check By | AL1: Sketch By | AM1: Sketch Check By | AN1: Correction By | AO1: Eng Returned | AP1: AXYZ Prog By | AQ1: Laser Prog By | AR1: Punch Prog By | AS1: Prog Complete | AT1: Prog Returned | AU1: Release By | AV1: Date Submitted | AW1: Short Engineering Lead | AX1: Release To Shop Target | AY1: Released to Shop Actual | AZ1: Short Fab Lead | BA1: Shop Complete By Date | BB1: Ship To Coating Target | BC1: Ship Target | BD1: Adjusted Ship Date | BE1: Requested Ship Date | BF1: Ship Actual | BG1: Ship To Coating Actual | BH1: Material In Stock | BI1: Sheet Qty | BJ1: Material Date | BK1: Post Prod Coating | BL1: Coating Process | BM1: Vendor Coating Info | BN1: Post Coating Shipping Instructions | BO1: Screw Color | BP1: Screws Ordered | BQ1: Shop Drawings | BR1: Scan | BS1: Scan Location | BT1: FD | BU1: FD Location | BV1: Calcs | BW1: Calcs Location | BX1: Remake Piecemarks | BY1: Original Release | BZ1: RP Reason | CA1: RM Reason | CB1: Remake Request By | CC1: Station | CD1: LO | CE1: Sketch | CF1: CNC | CG1: Prog CNC | CH1: Vendor Cut | CI1: Flat Laser | CJ1: Tube Laser | CK1: Prog Laser | CL1: Punch | CM1: Prog Punch | CN1: Roll | CO1: Shear | CP1: Cidan | CQ1: Mill | CR1: Prog Mill | CS1: Extrusion Saw | CT1: 1st Manual | CU1: Brake | CV1: Prog Brake | CW1: 2nd Manual | CX1: Weld | CY1: Robot Weld | CZ1: Prog Robot Weld | DA1: Metal Finish | DB1: CNB | DC1: Fab | DD1: Assembly | DE1: Processing Customer No | DF1: Short Job No | DG1: Release Type | DH1: Rework Release Type | DI1: Release No | DJ1: Nonconformance # | DK1: Release No H1 | DL1: Highest Release | DM1: Process Required Start Date | DN1: Eng Hold | DO1: Eng Hold Start | DP1: Eng Hold End | DQ1: Eng Days On Hold | DR1: Prog Hold | DS1: Prog Hold Start | DT1: Prog Hold End | DU1: Prog Days On Hold | DV1: Process Hold | DW1: Process Hold Start | DX1: Process Hold End | DY1: Process Days On Hold | DZ1: QC Hold | EA1: QC Hold Start | EB1: QC Hold End | EC1: QC Days On Hold | ED1: Total Days On Hold | EE1: Drafting Hours | EF1: Shop Hours | EG1: Laser Hours | EH1: Punch Hours | EI1: Mill Hours | EJ1: Roll Hours | EK1: 1st Manual Hours | EL1: Brake Hours | EM1: 2nd Manual Hours | EN1: Weld Hours | EO1: Assembly Hours | EP1: Partial Shipment | EQ1: Shipping Method | ER1: Total # Crates | ES1: Total # Skids | ET1: Programs Required | EU1: Required Processes | EV1: Date Programming Received | EW1: Date Programming Complete | EX1: Days In Programming | EY1: Date QC Received | EZ1: Days In QC | FA1: Date Crating Received | FB1: Days In Crating | FC1: Program Lead | FD1: Shipping Department | FE1: Date Ready to Ship | FF1: Ship Late | FG1: Ship v Target | FH1: Latest Comment | FI1: Department | FJ1: Discard Issue | FK1: Inhouse PM | FL1: Inhouse Drafter | FM1: Inhouse Checker | FN1: Inhouse Name | FO1: Generate Inhouse (Manual) | FP1: Week to Ship | FQ1: Tube Bender | FR1: Band Saw | FS1: 5030 | FT1: Tube Bender Hours | FU1: Band Saw Hours
A2: 1 | B2: 24060-BM01 | D2: Loves Blacksburg | E2: 116 Preister Road Blacksburg, SC 29702 | F2: Cole Norona | G2: 931.591.9340 | K2: 102: 6 pieces at 10ft 103: 8 pieces at 10ft | M2: 102: 6 pieces at 10ft 103: 8 pieces at 10ft | N2: Q:\Jobs\24060 - Loves Blacksburg\04_Production\24060BM01 | O2: N/A | P2: N/A | Q2: N/A | S2: 14 | T2: 2 | U2: - | V2: - | W2: 3 | Y2: 18 Ga. X 48" X 120" Steel Sheet, No Grain | Z2: Steel Sheet | AA2: 18 Ga. X 48" X 120" | AB2: No | AE2: 1 | AF2: -302 | AG2: Ramon Estrada, Shane Watson | AH2: Denis Usatenko | AL2: Hennadii Stakhurskyi | AM2: Denis Usatenko | AN2: Hennadii Stakhurskyi | AU2: Hennadii Stakhurskyi | AV2: 45665.701 | AX2: 45700 | AY2: 45670 | BA2: 45707 | BC2: 45709 | BE2: 45709 | BH2: YES | BI2: 2 | CC2: Ready to Ship | CE2: TRUE | CO2: TRUE | CP2: TRUE | DF2: 24060 | DG2: BM | DI2: 01 | DK2: 1 | DL2: 24060-BM01 | DQ2: No Hold | DU2: No Hold | DY2: No Hold | EC2: No Hold | ED2: No Hold | EE2: 12 | EF2: 28 | EQ2: Hot Shot | EU2: Cidan Shear | EX2: No Program Requested | EZ2: QC Not Requested | FA2: 45694 | FB2: 3 | FC2: David Hasty | FD2: Ramon Estrada, Shane Watson | FE2: 45698 | FG2: Issue Still in Process | FI2: 1010 | FK2: Cole Norona | FL2: Hennadii Stakhurskyi | FM2: Denis Usatenko | FN2: 24060-BM01 In-House | FP2: 2025, Week 08
A3: 2 | B3: 24071-FS10.R | D3: RS Gass State Lab | E3: 975 RS Gass Blvd Nashville, TN 37216 | F3: Cole Norona | G3: 931.591.9340 | H3: 400 | K3: (25) of 1 5/8" reveals at 8' long | M3: (25) of 1 5/8" reveals at 8' long | N3: Q:\Jobs\24071 - RS Gass State Lab\04_Production\24071FS10R | O3: N/A | P3: N/A | Q3: N/A | R3: 0 | S3: 0 | T3: 0 | U3: 0 | V3: 200 | W3: Drop | X3: na | Y3: 4mm X 62" X 196", Bright Silver Metallic FR ACM, Grain | Z3: FR ACM | AA3: 4mm X 62" X 196", Bright Silver Metallic | AB3: Yes | AE3: 29 | AF3: -50 | AG3: Ramon Estrada, Shane Watson | AH3: Denis Usatenko | AU3: Denis Usatenko | AV3: 46043.353 | AW3: TRUE | AX3: 46064 | AY3: 46043 | AZ3: TRUE | BA3: 46059 | BC3: 46048 | BE3: 46048 | BH3: YES | BI3: 45 | BO3: N/A | BP3: N/A | BQ3: Approved | BR3: YES | BS3: Q:\Jobs\24071 - RS Gass State Lab\03_Engineering\02_FD Docs\24071_FS10 | BT3: YES | BU3: Q:\Jobs\24071 - RS Gass State Lab\03_Engineering\02_FD Docs\24071_FS10 | BV3: NO | CC3: Ready to Ship | CO3: TRUE | DF3: 24071 | DG3: FS | DI3: 10.R | DK3: 0 | DL3: 24071-FS11 | DQ3: No Hold | DU3: No Hold | DY3: No Hold | EC3: No Hold | ED3: No Hold | EE3: 1 | EF3: 1 | EQ3: Customer Pick Up | EU3: Shear | EX3: No Program Requested | EZ3: QC Not Requested | FA3: 46045 | FB3: 1 | FC3: David Hasty | FD3: Ramon Estrada, Shane Watson | FE3: 46045 | FG3: Issue Still in Process | FI3: 1010 | FK3: Cole Norona | FN3: 24071-FS10.R In-House | FP3: 2026, Week 05
A4: 3 | B4: 24051-FS200 | D4: TN Titans Stadium | E4: 1 Titans Way Nashville, TN 37213 | F4: Marc Ribar | G4: 360.798.3603 | H4: 400 | K4: MOONSTONE BAND ON LEVEL 7 | N4: Q:\Jobs\24051 - TN Titans Stadium\04_Production\24051FS200 | O4: 0.34476853 | P4: 6643 | Q4: 19268 | R4: 131 | S4: 131 | T4: 2 | U4: 917 | V4: 700 | W4: 196 X 62 - 44 | X4: 18:17:07 | Y4: 4MM FR CORE MOONSTONE METALLIC FR ACM, Grain | Z4: FR ACM | AA4: 4MM FR CORE MOONSTONE METALLIC | AB4: Yes | AE4: 19 | AF4: -218 | AG4: Unassigned | AH4: Denis Usatenko | AI4: Hennadii Stakhurskyi | AJ4: Hennadii Stakhurskyi | AL4: Hennadii Stakhurskyi | AM4: Denis Usatenko | AN4: Hennadii Stakhurskyi | AP4: Issiah Havens | AS4: TRUE | AU4: Hennadii Stakhurskyi | AV4: 45723.68 | AX4: 45806 | AY4: 45762 | BA4: 45825 | BC4: 45827 | BE4: 45827 | BH4: YES | BI4: 250 | BJ4: 45757 | BO4: MATCH COLOR | BP4: YES | BQ4: Approved | BR4: NO | BT4: NO | BV4: NO | CC4: RTS Titans | CD4: TRUE | CE4: TRUE | CF4: TRUE | CG4: AXYZ Titans Line | DB4: TRUE | DC4: TRUE | DF4: 24051 | DG4: FS | DI4: 200 | DK4: 200 | DL4: 24051-FS231 | DO4: 45737 | DP4: 45741 | DQ4: 3 | DU4: No Hold | DY4: No Hold | EC4: No Hold | ED4: 3 | EE4: 4 | EF4: 300 | EQ4: In House | ET4: AXYZ | EU4: AXYZ Titans Line Clean and Brake Fab | EV4: 45761 | EW4: 45761 | EX4: 1 | EZ4: Issue Still In Process | FB4: Crating Start Date Not Recorded | FC4: David Hasty | FD4: Ramon Estrada, Shane Watson | FE4: 45827 | FG4: Issue Still in Process | FH4: Issiah Havens - @hstakhurskyi@jwmcd.com @jdavis@jwmcd.com @tgraves@jwmcd.com Programmed | FI4: 1010 | FK4: Marc Ribar | FL4: Hennadii Stakhurskyi | FM4: Denis Usatenko | FN4: 24051-FS200 In-House | FP4: 2025, Week 25
A5: 4 | B5: 24051-FS201 | D5: TN Titans Stadium | E5: 1 Titans Way Nashville, TN 37213 | F5: Marc Ribar | G5: 360.798.3603 | H5: 400 | K5: level 400 moonstone | N5: Q:\Jobs\24051 - TN Titans Stadium\04_Production\24051FS201 | O5: 0.50088229 | P5: 9651 | Q5: 19268 | R5: 109 | S5: 109 | T5: 2 | U5: 1090 | V5: 700 | W5: Sheet Size Quantity 196 x 62 in 55 | X5: 00d20h30m49s | Y5: 4MM MOONSTONE METALLIC 62 X 196 FR ACM, Grain | Z5: FR ACM | AA5: 4MM MOONSTONE METALLIC 62 X 196 | AB5: Yes | AE5: 43 | AF5: -107 | AG5: Unassigned | AH5: Denis Usatenko | AI5: Hennadii Stakhurskyi | AJ5: Hennadii Stakhurskyi | AL5: Hennadii Stakhurskyi | AM5: Denis Usatenko | AN5: Hennadii Stakhurskyi | AP5: Arnold Jurado, Issiah Havens | AS5: TRUE | AU5: Hennadii Stakhurskyi | AV5: 45726.378 | AX5: 45961 | AY5: 45951 | BA5: 45980 | BC5: 45982 | BE5: 45982 | BH5: YES | BI5: 1000 | BO5: MATCH COLOR | BP5: YES | BQ5: Approved | BR5: NO | BT5: NO | BV5: NO | CC5: RTS Titans | CD5: TRUE | CE5: TRUE | CF5: TRUE | CG5: AXYZ Titans Line | DB5: TRUE | DC5: TRUE | DF5: 24051 | DG5: FS | DI5: 201 | DK5: 201 | DL5: 24051-FS231 | DO5: 45737 | DP5: 45944 | DQ5: 148 | DU5: No Hold | DY5: No Hold | EC5: No Hold | ED5: 148 | EE5: 4 | EF5: 200 | EQ5: In House | ET5: AXYZ | EU5: AXYZ Titans Line Clean and Brake Fab | EV5: 45951 | EW5: 45951 | EX5: 1 | EZ5: QC Not Requested | FA5: 45960 | FB5: 2 | FC5: David Hasty | FD5: Ramon Estrada, Shane Watson | FE5: 45961 | FG5: Issue Still in Process | FH5: Arnold Jurado - @hstakhurskyi@jwmcd.com @jdavis@jwmcd.com PROGRAMMED | FI5: 1010 | FK5: Marc Ribar | FL5: Hennadii Stakhurskyi | FM5: Denis Usatenko | FN5: 24051-FS201 In-House | FP5: 2025, Week 47
A6: 5 | B6: 24051-FS205 | D6: TN Titans Stadium | E6: 1 Titans Way Nashville, TN 37213 | F6: Marc Ribar | G6: 360.798.3603 | H6: 400 | K6: South Elevation 700 level. Install Direction Left to Right | L6: * SKETCHES * CUT LIST * EXTRUSION TIGER SAW LIST * COLOR LABELS | M6: 2 SETS - INSTALL DRAWINGS 750 LF - 1 5/8" REVEALS TO MATCH 725 pcs - Corner Clips 1450 pcs﻿ - Color Matched Screws | N6: Q:\Jobs\24051 - TN Titans Stadium\04_Production\24051FS205 | O6: 0.50700644 | P6: 9769 | Q6: 19268 | R6: 118 | S6: 118 | T6: 2 | U6: 1180 | V6: 750 | W6: 59 sheets | X6: 00d22h08m40s | Y6: Alpolic - 4mm - 880 pcs - [62 X 196] - MOONSTONE METALLIC FR ACM, Grain | Z6: FR ACM | AA6: Alpolic - 4mm - 880 pcs - [62 X 196] - MOONSTONE METALLIC | AB6: Yes | AE6: 43 | AF6: -107 | AG6: Unassigned | AH6: Denis Usatenko | AI6: Hennadii Stakhurskyi | AJ6: Hennadii Stakhurskyi | AL6: Hennadii Stakhurskyi | AM6: Denis Usatenko | AN6: Hennadii Stakhurskyi | AP6: Arnold Jurado, Issiah Havens | AS6: TRUE | AU6: Hennadii Stakhurskyi | AV6: 45737.236 | AX6: 45961 | AY6: 45953 | BA6: 45980 | BC6: 45982 | BE6: 45982 | BH6: YES | BI6: 500 | BJ6: 45757 | BO6: MATCH COLOR | BP6: YES | BQ6: Approved | BR6: NO | BT6: NO | BV6: NO | CC6: RTS Titans | CD6: TRUE | CE6: TRUE | CF6: TRUE | CG6: AXYZ Titans Line | DB6: TRUE | DC6: TRUE | DF6: 24051 | DG6: FS | DI6: 205 | DK6: 205 | DL6: 24051-FS231 | DO6: 45737 | DP6: 45946 | DQ6: 150 | DU6: No Hold | DY6: No Hold | EC6: No Hold | ED6: 150 | EE6: 8 | EF6: 300 | EQ6: In House | ET6: AXYZ | EU6: AXYZ Titans Line Clean and Brake Fab | EV6: 45952 | EW6: 45953 | EX6: 2 | EZ6: QC Not Requested | FA6: 45968 | FB6: 1 | FC6: David Hasty | FD6: Ramon Estrada, Shane Watson | FE6: 45968 | FG6: Issue Still in Process | FH6: Arnold Jurado - @hstakhurskyi@jwmcd.com @jdavis@jwmcd.com PROGRAMMED | FI6: 1010 | FK6: Marc Ribar | FL6: Hennadii Stakhurskyi | FM6: Denis Usatenko | FN6: 24051-FS205 In-House | FP6: 2025, Week 47
A7: 6 | B7: 24051-FS206 | D7: TN Titans Stadium | E7: 1 Titans Way Nashville, TN 37213 | F7: Marc Ribar | G7: 360.798.3603 | H7: 400 | K7: LEVEL 400 INSTALL LEFT TO RIGHT | N7: Q:\Jobs\24051 - TN Titans Stadium\04_Production\24051FS206 | O7: 0.34850529 | P7: 6715 | Q7: 19268 | R7: 72 | S7: 72 | T7: 2 | U7: 504 | V7: 600 | W7: 196 X 62 - 24 | X7: 10:02:09 | Y7: 4MM FR CORE MOONSTONE METALLIC 62 X 196 FR ACM, Grain | Z7: FR ACM | AA7: 4MM FR CORE MOONSTONE METALLIC 62 X 196 | AB7: Yes | AE7: 22 | AF7: -214 | AG7: Unassigned | AH7: Denis Usatenko | AI7: Hennadii Stakhurskyi | AJ7: Hennadii Stakhurskyi | AL7: Hennadii Stakhurskyi | AM7: Denis Usatenko | AN7: Hennadii Stakhurskyi | AP7: Issiah Havens | AS7: TRUE | AU7: Hennadii Stakhurskyi | AV7: 45737.619 | AX7: 45812 | AY7: 45762 | BA7: 45831 | BC7: 45833 | BE7: 45833 | BH7: NO | BI7: 500 | BJ7: 45757 | BO7: MATCH COLOR | BP7: YES | BQ7: Approved | BR7: NO | BT7: NO | BV7: NO | CC7: RTS Titans | CE7: TRUE | CF7: TRUE | CG7: AXYZ Titans Line | DB7: TRUE | DC7: TRUE | DF7: 24051 | DG7: FS | DI7: 206 | DK7: 206 | DL7: 24051-FS231 | DQ7: No Hold | DU7: No Hold | DY7: No Hold | EC7: No Hold | ED7: No Hold | EE7: 4 | EF7: 200 | EQ7: In House | ET7: AXYZ | EU7: AXYZ Titans Line Clean and Brake Fab | EV7: 45762 | EW7: 45762 | EX7: 1 | EZ7: QC Not Requested | FA7: 45826 | FB7: 6 | FC7: David Hasty | FD7: Ramon Estrada, Shane Watson | FE7: 45833 | FG7: Issue Still in Process | FH7: Issiah Havens - @hstakhurskyi@jwmcd.com @jdavis@jwmcd.com @tgraves@jwmcd.com Programmed | FI7: 1010 | FK7: Marc Ribar | FL7: Hennadii Stakhurskyi | FM7: Denis Usatenko | FN7: 24051-FS206 In-House | FP7: 2025, Week 26
A8: 7 | B8: 24051-FS209.1 | D8: TN Titans Stadium | E8: 1 Titans Way Nashville, TN 37213 | F8: Marc Ribar | G8: 360.798.3603 | H8: 400 | K8: SOUTH LEVEL 50 WING WALL | L8: * SKETCHES * CUT LIST * EXTRUSION TIGER SAW LIST * COLOR LABELS | M8: * 2 SETS - INSTALL DRAWINGS * ( 350 LF) 1-5/8" Reveals * ( 16 LF) JR2 | N8: Q:\Jobs\24051 - TN Titans Stadium\04_Production\24051FS209.1 | O8: 0.70038406 | P8: 13495 | Q8: 19268 | R8: 36 | S8: 76 | T8: 50 | U8: 292 | V8: 350 | W8: 13 SHEETS | X8: 00d05h30m19s | Y8: 4mm X 62" X 196", MOONSTONE METALLIC FR ACM, Grain | Z8: FR ACM | AA8: 4mm X 62" X 196", MOONSTONE METALLIC | AB8: Yes | AE8: 87 | AF8: -25 | AG8: Unassigned | AH8: Denis Usatenko | AI8: Hennadii Stakhurskyi | AJ8: Hennadii Stakhurskyi | AL8: Hennadii Stakhurskyi | AM8: Denis Usatenko | AN8: Hennadii Stakhurskyi | AP8: Arnold Jurado, Issiah Havens | AS8: TRUE | AU8: Denis Usatenko | AV8: 46031.657 | AX8: 46062 | AY8: 46078 | AZ8: TRUE | BA8: 46094 | BC8: 46083 | BE8: 46083 | BH8: YES | BI8: 500 | BO8: MATCH COLOR | BP8: YES | BQ8: Approved | BR8: NO | BT8: NO | BV8: NO | CC8: RTS Titans | CD8: TRUE | CE8: TRUE | CF8: TRUE | CG8: AXYZ Titans Line | DB8: TRUE | DC8: TRUE | DF8: 24051 | DG8: FS | DI8: 209.1 | DK8: 209.1 | DL8: 24051-FS231 | DQ8: No Hold | DU8: No Hold | DY8: No Hold | EC8: No Hold | ED8: No Hold | EE8: 8 | EF8: 40 | EQ8: In House | ET8: AXYZ | EU8: AXYZ Titans Line Clean and Brake Fab | EV8: 46077 | EW8: 46078 | EX8: 2 | EZ8: QC Not Requested | FA8: 46105 | FB8: 1 | FC8: David Hasty | FD8: Ramon Estrada, Shane Watson | FE8: 46105 | FG8: Issue Still in Process | FH8: Arnold Jurado - @dusatenko@jwmcd.com @jdavis@jwmcd.com PROGRAMMED | FI8: 1010 | FK8: Marc Ribar | FL8: Hennadii Stakhurskyi | FM8: Denis Usatenko | FN8: 24051-FS209.1 In-House | FP8: 2026, Week 010
A9: 8 | B9: 24051-FS212 | D9: TN Titans Stadium | E9: 1 Titans Way Nashville, TN 37213 | F9: Marc Ribar | G9: 360.798.3603 | H9: 400 | K9: NORTH LEVEL 400 INSTALL RIGHT TO LEFT | N9: Q:\Jobs\24051 - TN Titans Stadium\04_Production\24051FS212 | O9: 0.34985468 | P9: 6741 | Q9: 19268 | R9: 26 | S9: 26 | T9: 2 | U9: 182 | V9: 300 | W9: 196 X 62 - 9 | X9: 03:38:58 | Y9: 4MM FR CORE MOONSTONE METALLIC 62X196 FR ACM, Grain | Z9: FR ACM | AA9: 4MM FR CORE MOONSTONE METALLIC 62X196 | AB9: Yes | AE9: 12 | AF9: -224 | AG9: Unassigned | AH9: Denis Usatenko | AI9: Hennadii Stakhurskyi | AJ9: Hennadii Stakhurskyi | AL9: Hennadii Stakhurskyi | AM9: Denis Usatenko | AN9: Hennadii Stakhurskyi | AP9: Issiah Havens | AS9: TRUE | AU9: Hennadii Stakhurskyi | AV9: 45751.661 | AX9: 45798 | AY9: 45762 | BA9: 45817 | BC9: 45819 | BE9: 45819 | BH9: NO | BI9: 500 | BJ9: 45757 | BO9: MATCH COLOR | BP9: YES | BQ9: Approved | BR9: NO | BT9: NO | BV9: NO | CC9: RTS Titans | CD9: TRUE | CE9: TRUE | CF9: TRUE | CG9: AXYZ Titans Line | DB9: TRUE | DC9: TRUE | DF9: 24051 | DG9: FS | DI9: 212 | DK9: 212 | DL9: 24051-FS231 | DQ9: No Hold | DU9: No Hold | DY9: No Hold | EC9: No Hold | ED9: No Hold | EE9: 4 | EF9: 50 | EQ9: In House | ET9: AXYZ | EU9: AXYZ Titans Line Clean and Brake Fab | EV9: 45762 | EW9: 45762 | EX9: 1 | EZ9: QC Not Requested | FA9: 45826 | FB9: 2 | FC9: David Hasty | FD9: Ramon Estrada, Shane Watson | FE9: 45827 | FG9: Issue Still in Process | FH9: Issiah Havens - @hstakhurskyi@jwmcd.com @jdavis@jwmcd.com @tgraves@jwmcd.com Programmed | FI9: 1010 | FK9: Marc Ribar | FL9: Hennadii Stakhurskyi | FM9: Denis Usatenko | FN9: 24051-FS212 In-House | FP9: 2025, Week 24
A10: 9 | B10: 25002-FS11.1 | D10: Med Center Health | E10: 250 Park Street Bowling Green, KY 42101 | F10: Carlos Silva | G10: 980.246.6545 | H10: 600 | K10: PLEASE SEE ATTACHED IMAGE COLUMNS NORTH - WEST ELEVATION 238, 239, 240, 241, 129/242 130/242 131/242 132/242 | L10: * SKETCHES * CUT LIST * EXTRUSION TIGER SAW LIST * COLOR LABELS | M10: * 2 SETS - INSTALL DRAWINGS * (215 LF) 1-3/4" Reveals * (14 LF) PE1N * (10 PCS) PET * (180 PCS) PE2N | N10: "Q:\Jobs\25002 - Med Center Health\04_Production\25002FS11.1" | O10: 0.80585899 | P10: 1623 | Q10: 2014 | R10: 18 | S10: 18 | T10: 2 | U10: 50 | V10: 215 | W10: 18 SHEETS | X10: 00d04h02m33s | Y10: ACM: 4mm X 62" X 196", MICA GRAY FR ACM, Grain | Z10: FR ACM | AA10: ACM: 4mm X 62" X 196", MICA GRAY | AB10: Yes | AE10: 1 | AF10: -10 | AG10: Corey Howse | AH10: Denis Usatenko | AI10: Gabriela Hoyle | AJ10: Gabriela Hoyle | AL10: Gabriela Hoyle | AM10: Denis Usatenko | AN10: Gabriela Hoyle | AP10: Arnold Jurado, Issiah Havens | AS10: TRUE | AU10: Gabriela Herrera, Gabriela Hoyle | AV10: 46058.42 | AW10: TRUE | AX10: 46079 | AY10: 46099 | AZ10: TRUE | BA10: 46115 | BC10: 46083 | BE10: 46083 | BH10: YES | BI10: 00 | BO10: MATCH COLOR | BP10: YES | BQ10: Approved | BR10: NO | BT10: NO | BV10: NO | CC10: Clean and Brake | CD10: TRUE | CE10: TRUE | CF10: TRUE | CG10: AXYZ Titans Line | DB10: TRUE | DC10: TRUE | DF10: 25002 | DG10: FS | DI10: 11.1 | DK10: 11.1 | DL10: 25002-FS16 | DQ10: No Hold | DU10: No Hold | DY10: No Hold | EC10: No Hold | ED10: No Hold | EE10: 5 | EF10: 20 | EQ10: Semi | ET10: AXYZ | EU10: AXYZ Titans Line Clean and Brake Fab | EV10: 46097 | EW10: 46098 | EX10: 2 | EZ10: Issue Still In Process | FB10: Issue Still In Process | FC10: David Hasty | FD10: Ramon Estrada, Shane Watson | FG10: Issue Still in Process | FH10: Tony Graves - still waiting on the roller to be fixed. | FI10: 1010 | FK10: Carlos Silva | FL10: Gabriela Hoyle | FM10: Denis Usatenko | FN10: 25002-FS11.1 In-House | FP10: 2026, Week 010
A11: 10 | B11: 26014-02-ST01 | D11: 2026 R & D | E11: 3731 Amy Lynn Drive Nashville, TN 37218-3813 | F11: TBC | H11: --- | J11: Deliver part 260112ST-1001 to Paul Roberts after deburr. Neither DA, timesaver, nor paint/powder are required for 260112ST. Parts are needed as soon as possible. Parts 26014-01-1001 and 26014-01-1002 go to PWX and return to JWM. Provide drawings to PWX for powder instruction. Ship to paint and ship target are for the sign parts. | O11: N/A | P11: N/A | Q11: N/A | S11: 10 | T11: 3 | Y11: Min. drop 11 Ga. SS Sheet, No Grain | Z11: SS Sheet | AA11: Min. drop 11 Ga. | AB11: No | AE11: 1 | AF11: -54 | AG11: Rogerson Jean-Charles, Sean Doss | AH11: David Hasty | AQ11: Chris Gambrel | AV11: 46035.641 | AW11: TRUE | AX11: 46056 | AY11: 46037 | AZ11: TRUE | BA11: 46055 | BB11: 46037 | BC11: 46044 | BE11: 46044 | BH11: YES | BK11: TRUE | BL11: Powder Coat | BM11: PWX. Sign is black, backer plate is white. Provide drawings to PWX for specific instructions. | BN11: Coating Ship Back To JWM | BQ11: None Available | BR11: NO | BT11: NO | BV11: NO | CC11: QC | CI11: TRUE | DF11: 26014-02 | DG11: ST | DI11: 01 | DK11: 1 | DL11: 26014-02-ST01 | DQ11: No Hold | DU11: No Hold | DY11: No Hold | EC11: No Hold | ED11: No Hold | EE11: 2 | EF11: 2 | ET11: Flat Laser | EU11: Flat Laser Powder Coat | EX11: No Program Requested | EY11: 46050 | EZ11: 57 (In Progress) | FB11: Issue Still In Process | FC11: David Hasty | FD11: Ramon Estrada, Shane Watson | FG11: Issue Still in Process | FI11: 1010 | FK11: TBC | FN11: 26014-02-ST01 In-House | FO11: TRUE | FP11: 2026, Week 04
A12: 11 | B12: 24051-FS46.1 | D12: TN Titans Stadium | E12: 1 Titans Way Nashville, TN 37213 | F12: Marc Ribar | G12: 360.798.3603 | H12: 400 | K12: SOUTH LEVEL 200 | L12: * SKETCHES * CUT LIST * EXTRUSION TIGER SAW LIST * COLOR LABELS | M12: * 2 SETS - INSTALL DRAWINGS * ( 504LF) 1-5/8" Reveals * ( 107 pcs) Corner Clips * ( 214 pcs ) Color Matching Screws﻿ * ( 140 LF) JR2 (EXTENDED?) | N12: Q:\Jobs\24051 - TN Titans Stadium\04_Production\24051FS46.1 | O12: 0.65813785 | P12: 12681 | Q12: 19268 | R12: 56 | S12: 56 | T12: 8 | U12: 362 | V12: 140 | W12: 13 sheets | X12: 00d06h31m30s | Y12: 4mm X 62" X 196", TOB BLACK FR ACM, No Grain | Z12: FR ACM | AA12: 4mm X 62" X 196", TOB BLACK | AB12: No | AE12: 75 | AF12: -46 | AG12: Unassigned | AH12: Denis Usatenko | AI12: Hennadii Stakhurskyi | AJ12: Hennadii Stakhurskyi | AL12: Hennadii Stakhurskyi | AM12: Denis Usatenko | AN12: Ailen Niedfeld | AP12: Arnold Jurado, Issiah Havens | AS12: TRUE | AU12: Ailen Niedfeld | AV12: 46009.683 | AX12: 46034 | AY12: 46049 | AZ12: TRUE | BA12: 46065 | BC12: 46055 | BE12: 46055 | BH12: YES | BI12: 1000 | BO12: MATCH COLOR | BP12: YES | BQ12: Approved | BR12: NO | BT12: NO | BV12: NO | CC12: RTS Titans | CE12: TRUE | CF12: TRUE | DB12: TRUE | DC12: TRUE | DF12: 24051 | DG12: FS | DI12: 46.1 | DK12: 46.1 | DL12: 24051-FS231 | DQ12: No Hold | DU12: No Hold | DY12: No Hold | EC12: No Hold | ED12: No Hold | EE12: 16 | EF12: 200 | EQ12: In House | ET12: AXYZ | EU12: AXYZ Clean and Brake Fab | EV12: 46046 | EW12: 46048 | EX12: 1 | EZ12: QC Not Requested | FA12: 46083 | FB12: 2 | FC12: David Hasty | FD12: Ramon Estrada, Shane Watson | FE12: 46084 | FG12: Issue Still in Process | FH12: Arnold Jurado - @aniedfeld@jwmcd.com | FI12: 1010 | FK12: Marc Ribar | FL12: Hennadii Stakhurskyi | FM12: Denis Usatenko | FN12: 24051-FS46.1 In-House | FP12: 2026, Week 06
A13: 12 | B13: 24051-FS46C | D13: TN Titans Stadium | E13: 1 Titans Way Nashville, TN 37213 | F13: Marc Ribar | G13: 360.798.3603 | H13: 400 | J13: EVERY CRATE REQUIRES REVEALS | K13: COPING FOR SOUTH LEVEL 200 | L13: * SKETCHES * CUT LIST * EXTRUSION TIGER SAW LIST * COLOR LABELS | M13: 2 SETS - INSTALL DRAWINGS 150 LF - 1 5/8" REVEALS TO MATCH 200 pcs - Corner Clips 400 pcs - Color Matched Screws | N13: Q:\Jobs\24051 - TN Titans Stadium\04_Production\24051FS46C | O13: 0.53352709 | P13: 10280 | Q13: 19268 | R13: 25 | S13: 25 | T13: 2 | U13: 175 | V13: 150 | W13: 3 SHEETS | X13: 00d02h35m22s | Y13: Alpolic - 4mm - 3600 pcs - [62 X 196] - TOB BLACK FR ACM, No Grain | Z13: FR ACM | AA13: Alpolic - 4mm - 3600 pcs - [62 X 196] - TOB BLACK | AB13: No | AE13: 52 | AF13: -96 | AG13: Unassigned | AH13: Denis Usatenko | AI13: Hennadii Stakhurskyi | AJ13: Hennadii Stakhurskyi | AL13: Hennadii Stakhurskyi | AM13: Denis Usatenko | AN13: Hennadii Stakhurskyi | AP13: Arnold Jurado, Issiah Havens | AS13: TRUE | AU13: Hennadii Stakhurskyi | AV13: 45946.439 | AX13: 45978 | AY13: 45971 | BA13: 45995 | BC13: 45999 | BE13: 45999 | BH13: YES | BI13: 1000 | BO13: MATCH COLOR | BP13: YES | BQ13: Approved | BR13: NO | BT13: NO | BV13: NO | CC13: RTS Titans | CD13: TRUE | CE13: TRUE | CF13: TRUE | CG13: AXYZ Titans Line | DB13: TRUE | DC13: TRUE | DF13: 24051 | DG13: FS | DI13: 46C | DK13: 0 | DL13: 24051-FS231 | DQ13: No Hold | DU13: No Hold | DY13: No Hold | EC13: No Hold | ED13: No Hold | EE13: 8 | EF13: 8 | EQ13: In House | ET13: AXYZ | EU13: AXYZ Titans Line Clean and Brake Fab | EV13: 45967 | EW13: 45968 | EX13: 2 | EZ13: QC Not Requested | FA13: 45996 | FB13: 2 | FC13: David Hasty | FD13: Ramon Estrada, Shane Watson | FE13: 45999 | FG13: Issue Still in Process | FH13: Arnold Jurado - @hstakhurskyi@jwmcd.com @jdavis@jwmcd.com PROGRAMMED | FI13: 1010 | FK13: Marc Ribar | FL13: Hennadii Stakhurskyi | FM13: Denis Usatenko | FN13: 24051-FS46C In-House | FO13: TRUE | FP13: 2025, Week 50
A14: 13 | B14: 24051-FS47C | D14: TN Titans Stadium | E14: 1 Titans Way Nashville, TN 37213 | F14: Marc Ribar | G14: 360.798.3603 | H14: 400 | J14: EVERY CRATE REQUIRES REVEALS | K14: COPING FOR FS 47. | L14: * SKETCHES * CUT LIST * EXTRUSION TIGER SAW LIST * COLOR LABELS | M14: 2 SETS - INSTALL DRAWINGS 700 LF - 1 5/8" REVEALS TO MATCH 400 pcs - Corner Clips 800 pcs - Color Matched Screws | N14: Q:\Jobs\24051 - TN Titans Stadium\04_Production\24051FS47C | O14: 0.53866514 | P14: 10379 | Q14: 19268 | R14: 99 | S14: 99 | T14: 2 | U14: 693 | V14: 700 | W14: 20 SHEETS | X14: 00d11h55m27s | Y14: Alpolic - 4mm - 3600 pcs - [62 X 196] - TOB BLACK FR ACM, No Grain | Z14: FR ACM | AA14: Alpolic - 4mm - 3600 pcs - [62 X 196] - TOB BLACK | AB14: No | AE14: 54 | AF14: -92 | AG14: Unassigned | AH14: Denis Usatenko | AI14: Hennadii Stakhurskyi | AJ14: Hennadii Stakhurskyi | AL14: Hennadii Stakhurskyi | AM14: Denis Usatenko | AN14: Hennadii Stakhurskyi | AP14: Arnold Jurado, Issiah Havens | AS14: TRUE | AU14: Hennadii Stakhurskyi | AV14: 45946.614 | AX14: 45982 | AY14: 45971 | BA14: 46001 | BC14: 46003 | BE14: 46003 | BH14: YES | BI14: 1000 | BO14: MATCH COLOR | BP14: YES | BQ14: Approved | BR14: NO | BT14: NO | BV14: NO | CC14: RTS Titans | CD14: TRUE | CE14: TRUE | CF14: TRUE | CG14: AXYZ Titans Line | DB14: TRUE | DC14: TRUE | DF14: 24051 | DG14: FS | DI14: 47C | DK14: 0 | DL14: 24051-FS231 | DQ14: No Hold | DU14: No Hold | DY14: No Hold | EC14: No Hold | ED14: No Hold | EE14: 4 | EF14: 16 | EQ14: In House | ET14: AXYZ | EU14: AXYZ Titans Line Clean and Brake Fab | EV14: 45967 | EW14: 45968 | EX14: 2 | EZ14: QC Not Requested | FA14: 45999 | FB14: 5 | FC14: David Hasty | FD14: Ramon Estrada, Shane Watson | FE14: 46003 | FG14: Issue Still in Process | FH14: Arnold Jurado - @hstakhurskyi@jwmcd.com @jdavis@jwmcd.com PROGRAMMED | FI14: 1010 | FK14: Marc Ribar | FL14: Hennadii Stakhurskyi | FM14: Denis Usatenko | FN14: 24051-FS47C In-House | FO14: TRUE | FP14: 2025, Week 50
A15: 14 | B15: 24051-FS48 | D15: TN Titans Stadium | E15: 1 Titans Way Nashville, TN 37213 | F15: Marc Ribar | G15: 360.798.3603 | H15: 400 | J15: EVERY CRATE REQUIRES REVEALS | K15: EAST LEVEL 200 | L15: * SKETCHES * CUT LIST * EXTRUSION TIGER SAW LIST * COLOR LABELS | M15: 2 SETS - INSTALL DRAWINGS 600 LF - 1 5/8" REVEALS TO MATCH 600 LF - 1 1/8" REVEALS TO MATCH 500 pcs - Corner Clips 1000 pcs﻿ - Color Matched Screws | N15: Q:\Jobs\24051 - TN Titans Stadium\04_Production\24051FS48 | O15: 0.54899315 | P15: 10578 | Q15: 19268 | R15: 124 | S15: 124 | T15: 2 | U15: 992 | V15: 1200 | W15: 42 | X15: 21:14:58 | Y15: 4MM FR CORE TOB BLACK 62 X 196 FR ACM, No Grain | Z15: FR ACM | AA15: 4MM FR CORE TOB BLACK 62 X 196 | AB15: No | AE15: 54 | AF15: -92 | AG15: Unassigned | AH15: Denis Usatenko | AI15: Hennadii Stakhurskyi | AJ15: Hennadii Stakhurskyi | AK15: Hennadii Stakhurskyi | AL15: Hennadii Stakhurskyi | AM15: Denis Usatenko | AN15: Hennadii Stakhurskyi | AP15: Arnold Jurado, Issiah Havens | AS15: TRUE | AU15: Hennadii Stakhurskyi | AV15: 45946.65 | AX15: 45982 | AY15: 45979 | BA15: 46001 | BC15: 46003 | BE15: 46003 | BH15: YES | BI15: 1000 | BO15: MATCH COLOR | BP15: YES | BQ15: Approved | BR15: NO | BT15: NO | BV15: NO | CC15: RTS Titans | CD15: TRUE | CE15: TRUE | CF15: TRUE | CG15: AXYZ Titans Line | DB15: TRUE | DC15: TRUE | DF15: 24051 | DG15: FS | DI15: 48 | DK15: 48 | DL15: 24051-FS231 | DQ15: No Hold | DU15: No Hold | DY15: No Hold | EC15: No Hold | ED15: No Hold | EE15: 24 | EF15: 200 | EQ15: In House | ET15: AXYZ | EU15: AXYZ Titans Line Clean and Brake Fab | EV15: 45979 | EW15: 45979 | EX15: 1 | EZ15: QC Not Requested | FA15: 46001 | FB15: 3 | FC15: David Hasty | FD15: Ramon Estrada, Shane Watson | FE15: 46003 | FG15: Issue Still in Process | FH15: Issiah Havens - @hstakhurskyi@jwmcd.com @jdavis@jwmcd.com PROGRAMMED | FI15: 1010 | FK15: Marc Ribar | FL15: Hennadii Stakhurskyi | FM15: Denis Usatenko | FN15: 24051-FS48 In-House | FP15: 2025, Week 50
A16: 15 | B16: 24051-FS49 | D16: TN Titans Stadium | E16: 1 Titans Way Nashville, TN 37213 | F16: Marc Ribar | G16: 360.798.3603 | H16: 400 | J16: EVERY CRATE REQUIRES REVEALS EVERY CRATE REQUIRES PR2 | K16: EAST LEVEL 200 | L16: * SKETCHES * CUT LIST * EXTRUSION TIGER SAW LIST * COLOR LABELS | M16: 2 SETS - INSTALL DRAWINGS 600 LF - 1 5/8" REVEALS TO MATCH 600 LF - 1 1/8" REVEALS TO MATCH 600 LF - PR2 | N16: Q:\Jobs\24051 - TN Titans Stadium\04_Production\24051FS49 | O16: 0.55542869 | P16: 10702 | Q16: 19268 | R16: 124 | S16: 124 | T16: 2 | U16: 571 | V16: 750 | W16: 9 | X16: 09:12:28 | Y16: 4MM FR CORE TOB BLACK 62 X 196 FR ACM, No Grain | Z16: FR ACM | AA16: 4MM FR CORE TOB BLACK 62 X 196 | AB16: No | AE16: 56 | AF16: -91 | AG16: Unassigned | AH16: Denis Usatenko | AI16: Hennadii Stakhurskyi | AJ16: Hennadii Stakhurskyi | AK16: Hennadii Stakhurskyi | AL16: Hennadii Stakhurskyi | AM16: Denis Usatenko | AN16: Hennadii Stakhurskyi | AP16: Arnold Jurado, Issiah Havens | AS16: TRUE | AU16: Hennadii Stakhurskyi | AV16: 45946.658 | AX16: 45985 | AY16: 45979 | BA16: 46002 | BC16: 46006 | BE16: 46006 | BH16: YES | BI16: 1000 | BO16: MATCH COLOR | BP16: YES | BQ16: Approved | BR16: NO | BT16: NO | BV16: NO | CC16: RTS Titans | CD16: TRUE | CE16: TRUE | CF16: TRUE | CG16: AXYZ Titans Line | DB16: TRUE | DC16: TRUE | DF16: 24051 | DG16: FS | DI16: 49 | DK16: 49 | DL16: 24051-FS231 | DQ16: No Hold | DU16: No Hold | DY16: No Hold | EC16: No Hold | ED16: No Hold | EE16: 8 | EF16: 200 | EQ16: In House | ET16: AXYZ | EU16: AXYZ Titans Line Clean and Brake Fab | EV16: 45979 | EW16: 45979 | EX16: 1 | EZ16: QC Not Requested | FA16: 46001 | FB16: 4 | FC16: David Hasty | FD16: Ramon Estrada, Shane Watson | FE16: 46006 | FG16: Issue Still in Process | FH16: Issiah Havens - @hstakhurskyi@jwmcd.com @jdavis@jwmcd.com PROGRAMMED | FI16: 1010 | FK16: Marc Ribar | FL16: Hennadii Stakhurskyi | FM16: Denis Usatenko | FN16: 24051-FS49 In-House | FP16: 2025, Week 51
A17: 16 | B17: 24051-FS50 | D17: TN Titans Stadium | E17: 1 Titans Way Nashville, TN 37213 | F17: Marc Ribar | G17: 360.798.3603 | H17: 400 | J17: EVERY CRATE REQUIRES REVEALS | K17: AEAST LEVEL 200 | L17: * SKETCHES * CUT LIST * EXTRUSION TIGER SAW LIST * COLOR LABELS | M17: 2 SETS - INSTALL DRAWINGS 600 LF - 1 5/8" REVEALS TO MATCH 600 LF - 1 1/8" REVEALS TO MATCH 250 pcs - Corner Clips 500 pcs﻿ - Color Matched Screws | N17: Q:\Jobs\24051 - TN Titans Stadium\04_Production\24051FS50 | O17: 0.56186423 | P17: 10826 | Q17: 19268 | R17: 124 | S17: 124 | T17: 4 | U17: 744 | V17: 1200 | W17: 39 | X17: 16:51:46 | Y17: 4MM FR CORE TOB BLACK 62 X 196 FR ACM, No Grain | Z17: FR ACM | AA17: 4MM FR CORE TOB BLACK 62 X 196 | AB17: No | AE17: 56 | AF17: -91 | AG17: Unassigned | AH17: Denis Usatenko | AI17: Hennadii Stakhurskyi | AJ17: Hennadii Stakhurskyi | AK17: Hennadii Stakhurskyi | AL17: Hennadii Stakhurskyi | AM17: Denis Usatenko | AN17: Hennadii Stakhurskyi | AP17: Arnold Jurado, Issiah Havens | AS17: TRUE | AU17: Hennadii Stakhurskyi | AV17: 45946.661 | AX17: 45985 | AY17: 45979 | BA17: 46002 | BC17: 46006 | BE17: 46006 | BH17: YES | BI17: 1000 | BO17: MATCH COLOR | BP17: YES | BQ17: Approved | BR17: NO | BT17: NO | BV17: NO | CC17: RTS Titans | CD17: TRUE | CE17: TRUE | CF17: TRUE | CG17: AXYZ Titans Line | DB17: TRUE | DC17: TRUE | DF17: 24051 | DG17: FS | DI17: 50 | DK17: 50 | DL17: 24051-FS231 | DQ17: No Hold | DU17: No Hold | DY17: No Hold | EC17: No Hold | ED17: No Hold | EE17: 8 | EF17: 200 | EQ17: In House | ET17: AXYZ | EU17: AXYZ Titans Line Clean and Brake Fab | EV17: 45979 | EW17: 45979 | EX17: 1 | EZ17: QC Not Requested | FA17: 46006 | FB17: 1 | FC17: David Hasty | FD17: Ramon Estrada, Shane Watson | FE17: 46006 | FG17: Issue Still in Process | FH17: Issiah Havens - @hstakhurskyi@jwmcd.com @jdavis@jwmcd.com PROGRAMMED | FI17: 1010 | FK17: Marc Ribar | FL17: Hennadii Stakhurskyi | FM17: Denis Usatenko | FN17: 24051-FS50 In-House | FP17: 2025, Week 51
A18: 17 | B18: 24051-FS50C | D18: TN Titans Stadium | E18: 1 Titans Way Nashville, TN 37213 | F18: Marc Ribar | G18: 360.798.3603 | H18: 400 | J18: EVERY CRATE REQUIRES REVEALS | K18: EAST LEVEL 200 COPING | L18: * SKETCHES * CUT LIST * EXTRUSION TIGER SAW LIST * COLOR LABELS | M18: 2 SETS - INSTALL DRAWINGS 200 LF - 1 5/8" REVEALS TO MATCH 50 pcs - Corner Clips 100 pcs﻿ - Color Matched Screws | N18: Q:\Jobs\24051 - TN Titans Stadium\04_Production\24051FS50C | O18: 0.56310982 | P18: 10850 | Q18: 19268 | R18: 24 | S18: 24 | T18: 2 | U18: 168 | V18: 200 | W18: 3 | X18: 02:29:59 | Y18: 4MM FR CORE TOB BLACK 62 X 196 FR ACM, No Grain | Z18: FR ACM | AA18: 4MM FR CORE TOB BLACK 62 X 196 | AB18: No | AE18: 56 | AF18: -91 | AG18: Unassigned | AH18: Denis Usatenko | AI18: Hennadii Stakhurskyi | AJ18: Hennadii Stakhurskyi | AK18: Hennadii Stakhurskyi | AL18: Hennadii Stakhurskyi | AM18: Denis Usatenko | AN18: Hennadii Stakhurskyi | AP18: Arnold Jurado, Issiah Havens | AS18: TRUE | AU18: Hennadii Stakhurskyi | AV18: 45946.667 | AX18: 45985 | AY18: 45979 | BA18: 46002 | BC18: 46006 | BE18: 46006 | BH18: YES | BI18: 1000 | BO18: MATCH COLOR | BP18: YES | BQ18: Approved | BR18: NO | BT18: NO | BV18: NO | CC18: RTS Titans | CD18: TRUE | CE18: TRUE | CF18: TRUE | CG18: AXYZ Titans Line | DB18: TRUE | DC18: TRUE | DF18: 24051 | DG18: FS | DI18: 50C | DK18: 0 | DL18: 24051-FS231 | DQ18: No Hold | DU18: No Hold | DY18: No Hold | EC18: No Hold | ED18: No Hold | EE18: 4 | EF18: 40 | EQ18: In House | ET18: AXYZ | EU18: AXYZ Titans Line Clean and Brake Fab | EV18: 45979 | EW18: 45979 | EX18: 1 | EZ18: QC Not Requested | FA18: 46006 | FB18: 1 | FC18: David Hasty | FD18: Ramon Estrada, Shane Watson | FE18: 46006 | FG18: Issue Still in Process | FH18: Issiah Havens - @hstakhurskyi@jwmcd.com @jdavis@jwmcd.com PROGRAMMED | FI18: 1010 | FK18: Marc Ribar | FL18: Hennadii Stakhurskyi | FM18: Denis Usatenko | FN18: 24051-FS50C In-House | FP18: 2025, Week 51
A19: 18 | B19: 24051-FS51 | D19: TN Titans Stadium | E19: 1 Titans Way Nashville, TN 37213 | F19: Marc Ribar | G19: 360.798.3603 | H19: 400 | J19: EVERY CRATE REQUIRES REVEALS EVERY CRATE REQUIRES PR2 | K19: EAST LEVEL 300 | L19: * SKETCHES * CUT LIST * EXTRUSION TIGER SAW LIST * COLOR LABELS | M19: 2 SETS - INSTALL DRAWINGS 700 LF - 1 5/8" REVEALS TO MATCH 500 LF - 1 1/8" REVEALS TO MATCH 200 LF - PR2 500 pcs - Corner Clips 1000 pcs﻿ - Color Matched Screws | N19: Q:\Jobs\24051 - TN Titans Stadium\04_Production\24051FS51 | O19: 0.56933776 | P19: 10970 | Q19: 19268 | R19: 120 | S19: 120 | T19: 9 | U19: 825 | V19: 1200 | W19: 34 | X19: 16:19:31 | Y19: 4M X 62" X 196", TOB BLACK FR ACM, No Grain | Z19: FR ACM | AA19: 4M X 62" X 196", TOB BLACK | AB19: No | AE19: 61 | AF19: -73 | AG19: Unassigned | AH19: Denis Usatenko | AI19: Hennadii Stakhurskyi | AJ19: Hennadii Stakhurskyi | AK19: Hennadii Stakhurskyi | AL19: Hennadii Stakhurskyi | AM19: Denis Usatenko | AN19: Hennadii Stakhurskyi | AP19: Arnold Jurado, Issiah Havens | AS19: TRUE | AU19: Hennadii Stakhurskyi | AV19: 45951.434 | AX19: 46009 | AY19: 45979 | BA19: 46028 | BC19: 46030 | BE19: 46030 | BH19: YES | BI19: 1000 | BO19: MATCH COLOR | BP19: YES | BQ19: Approved | BR19: NO | BT19: NO | BV19: NO | CC19: RTS Titans | CD19: TRUE | CE19: TRUE | CF19: TRUE | CG19: AXYZ Titans Line | DB19: TRUE | DC19: TRUE | DF19: 24051 | DG19: FS | DI19: 51 | DK19: 51 | DL19: 24051-FS231 | DQ19: No Hold | DU19: No Hold | DY19: No Hold | EC19: No Hold | ED19: No Hold | EE19: 8 | EF19: 200 | EQ19: In House | ET19: AXYZ | EU19: AXYZ Titans Line Clean and Brake Fab | EV19: 45979 | EW19: 45979 | EX19: 1 | EZ19: QC Not Requested | FA19: 46025 | FB19: 4 | FC19: David Hasty | FD19: Ramon Estrada, Shane Watson | FE19: 46030 | FG19: Issue Still in Process | FH19: Issiah Havens - @hstakhurskyi@jwmcd.com @jdavis@jwmcd.com PROGRAMMED | FI19: 1010 | FK19: Marc Ribar | FL19: Hennadii Stakhurskyi | FM19: Denis Usatenko | FN19: 24051-FS51 In-House | FP19: 2026, Week 02
A20: 19 | B20: 24051-FS51C | D20: TN Titans Stadium | E20: 1 Titans Way Nashville, TN 37213 | F20: Marc Ribar | G20: 360.798.3603 | H20: 400 | J20: EVERY CRATE REQUIRES REVEALS | K20: EAST LEVEL 300 COPING | L20: * SKETCHES * CUT LIST * EXTRUSION TIGER SAW LIST * COLOR LABELS | M20: 2 SETS - INSTALL DRAWINGS 250 LF - 1 5/8" REVEALS TO MATCH 175 pcs - Corner Clips 350 pcs﻿ - Color Matched Screws | N20: Q:\Jobs\24051 - TN Titans Stadium\04_Production\24051FS51C | O20: 0.57141374 | P20: 11010 | Q20: 19268 | R20: 40 | S20: 40 | T20: 3 | U20: 280 | V20: 250 | W20: 4 | X20: 04:05:04 | Y20: 4mm X 62" X 196", TOB BLACK FR ACM, No Grain | Z20: FR ACM | AA20: 4mm X 62" X 196", TOB BLACK | AB20: No | AE20: 59 | AF20: -75 | AG20: Unassigned | AH20: Denis Usatenko | AI20: Hennadii Stakhurskyi | AJ20: Hennadii Stakhurskyi | AK20: Hennadii Stakhurskyi | AL20: Hennadii Stakhurskyi | AM20: Denis Usatenko | AN20: Hennadii Stakhurskyi | AP20: Arnold Jurado, Issiah Havens | AS20: TRUE | AU20: Hennadii Stakhurskyi | AV20: 45951.437 | AX20: 46007 | AY20: 45979 | BA20: 46024 | BC20: 46028 | BE20: 46028 | BH20: YES | BI20: 1000 | BO20: MATCH COLOR | BP20: YES | BQ20: Approved | BR20: NO | BT20: NO | BV20: NO | CC20: RTS Titans | CD20: TRUE | CE20: TRUE | CF20: TRUE | CG20: AXYZ Titans Line | DB20: TRUE | DC20: TRUE | DF20: 24051 | DG20: FS | DI20: 51C | DK20: 0 | DL20: 24051-FS231 | DQ20: No Hold | DU20: No Hold | DY20: No Hold | EC20: No Hold | ED20: No Hold | EE20: 4 | EF20: 40 | EQ20: In House | ET20: AXYZ | EU20: AXYZ Titans Line Clean and Brake Fab | EV20: 45979 | EW20: 45979 | EX20: 1 | EZ20: QC Not Requested | FA20: 46025 | FB20: 2 | FC20: David Hasty | FD20: Ramon Estrada, Shane Watson | FE20: 46028 | FG20: Issue Still in Process | FH20: Issiah Havens - @jdavis@jwmcd.com @hstakhurskyi@jwmcd.com PROGRAMMED | FI20: 1010 | FK20: Marc Ribar | FL20: Hennadii Stakhurskyi | FM20: Denis Usatenko | FN20: 24051-FS51C In-House | FP20: 2026, Week 02
A21: 20 | B21: 24051-FS217 | D21: TN Titans Stadium | E21: 1 Titans Way Nashville, TN 37213 | F21: Marc Ribar | G21: 360.798.3603 | H21: 400 | J21: EVERY CRATE REQUIRES REVEALS | K21: REF SHOP DRAWING 4113. EAST ELEVATION ON THE SOUTH SIDE. CL S16 | L21: * SKETCHES * CUT LIST * EXTRUSION TIGER SAW LIST * COLOR LABELS | M21: 2 SETS - INSTALL DRAWINGS 100 LF - 1 5/8" REVEALS TO MATCH 25 pcs - Corner Clips 50 pcs - Color Matched Screws | N21: Q:\Jobs\24051 - TN Titans Stadium\04_Production\24051FS217 | O21: 0.51479136 | P21: 9919 | Q21: 19268 | R21: 12 | S21: 12 | T21: 3 | U21: 84 | V21: 100 | W21: 4 | X21: 01:41:18 | Y21: Alpolic - 4mm - 880 pcs - [62 X 196] - MOONSTONE METALLIC FR ACM, Grain | Z21: FR ACM | AA21: Alpolic - 4mm - 880 pcs - [62 X 196] - MOONSTONE METALLIC | AB21: Yes | AE21: 50 | AF21: -97 | AG21: Unassigned | AH21: Denis Usatenko | AI21: Hennadii Stakhurskyi | AJ21: Hennadii Stakhurskyi | AL21: Hennadii Stakhurskyi | AM21: Denis Usatenko | AN21: Hennadii Stakhurskyi | AP21: Arnold Jurado, Issiah Havens | AS21: TRUE | AU21: Hennadii Stakhurskyi | AV21: 45946.602 | AX21: 45975 | AY21: 45960 | BA21: 45994 | BC21: 45996 | BE21: 45996 | BH21: YES | BI21: 500 | BO21: MATCH COLOR | BP21: YES | BQ21: Approved | BR21: NO | BT21: NO | BV21: NO | CC21: RTS Titans | CD21: TRUE | CE21: TRUE | CF21: TRUE | CG21: AXYZ Titans Line | DB21: TRUE | DC21: TRUE | DF21: 24051 | DG21: FS | DI21: 217 | DK21: 217 | DL21: 24051-FS231 | DQ21: No Hold | DU21: No Hold | DY21: No Hold | EC21: No Hold | ED21: No Hold | EE21: 4 | EF21: 16 | EQ21: In House | ET21: AXYZ | EU21: AXYZ Titans Line Clean and Brake Fab | EV21: 45959 | EW21: 45959 | EX21: 1 | EZ21: QC Not Requested | FA21: 45975 | FB21: 9 | FC21: David Hasty | FD21: Ramon Estrada, Shane Watson | FE21: 45987 | FG21: Issue Still in Process | FH21: Issiah Havens - @jdavis@jwmcd.com @hstakhurskyi@jwmcd.com PROGRAMMED | FI21: 1010 | FK21: Marc Ribar | FL21: Hennadii Stakhurskyi | FM21: Denis Usatenko | FN21: 24051-FS217 In-House | FP21: 2025, Week 49
A22: 21 | B22: 24051-FS218 | D22: TN Titans Stadium | E22: 1 Titans Way Nashville, TN 37213 | F22: Marc Ribar | G22: 360.798.3603 | H22: 400 | J22: EVERY CRATE REQUIRES REVEALS | K22: EAST LEVEL 300 | L22: * SKETCHES * CUT LIST * EXTRUSION TIGER SAW LIST * COLOR LABELS | M22: 2 SETS - INSTALL DRAWINGS 600 LF - 1 5/8" REVEALS TO MATCH 590 pcs - Corner Clips 1180 pcs - Color Matched Screws | N22: Q:\Jobs\24051 - TN Titans Stadium\04_Production\24051FS218 | O22: 0.51982562 | P22: 10016 | Q22: 19268 | R22: 97 | S22: 97 | T22: 2 | U22: 970 | V22: 600 | W22: 49 | X22: 18:13:15 | Y22: Alpolic - 4mm - 880 pcs - [62 X 196] - MOONSTONE METALLIC FR ACM, Grain | Z22: FR ACM | AA22: Alpolic - 4mm - 880 pcs - [62 X 196] - MOONSTONE METALLIC | AB22: Yes | AE22: 50 | AF22: -97 | AG22: Unassigned | AH22: Denis Usatenko | AI22: Hennadii Stakhurskyi | AJ22: Hennadii Stakhurskyi | AL22: Hennadii Stakhurskyi | AM22: Denis Usatenko | AN22: Hennadii Stakhurskyi | AP22: Arnold Jurado, Issiah Havens | AS22: TRUE | AU22: Hennadii Stakhurskyi | AV22: 45950.367 | AX22: 45975 | AY22: 45960 | BA22: 45994 | BC22: 45996 | BE22: 45996 | BH22: YES | BI22: 500 | BO22: MATCH COLOR | BP22: YES | BQ22: Approved | BR22: NO | BT22: NO | BV22: NO | CC22: RTS Titans | CD22: TRUE | CE22: TRUE | CF22: TRUE | CG22: AXYZ Titans Line | DB22: TRUE | DC22: TRUE | DF22: 24051 | DG22: FS | DI22: 218 | DK22: 218 | DL22: 24051-FS231 | DQ22: No Hold | DU22: No Hold | DY22: No Hold | EC22: No Hold | ED22: No Hold | EE22: 8 | EF22: 180 | EQ22: In House | ET22: AXYZ | EU22: AXYZ Titans Line Clean and Brake Fab | EV22: 45959 | EW22: 45959 | EX22: 1 | EZ22: QC Not Requested | FA22: 45976 | FB22: 6 | FC22: David Hasty | FD22: Ramon Estrada, Shane Watson | FE22: 45985 | FG22: Issue Still in Process | FH22: Issiah Havens - @hstakhurskyi@jwmcd.com @jdavis@jwmcd.com PROGRAMMED | FI22: 1010 | FK22: Marc Ribar | FL22: Hennadii Stakhurskyi | FM22: Denis Usatenko | FN22: 24051-FS218 In-House | FP22: 2025, Week 49
A23: 22 | B23: 24051-FS219 | D23: TN Titans Stadium | E23: 1 Titans Way Nashville, TN 37213 | F23: Marc Ribar | G23: 360.798.3603 | H23: 400 | J23: EVERY CRATE REQUIRES REVEALS | K23: EAST LEVEL 400 | L23: * SKETCHES * CUT LIST * EXTRUSION TIGER SAW LIST * COLOR LABELS | M23: 2 SETS - INSTALL DRAWINGS 650 LF - 1 5/8" REVEALS TO MATCH 660 pcs - Corner Clips 1320 pcs - Color Matched Screws | N23: Q:\Jobs\24051 - TN Titans Stadium\04_Production\24051FS219 | O23: 0.52548267 | P23: 10125 | Q23: 19268 | R23: 109 | S23: 109 | T23: 2 | U23: 1090 | V23: 650 | W23: 55 | X23: 20:28:06 | Y23: Alpolic - 4mm - 880 pcs - [62 X 196] - MOONSTONE METALLIC FR ACM, Grain | Z23: FR ACM | AA23: Alpolic - 4mm - 880 pcs - [62 X 196] - MOONSTONE METALLIC | AB23: Yes | AE23: 49 | AF23: -99 | AG23: Unassigned | AH23: Denis Usatenko | AI23: Hennadii Stakhurskyi | AJ23: Hennadii Stakhurskyi | AL23: Hennadii Stakhurskyi | AM23: Denis Usatenko | AN23: Hennadii Stakhurskyi | AP23: Arnold Jurado, Issiah Havens | AS23: TRUE | AU23: Hennadii Stakhurskyi | AV23: 45951.636 | AX23: 45973 | AY23: 45960 | BA23: 45992 | BC23: 45994 | BE23: 45994 | BH23: YES | BI23: 500 | BO23: MATCH COLOR | BP23: YES | BQ23: Approved | BR23: NO | BT23: NO | BV23: NO | CC23: RTS Titans | CD23: TRUE | CE23: TRUE | CF23: TRUE | CG23: AXYZ Titans Line | DB23: TRUE | DC23: TRUE | DF23: 24051 | DG23: FS | DI23: 219 | DK23: 219 | DL23: 24051-FS231 | DQ23: No Hold | DU23: No Hold | DY23: No Hold | EC23: No Hold | ED23: No Hold | EE23: 12 | EF23: 300 | EQ23: In House | ET23: AXYZ | EU23: AXYZ Titans Line Clean and Brake Fab | EV23: 45959 | EW23: 45959 | EX23: 1 | EZ23: QC Not Requested | FA23: 45996 | FB23: 2 | FC23: David Hasty | FD23: Ramon Estrada, Shane Watson | FE23: 45999 | FG23: Issue Still in Process | FH23: Issiah Havens - @hstakhurskyi@jwmcd.com @jdavis@jwmcd.com PROGRAMMED | FI23: 1010 | FK23: Marc Ribar | FL23: Hennadii Stakhurskyi | FM23: Denis Usatenko | FN23: 24051-FS219 In-House | FP23: 2025, Week 49
A24: 23 | B24: 24051-FS221 | D24: TN Titans Stadium | E24: 1 Titans Way Nashville, TN 37213 | F24: Marc Ribar | G24: 360.798.3603 | H24: 400 | K24: Moonstone panels for sheet 6110 install right to left | L24: * SKETCHES * CUT LIST * EXTRUSION TIGER SAW LIST * COLOR LABELS | M24: * 2 SETS - INSTALL DRAWINGS * (75 LF) 1-5/8" Reveals | N24: Q:\Jobs\24051 - TN Titans Stadium\04_Production\24051FS221 | O24: 0.65881254 | P24: 12694 | Q24: 19268 | R24: 13 | S24: 13 | T24: 3 | U24: 91 | V24: 55 | W24: 5 | X24: 01:53:04 | Y24: 4mm X 62" X 196", moonstone metallic FR ACM, Grain | Z24: FR ACM | AA24: 4mm X 62" X 196", moonstone metallic | AB24: Yes | AE24: 75 | AF24: -46 | AG24: Unassigned | AH24: Denis Usatenko | AI24: Hennadii Stakhurskyi | AJ24: Hennadii Stakhurskyi | AL24: Hennadii Stakhurskyi | AM24: Denis Usatenko | AN24: Ailen Niedfeld | AP24: Arnold Jurado, Issiah Havens | AS24: TRUE | AU24: Ailen Niedfeld | AV24: 46010.47 | AX24: 46041 | AY24: 46049 | AZ24: TRUE | BA24: 46065 | BC24: 46062 | BE24: 46062 | BH24: YES | BI24: 200 | BO24: MATCH COLOR | BP24: YES | BQ24: Approved | BR24: NO | BT24: NO | BV24: NO | CC24: RTS Titans | CE24: TRUE | CF24: TRUE | CG24: AXYZ Titans Line | DB24: TRUE | DC24: TRUE | DF24: 24051 | DG24: FS | DI24: 221 | DK24: 221 | DL24: 24051-FS231 | DQ24: No Hold | DU24: No Hold | DY24: No Hold | EC24: No Hold | ED24: No Hold | EE24: 8 | EF24: 16 | EQ24: In House | ET24: AXYZ | EU24: AXYZ Titans Line Clean and Brake Fab | EV24: 46045 | EW24: 46049 | EX24: 3 | EZ24: QC Not Requested | FA24: 46080 | FB24: 1 | FC24: David Hasty | FD24: Ramon Estrada, Shane Watson | FE24: 46081 | FG24: Issue Still in Process | FH24: Issiah Havens - @jdavis@jwmcd.com PROGRAMMED. @aniedfeld@jwmcd.com please print all programming documents in the "PROGRAMMING DOCS" folder | FI24: 1010 | FK24: Marc Ribar | FL24: Hennadii Stakhurskyi | FM24: Denis Usatenko | FN24: 24051-FS221 In-House | FO24: TRUE | FP24: 2026, Week 07
A25: 24 | B25: 24051-FS223 | D25: TN Titans Stadium | E25: 1 Titans Way Nashville, TN 37213 | F25: Marc Ribar | G25: 360.798.3603 | H25: 400 | K25: LEVEL 50 NORTH ELEVATION | L25: * SKETCHES * CUT LIST * EXTRUSION TIGER SAW LIST * COLOR LABELS | M25: * 2 SETS - INSTALL DRAWINGS * (500 LF) 1-5/8" Reveals * (100 LF) 1-1/8" Reveals * (20 LF) JR-Extended * (24 pcs) 2' - 0" x 2' - 0" x 1-5/8" Corner reveals | N25: Q:\Jobs\24051 - TN Titans Stadium\04_Production\24051FS223 | O25: 0.75467096 | P25: 14541 | Q25: 19268 | R25: 44 | S25: 90 | T25: 59 | U25: 387 | V25: 700 | W25: 23 | X25: 08:01:00 | Y25: 4mm X 62" X 196", MOONSTONE METALLIC FR ACM, Grain | Z25: FR ACM | AA25: 4mm X 62" X 196", MOONSTONE METALLIC | AB25: Yes | AE25: 2 | AF25: -6 | AG25: Corey Howse | AH25: Denis Usatenko | AI25: Hennadii Stakhurskyi | AJ25: Hennadii Stakhurskyi | AL25: Hennadii Stakhurskyi | AM25: Denis Usatenko | AN25: Hennadii Stakhurskyi | AP25: Arnold Jurado, Issiah Havens | AS25: TRUE | AU25: Hennadii Stakhurskyi | AV25: 46055.457 | AX25: 46076 | AY25: 46105 | AZ25: TRUE | BA25: 46121 | BC25: 46097 | BE25: 46097 | BH25: YES | BI25: 500 | BO25: MATCH COLOR | BP25: YES | BQ25: Approved | BR25: NO | BT25: NO | BV25: NO | CC25: Clean and Brake | CD25: TRUE | CE25: TRUE | CF25: TRUE | CG25: AXYZ Titans Line | DB25: TRUE | DC25: TRUE | DF25: 24051 | DG25: FS | DI25: 223 | DK25: 223 | DL25: 24051-FS231 | DQ25: No Hold | DU25: No Hold | DY25: No Hold | EC25: No Hold | ED25: No Hold | EE25: 12 | EF25: 40 | EQ25: In House | ET25: AXYZ | EU25: AXYZ Titans Line Clean and Brake Fab | EV25: 46105 | EW25: 46105 | EX25: 1 | EZ25: Issue Still In Process | FB25: Issue Still In Process | FC25: David Hasty | FD25: Ramon Estrada, Shane Watson | FG25: Issue Still in Process | FH25: Issiah Havens - @dusatenko@jwmcd.com @jdavis@jwmcd.com programmed | FI25: 1010 | FK25: Marc Ribar | FL25: Hennadii Stakhurskyi | FM25: Denis Usatenko | FN25: 24051-FS223 In-House | FP25: 2026, Week 12
A26: 25 | B26: 24051-FS224 | D26: TN Titans Stadium | E26: 1 Titans Way Nashville, TN 37213 | F26: Marc Ribar | G26: 360.798.3603 | H26: 400 | J26: NORTH FIELD MEASURES | L26: * SKETCHES * CUT LIST * EXTRUSION TIGER SAW LIST * COLOR LABELS | M26: * 2 SETS - INSTALL DRAWINGS * (8 LF) JR2 | N26: Q:\Jobs\24051 - TN Titans Stadium\04_Production\24051FS224 | O26: 0.75477476 | P26: 14543 | Q26: 19268 | R26: 2 | S26: 2 | T26: 2 | U26: 16 | V26: 0 | W26: 1 | X26: 00:17:51 | Y26: 4mm X 62" X 196", MOONSTONE METALLIC FR ACM, Grain | Z26: FR ACM | AA26: 4mm X 62" X 196", MOONSTONE METALLIC | AB26: Yes | AE26: 101 | AF26: -6 | AG26: Unassigned | AH26: Denis Usatenko | AI26: Hennadii Stakhurskyi | AJ26: Hennadii Stakhurskyi | AL26: Hennadii Stakhurskyi | AM26: Denis Usatenko | AN26: Hennadii Stakhurskyi | AP26: Arnold Jurado, Issiah Havens | AS26: TRUE | AU26: Hennadii Stakhurskyi | AV26: 46058.48 | AW26: TRUE | AX26: 46079 | AY26: 46105 | AZ26: TRUE | BA26: 46121 | BC26: 46097 | BE26: 46097 | BH26: YES | BI26: 500 | BO26: MATCH COLOR | BP26: YES | BQ26: Approved | BR26: NO | BT26: NO | BV26: NO | CC26: RTS Titans | CD26: TRUE | CE26: TRUE | CF26: TRUE | CG26: AXYZ Titans Line | DB26: TRUE | DC26: TRUE | DF26: 24051 | DG26: FS | DI26: 224 | DK26: 224 | DL26: 24051-FS231 | DQ26: No Hold | DU26: No Hold | DY26: No Hold | EC26: No Hold | ED26: No Hold | EE26: 2 | EF26: 4 | EQ26: In House | ET26: AXYZ | EU26: AXYZ Titans Line Clean and Brake Fab | EV26: 46105 | EW26: 46105 | EX26: 1 | EZ26: QC Not Requested | FA26: 46108 | FB26: 7 | FC26: David Hasty | FD26: Ramon Estrada, Shane Watson | FE26: 46118 | FG26: Issue Still in Process | FH26: Issiah Havens - @dusatenko@jwmcd.com @jdavis@jwmcd.com programmed | FI26: 1010 | FK26: Marc Ribar | FL26: Hennadii Stakhurskyi | FM26: Denis Usatenko | FN26: 24051-FS224 In-House | FP26: 2026, Week 12
A27: 26 | B27: 24051-FS67 | D27: TN Titans Stadium | E27: 1 Titans Way Nashville, TN 37213 | F27: Marc Ribar | G27: 360.798.3603 | H27: 400 | J27: THIS IS WEST ELEVTION LEVEL 00 - 200 FIELD MEASURES. PLEASE NOT THAT THEY ARE PROVIDING FINISHED PANEL SIZES. | L27: * SKETCHES * CUT LIST * EXTRUSION TIGER SAW LIST * COLOR LABELS | M27: * 2 SETS - INSTALL DRAWINGS * (60 LF) 1-5/8" Reveals * (11 LF) JR-EXTENDED * 70 PCS CORNER CLIPS * 162 PCS COLOR MATCHING SCREWS | N27: Q:\Jobs\24051 - TN Titans Stadium\04_Production\24051FS67 | O27: 0.66462529 | P27: 12806 | Q27: 19268 | R27: 14 | S27: 14 | T27: 14 | U27: 138 | V27: 60 | W27: 4 | X27: 01:51:35 | Y27: 4mm X 62" X 196", TOB BLACK FR ACM, No Grain | Z27: FR ACM | AA27: 4mm X 62" X 196", TOB BLACK | AB27: No | AE27: 79 | AF27: -43 | AG27: Unassigned | AH27: Denis Usatenko | AI27: Hennadii Stakhurskyi | AJ27: Hennadii Stakhurskyi | AL27: Hennadii Stakhurskyi | AM27: Denis Usatenko | AN27: Gabriela Herrera | AP27: Arnold Jurado, Issiah Havens | AS27: TRUE | AU27: Gabriela Herrera | AV27: 46007.484 | AW27: TRUE | AX27: 46028 | AY27: 46052 | AZ27: TRUE | BA27: 46070 | BC27: 46041 | BE27: 46041 | BH27: YES | BI27: 1000 | BO27: MATCH COLOR | BP27: YES | BQ27: Approved | BR27: NO | BT27: NO | BV27: NO | CC27: RTS Titans | CD27: TRUE | CE27: TRUE | CF27: TRUE | CG27: AXYZ Titans Line | DB27: TRUE | DC27: TRUE | DF27: 24051 | DG27: FS | DI27: 67 | DK27: 67 | DL27: 24051-FS231 | DQ27: No Hold | DU27: No Hold | DY27: No Hold | EC27: No Hold | ED27: No Hold | EE27: 4 | EF27: 16 | EQ27: In House | ET27: AXYZ | EU27: AXYZ Titans Line Clean and Brake Fab | EV27: 46052 | EW27: 46052 | EX27: 1 | EZ27: QC Not Requested | FA27: 46073 | FB27: 2 | FC27: David Hasty | FD27: Ramon Estrada, Shane Watson | FE27: 46076 | FG27: Issue Still in Process | FH27: Issiah Havens - @gherrera@jwmcd.com @jdavis@jwmcd.com PROGRAMMED | FI27: 1010 | FK27: Marc Ribar | FL27: Hennadii Stakhurskyi | FM27: Denis Usatenko | FN27: 24051-FS67 In-House | FP27: 2026, Week 04
A28: 27 | B28: 24051-FS72 | D28: TN Titans Stadium | E28: 1 Titans Way Nashville, TN 37213 | F28: Marc Ribar | G28: 360.798.3603 | H28: 400 | K28: LEVEL 300 NORTH ELEVATION | L28: * SKETCHES * CUT LIST * EXTRUSION TIGER SAW LIST * COLOR LABELS | M28: * 2 SETS - INSTALL DRAWINGS * (1300 LF) 1-5/8" Reveals * (100 LF) 1-1/8" Reveals﻿ * (120 LF) JR2 | N28: Q:\Jobs\24051 - TN Titans Stadium\04_Production\24051FS72 | O28: 0.67002284 | P28: 12910 | Q28: 19268 | R28: 104 | S28: 104 | T28: 12 | U28: 704 | V28: 1400 | W28: 104 SHEETS | X28: 00d21h07m06s | Y28: 4mm X 62" X 196", TOB BLACK FR ACM, No Grain | Z28: FR ACM | AA28: 4mm X 62" X 196", TOB BLACK | AB28: No | AE28: 81 | AF28: -34 | AG28: Unassigned | AH28: Denis Usatenko | AI28: Hennadii Stakhurskyi | AJ28: Hennadii Stakhurskyi | AL28: Hennadii Stakhurskyi | AM28: Denis Usatenko | AN28: Hennadii Stakhurskyi | AP28: Arnold Jurado, Issiah Havens | AS28: TRUE | AU28: Hennadii Stakhurskyi | AV28: 46009.443 | AX28: 46034 | AY28: 46065 | AZ28: TRUE | BA28: 46083 | BC28: 46055 | BE28: 46055 | BH28: YES | BI28: 1000 | BO28: MATCH COLOR | BP28: YES | BQ28: Approved | BR28: NO | BT28: NO | BV28: NO | CC28: RTS Titans | CD28: TRUE | CE28: TRUE | CF28: TRUE | DB28: TRUE | DC28: TRUE | DF28: 24051 | DG28: FS | DI28: 72 | DK28: 72 | DL28: 24051-FS231 | DQ28: No Hold | DU28: No Hold | DY28: No Hold | EC28: No Hold | ED28: No Hold | EE28: 4 | EF28: 200 | EQ28: In House | ET28: AXYZ | EU28: AXYZ Clean and Brake Fab | EV28: 46064 | EW28: 46065 | EX28: 2 | EZ28: QC Not Requested | FA28: 46085 | FB28: 1 | FC28: David Hasty | FD28: Ramon Estrada, Shane Watson | FE28: 46085 | FG28: Issue Still in Process | FH28: Arnold Jurado - @hstakhurskyi@jwmcd.com @jdavis@jwmcd.com PROGRAMMED | FI28: 1010 | FK28: Marc Ribar | FL28: Hennadii Stakhurskyi | FM28: Denis Usatenko | FN28: 24051-FS72 In-House | FO28: TRUE | FP28: 2026, Week 06
A29: 28 | B29: 24051-FS73 | D29: TN Titans Stadium | E29: 1 Titans Way Nashville, TN 37213 | F29: Marc Ribar | G29: 360.798.3603 | H29: 400 | K29: NORTH LEVEL 50 | L29: * SKETCHES * CUT LIST * EXTRUSION TIGER SAW LIST * COLOR LABELS | M29: * 2 SETS - INSTALL DRAWINGS * ( 750 LF) 1-5/8" Reveals * ( 150 LF) 1-1/8" Reveals * ( 120 LF) JR-EXTENDED | N29: Q:\Jobs\24051 - TN Titans Stadium\04_Production\24051FS73 | O29: 0.6734482 | P29: 12976 | Q29: 19268 | R29: 66 | S29: 66 | T29: 24 | U29: 386 | V29: 900 | W29: 65 SHEETS | X29: 00d12h40m13s | Y29: 4mm X 62" X 196", TOB BLACK FR ACM, No Grain | Z29: FR ACM | AA29: 4mm X 62" X 196", TOB BLACK | AB29: No | AE29: 81 | AF29: -34 | AG29: Unassigned | AH29: Denis Usatenko | AI29: Hennadii Stakhurskyi | AJ29: Hennadii Stakhurskyi | AL29: Hennadii Stakhurskyi | AM29: Denis Usatenko | AN29: Hennadii Stakhurskyi | AP29: Arnold Jurado, Issiah Havens | AS29: TRUE | AU29: Hennadii Stakhurskyi | AV29: 46009.466 | AX29: 46034 | AY29: 46065 | AZ29: TRUE | BA29: 46083 | BC29: 46055 | BE29: 46055 | BH29: YES | BI29: 1000 | BO29: MATCH COLOR | BP29: YES | BQ29: Approved | BR29: NO | BT29: NO | BV29: NO | CC29: RTS Titans | CD29: TRUE | CE29: TRUE | CF29: TRUE | DB29: TRUE | DC29: TRUE | DF29: 24051 | DG29: FS | DI29: 73 | DK29: 73 | DL29: 24051-FS231 | DQ29: No Hold | DU29: No Hold | DY29: No Hold | EC29: No Hold | ED29: No Hold | EE29: 16 | EF29: 120 | EQ29: In House | ET29: AXYZ | EU29: AXYZ Clean and Brake Fab | EV29: 46064 | EW29: 46065 | EX29: 2 | EZ29: QC Not Requested | FA29: 46085 | FB29: 2 | FC29: David Hasty | FD29: Ramon Estrada, Shane Watson | FE29: 46086 | FG29: Issue Still in Process | FH29: Arnold Jurado - @hstakhurskyi@jwmcd.com @jdavis@jwmcd.com PROGRAMMED | FI29: 1010 | FK29: Marc Ribar | FL29: Hennadii Stakhurskyi | FM29: Denis Usatenko | FN29: 24051-FS73 In-House | FP29: 2026, Week 06
A30: 29 | B30: 24051-FS56 | D30: TN Titans Stadium | E30: 1 Titans Way Nashville, TN 37213 | F30: Marc Ribar | G30: 360.798.3603 | H30: 400 | J30: EVERY CRATE REQUIRES REVEALS | K30: EAST LEVEL 400 | L30: * SKETCHES * CUT LIST * EXTRUSION TIGER SAW LIST * COLOR LABELS | M30: * 2 SETS - INSTALL DRAWINGS * 700 LF - 1 1/8" REVEALS TO MATCH * 1300 LF - 1 5/8" REVEALS TO MATCH * 300 pcs - Corner Clips * 600 pcs﻿ - Color Matched Screws | N30: Q:\Jobs\24051 - TN Titans Stadium\04_Production\24051FS56 | O30: 0.59367864 | P30: 11439 | Q30: 19268 | R30: 149 | S30: 149 | T30: 2 | U30: 894 | V30: 2000 | W30: 38 SHEETS | X30: 00d19h23m01s | Y30: 4mm X 62" X 196", TOB BLACK FR ACM, No Grain | Z30: FR ACM | AA30: 4mm X 62" X 196", TOB BLACK | AB30: No | AE30: 67 | AF30: -57 | AG30: Unassigned | AH30: Denis Usatenko | AI30: Hennadii Stakhurskyi | AJ30: Hennadii Stakhurskyi | AL30: Hennadii Stakhurskyi | AM30: Denis Usatenko | AN30: Hennadii Stakhurskyi | AP30: Arnold Jurado, Issiah Havens | AS30: TRUE | AU30: Hennadii Stakhurskyi | AV30: 45951.676 | AX30: 46031 | AY30: 46003 | BA30: 46050 | BC30: 46052 | BE30: 46052 | BH30: YES | BI30: 1000 | BO30: MATCH COLOR | BP30: YES | BQ30: Approved | BR30: NO | BT30: NO | BV30: NO | CC30: RTS Titans | CD30: TRUE | CE30: TRUE | CF30: TRUE | CG30: AXYZ Titans Line | DB30: TRUE | DC30: TRUE | DF30: 24051 | DG30: FS | DI30: 56 | DK30: 56 | DL30: 24051-FS231 | DQ30: No Hold | DU30: No Hold | DY30: No Hold | EC30: No Hold | ED30: No Hold | EE30: 8 | EF30: 300 | EQ30: In House | ET30: AXYZ | EU30: AXYZ Titans Line Clean and Brake Fab | EV30: 46002 | EW30: 46003 | EX30: 2 | EZ30: QC Not Requested | FA30: 46051 | FB30: 2 | FC30: David Hasty | FD30: Ramon Estrada, Shane Watson | FE30: 46052 | FG30: Issue Still in Process | FH30: Arnold Jurado - @hstakhurskyi@jwmcd.com @jdavis@jwmcd.com PROGRAMMED | FI30: 1010 | FK30: Marc Ribar | FL30: Hennadii Stakhurskyi | FM30: Denis Usatenko | FN30: 24051-FS56 In-House | FP30: 2026, Week 05
A31: 30 | B31: 24051-FS56C | D31: TN Titans Stadium | E31: 1 Titans Way Nashville, TN 37213 | F31: Marc Ribar | G31: 360.798.3603 | H31: 400 | J31: EVERY CRATE REQUIRES REVEALS | K31: EAST LEVEL 400 COPING | L31: * SKETCHES * CUT LIST * EXTRUSION TIGER SAW LIST * COLOR LABELS | M31: * 2 SETS - INSTALL DRAWINGS * 800 LF - 1 1/8" REVEALS TO MATCH * 200 LF - 1 5/8" REVEALS TO MATCH * 600 pcs - Corner Clips * 1200 pcs﻿ - Color Matched Screws | N31: Q:\Jobs\24051 - TN Titans Stadium\04_Production\24051FS56C | O31: 0.60141167 | P31: 11588 | Q31: 19268 | R31: 149 | S31: 149 | T31: 2 | U31: 1043 | V31: 1000 | W31: 15 | X31: 15:13:12 | Y31: 4mm X 62" X 196", TOB BLACK FR ACM, No Grain | Z31: FR ACM | AA31: 4mm X 62" X 196", TOB BLACK | AB31: No | AE31: 68 | AF31: -56 | AG31: Unassigned | AH31: Denis Usatenko | AI31: Hennadii Stakhurskyi | AJ31: Hennadii Stakhurskyi | AL31: Hennadii Stakhurskyi | AM31: Denis Usatenko | AN31: Hennadii Stakhurskyi | AP31: Arnold Jurado, Issiah Havens | AS31: TRUE | AU31: Hennadii Stakhurskyi | AV31: 45952.367 | AX31: 46034 | AY31: 46003 | BA31: 46051 | BC31: 46055 | BE31: 46055 | BH31: YES | BI31: 1000 | BO31: MATCH COLOR | BP31: YES | BQ31: Approved | BR31: NO | BT31: NO | BV31: NO | CC31: RTS Titans | CD31: TRUE | CE31: TRUE | CF31: TRUE | CG31: AXYZ Titans Line | DB31: TRUE | DC31: TRUE | DF31: 24051 | DG31: FS | DI31: 56C | DK31: 0 | DL31: 24051-FS231 | DQ31: No Hold | DU31: No Hold | DY31: No Hold | EC31: No Hold | ED31: No Hold | EE31: 4 | EF31: 300 | EQ31: In House | ET31: AXYZ | EU31: AXYZ Titans Line Clean and Brake Fab | EV31: 46002 | EW31: 46003 | EX31: 2 | EZ31: QC Not Requested | FA31: 46055 | FB31: 1 | FC31: David Hasty | FD31: Ramon Estrada, Shane Watson | FE31: 46055 | FG31: Issue Still in Process | FH31: Issiah Havens - @hstakhurskyi@jwmcd.com @jdavis@jwmcd.com PROGRAMMED | FI31: 1010 | FK31: Marc Ribar | FL31: Hennadii Stakhurskyi | FM31: Denis Usatenko | FN31: 24051-FS56C In-House | FP31: 2026, Week 06
A32: 31 | B32: 24051-FS57 | D32: TN Titans Stadium | E32: 1 Titans Way Nashville, TN 37213 | F32: Marc Ribar | G32: 360.798.3603 | H32: 400 | J32: EVERY CRATE REQUIRES REVEALS | K32: EAST LEVEL 700 | L32: * SKETCHES * CUT LIST * EXTRUSION TIGER SAW LIST * COLOR LABELS | M32: * 2 SETS - INSTALL DRAWINGS * 800 LF - 1 5/8" REVEALS TO MATCH * 650 pcs - Corner Clips * 1300 pcs﻿ - Color Matched Screws | N32: Q:\Jobs\24051 - TN Titans Stadium\04_Production\24051FS57 | O32: 0.62756903 | P32: 12092 | Q32: 19268 | R32: 158 | S32: 158 | T32: 2 | U32: 1264 | V32: 800 | W32: 79 | X32: 29:17:45 | Y32: 4mm X 62" X 196", TOB BLACK FR ACM, No Grain | Z32: FR ACM | AA32: 4mm X 62" X 196", TOB BLACK | AB32: No | AE32: 71 | AF32: -48 | AG32: Unassigned | AH32: Denis Usatenko | AI32: Hennadii Stakhurskyi | AJ32: Hennadii Stakhurskyi | AL32: Hennadii Stakhurskyi | AM32: Denis Usatenko | AN32: Hennadii Stakhurskyi | AP32: Arnold Jurado, Issiah Havens | AS32: TRUE | AU32: Hennadii Stakhurskyi | AV32: 45952.433 | AX32: 46044 | AY32: 46009 | BA32: 46063 | BC32: 46065 | BE32: 46065 | BH32: YES | BI32: 1000 | BO32: MATCH COLOR | BP32: YES | BQ32: Approved | BR32: NO | BT32: NO | BV32: NO | CC32: RTS Titans | CD32: TRUE | CE32: TRUE | CF32: TRUE | CG32: AXYZ Titans Line | DB32: TRUE | DC32: TRUE | DF32: 24051 | DG32: FS | DI32: 57 | DK32: 57 | DL32: 24051-FS231 | DQ32: No Hold | DU32: No Hold | DY32: No Hold | EC32: No Hold | ED32: No Hold | EE32: 4 | EF32: 300 | EQ32: In House | ET32: AXYZ | EU32: AXYZ Titans Line Clean and Brake Fab | EV32: 46008 | EW32: 46009 | EX32: 2 | EZ32: QC Not Requested | FA32: 46064 | FB32: 2 | FC32: David Hasty | FD32: Ramon Estrada, Shane Watson | FE32: 46065 | FG32: Issue Still in Process | FH32: Issiah Havens - @hstakhurskyi@jwmcd.com @jdavis@jwmcd.com PROGRAMMED | FI32: 1010 | FK32: Marc Ribar | FL32: Hennadii Stakhurskyi | FM32: Denis Usatenko | FN32: 24051-FS57 In-House | FP32: 2026, Week 07
A33: 32 | B33: 24051-FS58 | D33: TN Titans Stadium | E33: 1 Titans Way Nashville, TN 37213 | F33: Marc Ribar | G33: 360.798.3603 | H33: 400 | J33: * EVERY CRATE REQUIRES REVEALS * EVERY CRATE REQUIRES JR2 | K33: EAST LEVEL 7 | L33: * SKETCHES * CUT LIST * EXTRUSION TIGER SAW LIST * COLOR LABELS | M33: * 2 SETS - INSTALL DRAWINGS * 800 LF - 1 5/8" REVEALS TO MATCH * 250 LF - 1 1/8" REVEALS TO MATCH * 750 LF - JR2 | N33: Q:\Jobs\24051 - TN Titans Stadium\04_Production\24051FS58 | O33: 0.63576915 | P33: 12250 | Q33: 19268 | R33: 158 | S33: 158 | T33: 2 | U33: 726 | V33: 1050 | W33: 15 | X33: 12:08:15 | Y33: 4mm X 62" X 196", TOB BLACK FR ACM, No Grain | Z33: FR ACM | AA33: 4mm X 62" X 196", TOB BLACK | AB33: No | AE33: 70 | AF33: -49 | AG33: Unassigned | AH33: Denis Usatenko | AI33: Hennadii Stakhurskyi | AJ33: Hennadii Stakhurskyi | AL33: Hennadii Stakhurskyi | AM33: Denis Usatenko | AN33: Hennadii Stakhurskyi | AP33: Arnold Jurado, Issiah Havens | AS33: TRUE | AU33: Hennadii Stakhurskyi | AV33: 45952.439 | AX33: 46043 | AY33: 46009 | BA33: 46062 | BC33: 46064 | BE33: 46064 | BH33: YES | BI33: 1000 | BO33: MATCH COLOR | BP33: YES | BQ33: Approved | BR33: NO | BT33: NO | BV33: NO | CC33: RTS Titans | CD33: TRUE | CE33: TRUE | CF33: TRUE | CG33: AXYZ Titans Line | DB33: TRUE | DC33: TRUE | DF33: 24051 | DG33: FS | DI33: 58 | DK33: 58 | DL33: 24051-FS231 | DQ33: No Hold | DU33: No Hold | DY33: No Hold | EC33: No Hold | ED33: No Hold | EE33: 4 | EF33: 300 | EQ33: In House | ET33: AXYZ | EU33: AXYZ Titans Line Clean and Brake Fab | EV33: 46008 | EW33: 46009 | EX33: 2 | EZ33: QC Not Requested | FA33: 46063 | FB33: 2 | FC33: David Hasty | FD33: Ramon Estrada, Shane Watson | FE33: 46064 | FG33: Issue Still in Process | FH33: Issiah Havens - @hstakhurskyi@jwmcd.com @jdavis@jwmcd.com PROGRAMMED | FI33: 1010 | FK33: Marc Ribar | FL33: Hennadii Stakhurskyi | FM33: Denis Usatenko | FN33: 24051-FS58 In-House | FP33: 2026, Week 07
A34: 33 | B34: 24051-FS59 | D34: TN Titans Stadium | E34: 1 Titans Way Nashville, TN 37213 | F34: Marc Ribar | G34: 360.798.3603 | H34: 400 | J34: * EVERY CRATE REQUIRES REVEALS | K34: EAST LEVEL 700 | L34: * SKETCHES * CUT LIST * EXTRUSION TIGER SAW LIST * COLOR LABELS | M34: * 2 SETS - INSTALL DRAWINGS * 1400 LF - 1 5/8" REVEALS TO MATCH * 750 LF - 1 1/8" REVEALS TO MATCH * 170 pcs - Corner Clips * 340 pcs﻿ - Color Matched Screws | N34: Q:\Jobs\24051 - TN Titans Stadium\04_Production\24051FS59 | O34: 0.64396928 | P34: 12408 | Q34: 19268 | R34: 158 | S34: 158 | T34: 2 | U34: 1106 | V34: 2150 | W34: 53 | X34: 23:29:47 | Y34: 4mm X 62" X 196", TOB BLACK FR ACM, No Grain | Z34: FR ACM | AA34: 4mm X 62" X 196", TOB BLACK | AB34: No | AE34: 60 | AF34: -74 | AG34: Unassigned | AH34: Denis Usatenko | AI34: Hennadii Stakhurskyi | AJ34: Hennadii Stakhurskyi | AL34: Hennadii Stakhurskyi | AM34: Denis Usatenko | AN34: Hennadii Stakhurskyi | AP34: Arnold Jurado, Issiah Havens | AS34: TRUE | AU34: Hennadii Stakhurskyi | AV34: 45952.446 | AX34: 46003 | AY34: 46009 | AZ34: TRUE | BA34: 46027 | BC34: 46024 | BE34: 46024 | BH34: YES | BI34: 1000 | BO34: MATCH COLOR | BP34: YES | BQ34: Approved | BR34: NO | BT34: NO | BV34: NO | CC34: RTS Titans | CD34: TRUE | CE34: TRUE | CF34: TRUE | CG34: AXYZ Titans Line | DB34: TRUE | DC34: TRUE | DF34: 24051 | DG34: FS | DI34: 59 | DK34: 59 | DL34: 24051-FS231 | DQ34: No Hold | DU34: No Hold | DY34: No Hold | EC34: No Hold | ED34: No Hold | EE34: 4 | EF34: 300 | EQ34: In House | ET34: AXYZ | EU34: AXYZ Titans Line Clean and Brake Fab | EV34: 46008 | EW34: 46009 | EX34: 2 | EZ34: QC Not Requested | FA34: 46086 | FB34: 1 | FC34: David Hasty | FD34: Ramon Estrada, Shane Watson | FE34: 46086 | FG34: Issue Still in Process | FH34: Issiah Havens - @hstakhurskyi@jwmcd.com @jdavis@jwmcd.com PROGRAMMED | FI34: 1010 | FK34: Marc Ribar | FL34: Hennadii Stakhurskyi | FM34: Denis Usatenko | FN34: 24051-FS59 In-House | FP34: 2026, Week 01
A35: 34 | B35: 24051-FS59C | D35: TN Titans Stadium | E35: 1 Titans Way Nashville, TN 37213 | F35: Marc Ribar | G35: 360.798.3603 | H35: 400 | J35: * EVERY CRATE REQUIRES REVEALS | K35: EAST LEVEL 700 COPING | L35: * SKETCHES * CUT LIST * EXTRUSION TIGER SAW LIST * COLOR LABELS | M35: * 2 SETS - INSTALL DRAWINGS * 900 LF - 1 5/8" REVEALS TO MATCH * 700 pcs - Corner Clips * 1400 pcs﻿ - Color Matched Screws | N35: Q:\Jobs\24051 - TN Titans Stadium\04_Production\24051FS59C | O35: 0.6521694 | P35: 12566 | Q35: 19268 | R35: 158 | S35: 158 | T35: 2 | U35: 1106 | V35: 900 | W35: 32 | X35: 18:55:34 | Y35: 4mm X 62" X 196", TOB BLACK FR ACM, No Grain | Z35: FR ACM | AA35: 4mm X 62" X 196", TOB BLACK | AB35: No | AE35: 75 | AF35: -46 | AG35: Unassigned | AH35: Denis Usatenko | AI35: Hennadii Stakhurskyi | AJ35: Hennadii Stakhurskyi | AL35: Hennadii Stakhurskyi | AM35: Denis Usatenko | AN35: Hennadii Stakhurskyi | AP35: Arnold Jurado, Issiah Havens | AS35: TRUE | AU35: Hennadii Stakhurskyi | AV35: 45952.458 | AX35: 46048 | AY35: 46009 | BA35: 46065 | BC35: 46069 | BE35: 46069 | BH35: YES | BI35: 1000 | BO35: MATCH COLOR | BP35: YES | BQ35: Approved | BR35: NO | BT35: NO | BV35: NO | CC35: RTS Titans | CD35: TRUE | CE35: TRUE | CF35: TRUE | CG35: AXYZ Titans Line | DB35: TRUE | DC35: TRUE | DF35: 24051 | DG35: FS | DI35: 59C | DK35: 0 | DL35: 24051-FS231 | DQ35: No Hold | DU35: No Hold | DY35: No Hold | EC35: No Hold | ED35: No Hold | EE35: 4 | EF35: 300 | EQ35: In House | ET35: AXYZ | EU35: AXYZ Titans Line Clean and Brake Fab | EV35: 46008 | EW35: 46009 | EX35: 2 | EZ35: QC Not Requested | FA35: 46067 | FB35: 1 | FC35: David Hasty | FD35: Ramon Estrada, Shane Watson | FE35: 46069 | FG35: Issue Still in Process | FH35: Issiah Havens - @hstakhurskyi@jwmcd.com @jdavis@jwmcd.com PROGRAMMED | FI35: 1010 | FK35: Marc Ribar | FL35: Hennadii Stakhurskyi | FM35: Denis Usatenko | FN35: 24051-FS59C In-House | FP35: 2026, Week 08
A36: 35 | B36: 24051-FS54 | D36: TN Titans Stadium | E36: 1 Titans Way Nashville, TN 37213 | F36: Marc Ribar | G36: 360.798.3603 | H36: 400 | J36: EVERY CRATE REQUIRES REVEALS ﻿EVERY CRATE REQUIRES JR2 | K36: EAST LEVEL 400 | L36: * SKETCHES * CUT LIST * EXTRUSION TIGER SAW LIST * COLOR LABELS | M36: * 2 SETS - INSTALL DRAWINGS * 600 LF - 1 5/8" REVEALS TO MATCH * 400 LF - 1 1/8" REVEALS TO MATCH * 540 LF - JR2 * 550 pcs - Corner Clips * 1100 pcs﻿ - Color Matched Screws | N36: Q:\Jobs\24051 - TN Titans Stadium\04_Production\24051FS54 | O36: 0.6091447 | P36: 11737 | Q36: 19268 | R36: 149 | S36: 149 | T36: 4 | U36: 1033 | V36: 1000 | W36: 41 | X36: 20:09:33 | Y36: 4mm X 62" X 196", TOP BLACK FR ACM, No Grain | Z36: FR ACM | AA36: 4mm X 62" X 196", TOP BLACK | AB36: No | AE36: 64 | AF36: -64 | AG36: Unassigned | AH36: Denis Usatenko | AI36: Hennadii Stakhurskyi | AJ36: Hennadii Stakhurskyi | AL36: Hennadii Stakhurskyi | AM36: Denis Usatenko | AN36: Hennadii Stakhurskyi | AP36: Arnold Jurado, Issiah Havens | AS36: TRUE | AU36: Hennadii Stakhurskyi | AV36: 45951.661 | AX36: 46022 | AY36: 46003 | BA36: 46041 | BC36: 46043 | BE36: 46043 | BH36: YES | BI36: 1000 | BO36: MATCH COLOR | BP36: YES | BQ36: Approved | BR36: NO | BT36: NO | BV36: NO | CC36: RTS Titans | CD36: TRUE | CE36: TRUE | CF36: TRUE | CG36: AXYZ Titans Line | DB36: TRUE | DC36: TRUE | DF36: 24051 | DG36: FS | DI36: 54 | DK36: 54 | DL36: 24051-FS231 | DQ36: No Hold | DU36: No Hold | DY36: No Hold | EC36: No Hold | ED36: No Hold | EE36: 8 | EF36: 300 | EQ36: In House | ET36: AXYZ | EU36: AXYZ Titans Line Clean and Brake Fab | EV36: 46002 | EW36: 46003 | EX36: 2 | EZ36: QC Not Requested | FA36: 46040 | FB36: 3 | FC36: David Hasty | FD36: Ramon Estrada, Shane Watson | FE36: 46043 | FG36: Issue Still in Process | FH36: Issiah Havens - @hstakhurskyi@jwmcd.com @jdavis@jwmcd.com PROGRAMMED | FI36: 1010 | FK36: Marc Ribar | FL36: Hennadii Stakhurskyi | FM36: Denis Usatenko | FN36: 24051-FS54 In-House | FP36: 2026, Week 04
A37: 36 | B37: 24051-FS55 | D37: TN Titans Stadium | E37: 1 Titans Way Nashville, TN 37213 | F37: Marc Ribar | G37: 360.798.3603 | H37: 400 | J37: EVERY CRATE REQUIRES REVEALS ﻿EVERY CRATE REQUIRES JR2 | K37: EAST LEVEL 400 | L37: * SKETCHES * CUT LIST * EXTRUSION TIGER SAW LIST * COLOR LABELS | M37: * 2 SETS - INSTALL DRAWINGS * 1400 LF - 1 1/8" REVEALS TO MATCH * 250 LF - 1 5/8" REVEALS TO MATCH * 700 LF - JR2 | N37: Q:\Jobs\24051 - TN Titans Stadium\04_Production\24051FS55 | O37: 0.61687772 | P37: 11886 | Q37: 19268 | R37: 149 | S37: 149 | T37: 2 | U37: 771 | V37: 1650 | W37: 10 SHEETS | X37: 00d10h52m51s | Y37: 4mm X 62" X 196", TOB BLACK FR ACM, No Grain | Z37: FR ACM | AA37: 4mm X 62" X 196", TOB BLACK | AB37: No | AE37: 66 | AF37: -63 | AG37: Unassigned | AH37: Denis Usatenko | AI37: Hennadii Stakhurskyi | AJ37: Hennadii Stakhurskyi | AL37: Hennadii Stakhurskyi | AM37: Denis Usatenko | AN37: Hennadii Stakhurskyi | AP37: Arnold Jurado, Issiah Havens | AS37: TRUE | AU37: Hennadii Stakhurskyi | AV37: 45951.665 | AX37: 46023 | AY37: 46003 | BA37: 46042 | BC37: 46044 | BE37: 46044 | BH37: YES | BI37: 1000 | BO37: MATCH COLOR | BP37: YES | BQ37: Approved | BR37: NO | BT37: NO | BV37: NO | CC37: RTS Titans | CD37: TRUE | CE37: TRUE | CF37: TRUE | CG37: AXYZ Titans Line | DB37: TRUE | DC37: TRUE | DF37: 24051 | DG37: FS | DI37: 55 | DK37: 55 | DL37: 24051-FS231 | DQ37: No Hold | DU37: No Hold | DY37: No Hold | EC37: No Hold | ED37: No Hold | EE37: 8 | EF37: 300 | EQ37: In House | ET37: AXYZ | EU37: AXYZ Titans Line Clean and Brake Fab | EV37: 46002 | EW37: 46003 | EX37: 2 | EZ37: QC Not Requested | FA37: 46043 | FB37: 2 | FC37: David Hasty | FD37: Ramon Estrada, Shane Watson | FE37: 46044 | FG37: Issue Still in Process | FH37: Arnold Jurado - @hstakhurskyi@jwmcd.com @jdavis@jwmcd.com PROGRAMMED | FI37: 1010 | FK37: Marc Ribar | FL37: Hennadii Stakhurskyi | FM37: Denis Usatenko | FN37: 24051-FS55 In-House | FP37: 2026, Week 04
A38: 37 | B38: 24051-FS29 | D38: TN Titans Stadium | E38: 1 Titans Way Nashville, TN 37213 | F38: Marc Ribar | G38: 360.798.3603 | H38: 400 | K38: NORTH LEVEL 4 INSTALL RIGHT TO LEFT | N38: Q:\Jobs\24051 - TN Titans Stadium\04_Production\24051FS29 | O38: 0.35390284 | P38: 6819 | Q38: 19268 | R38: 78 | S38: 78 | T38: 6 | U38: 483 | V38: 900 | W38: 196 X 62 - 17 | X38: 09:45:07 | Y38: 4MM FR CORE TOB BLACK 62 X 196 FR ACM, No Grain | Z38: FR ACM | AA38: 4MM FR CORE TOB BLACK 62 X 196 | AB38: No | AE38: 12 | AF38: -224 | AG38: Unassigned | AH38: Denis Usatenko | AI38: Hennadii Stakhurskyi | AJ38: Hennadii Stakhurskyi | AL38: Hennadii Stakhurskyi | AM38: Denis Usatenko | AN38: Hennadii Stakhurskyi | AP38: Issiah Havens | AS38: TRUE | AU38: Hennadii Stakhurskyi | AV38: 45751.66 | AX38: 45798 | AY38: 45762 | BA38: 45817 | BC38: 45819 | BE38: 45819 | BH38: YES | BI38: 1000 | BO38: MATCH COLOR | BP38: YES | BQ38: Approved | BR38: NO | BT38: NO | BV38: NO | CC38: RTS Titans | CD38: TRUE | CE38: TRUE | CF38: TRUE | CG38: AXYZ Titans Line | DB38: TRUE | DC38: TRUE | DF38: 24051 | DG38: FS | DI38: 29 | DK38: 29 | DL38: 24051-FS231 | DQ38: No Hold | DU38: No Hold | DY38: No Hold | EC38: No Hold | ED38: No Hold | EE38: 4 | EF38: 200 | EQ38: In House | ET38: AXYZ | EU38: AXYZ Titans Line Clean and Brake Fab | EV38: 45761 | EW38: 45761 | EX38: 1 | EZ38: QC Not Requested | FA38: 45813 | FB38: 1 | FC38: David Hasty | FD38: Ramon Estrada, Shane Watson | FE38: 45813 | FG38: Issue Still in Process | FH38: Issiah Havens - @hstakhurskyi@jwmcd.com @jdavis@jwmcd.com @tgraves@jwmcd.com Programmed | FI38: 1010 | FK38: Marc Ribar | FL38: Hennadii Stakhurskyi | FM38: Denis Usatenko | FN38: 24051-FS29 In-House | FP38: 2025, Week 24
A39: 38 | B39: 24051-FS29C | D39: TN Titans Stadium | E39: 1 Titans Way Nashville, TN 37213 | F39: Marc Ribar | G39: 360.798.3603 | H39: 400 | K39: COPING FOR LEVEL 400 NORTH | L39: * SKETCHES * CUT LIST * EXTRUSION TIGER SAW LIST * COLOR LABELS | M39: * 2 SETS - INSTALL DRAWINGS * (200 LF) 1-5/8" Reveals | N39: Q:\Jobs\24051 - TN Titans Stadium\04_Production\24051FS29C | O39: 0.74470625 | P39: 14349 | Q39: 19268 | R39: 26 | S39: 26 | T39: 2 | U39: 182 | V39: 200 | W39: 3 SHEETS | X39: 00d02h40m56s | Y39: 4mm X 62" X 196", TOB BLACK FR ACM, No Grain | Z39: FR ACM | AA39: 4mm X 62" X 196", TOB BLACK | AB39: No | AE39: 93 | AF39: -19 | AG39: Unassigned | AH39: Denis Usatenko | AI39: Hennadii Stakhurskyi | AJ39: Hennadii Stakhurskyi | AL39: Hennadii Stakhurskyi | AM39: Denis Usatenko | AN39: Hennadii Stakhurskyi | AP39: Arnold Jurado, Issiah Havens | AS39: TRUE | AU39: Denis Usatenko, Hennadii Stakhurskyi | AV39: 46055.404 | AX39: 46076 | AY39: 46086 | AZ39: TRUE | BA39: 46104 | BC39: 46097 | BE39: 46097 | BH39: YES | BI39: 1000 | BO39: MATCH COLOR | BP39: YES | BQ39: Approved | BR39: NO | BT39: NO | BV39: NO | CC39: RTS Titans | CD39: TRUE | CE39: TRUE | CF39: TRUE | CG39: AXYZ Titans Line | DB39: TRUE | DC39: TRUE | DF39: 24051 | DG39: FS | DI39: 29C | DK39: 0 | DL39: 24051-FS231 | DQ39: No Hold | DU39: No Hold | DY39: No Hold | EC39: No Hold | ED39: No Hold | EE39: 4 | EF39: 40 | EQ39: In House | ET39: AXYZ | EU39: AXYZ Titans Line Clean and Brake Fab | EV39: 46085 | EW39: 46086 | EX39: 2 | EZ39: QC Not Requested | FA39: 46092 | FB39: 2 | FC39: David Hasty | FD39: Ramon Estrada, Shane Watson | FE39: 46093 | FG39: Issue Still in Process | FH39: Arnold Jurado - @dusatenko@jwmcd.com @jdavis@jwmcd.com PROGRAMMED | FI39: 1010 | FK39: Marc Ribar | FL39: Hennadii Stakhurskyi | FM39: Denis Usatenko | FN39: 24051-FS29C In-House | FP39: 2026, Week 12
A40: 39 | B40: 24051-FS30 | D40: TN Titans Stadium | E40: 1 Titans Way Nashville, TN 37213 | F40: Marc Ribar | G40: 360.798.3603 | H40: 400 | K40: NORTH LEVEL 400 INSTALL DIRECTION RIGHT TO LEFT | N40: Q:\Jobs\24051 - TN Titans Stadium\04_Production\24051FS30 | O40: 0.36054598 | P40: 6947 | Q40: 19268 | R40: 128 | S40: 128 | T40: 2 | U40: 768 | V40: 1600 | W40: 196 X 62 - 32 | X40: 16:28:28 | Y40: 4MM FR CORE TOB BLACK 62 X 196 FR ACM, No Grain | Z40: FR ACM | AA40: 4MM FR CORE TOB BLACK 62 X 196 | AB40: No | AE40: 12 | AF40: -224 | AG40: Unassigned | AH40: Denis Usatenko | AI40: Hennadii Stakhurskyi | AJ40: Hennadii Stakhurskyi | AL40: Hennadii Stakhurskyi | AM40: Denis Usatenko | AN40: Hennadii Stakhurskyi | AP40: Issiah Havens | AS40: TRUE | AU40: Hennadii Stakhurskyi | AV40: 45754.384 | AX40: 45798 | AY40: 45762 | BA40: 45817 | BC40: 45819 | BE40: 45819 | BH40: YES | BI40: 1000 | BO40: MATCH COLOR | BP40: YES | BQ40: Approved | BR40: NO | BT40: NO | BV40: NO | CC40: RTS Titans | CD40: TRUE | CE40: TRUE | CF40: TRUE | CG40: AXYZ Titans Line | DB40: TRUE | DC40: TRUE | DF40: 24051 | DG40: FS | DI40: 30 | DK40: 30 | DL40: 24051-FS231 | DQ40: No Hold | DU40: No Hold | DY40: No Hold | EC40: No Hold | ED40: No Hold | EE40: 4 | EF40: 300 | EQ40: In House | ET40: AXYZ | EU40: AXYZ Titans Line Clean and Brake Fab | EV40: 45761 | EW40: 45761 | EX40: 1 | EZ40: QC Not Requested | FA40: 45813 | FB40: 2 | FC40: David Hasty | FD40: Ramon Estrada, Shane Watson | FE40: 45814 | FG40: Issue Still in Process | FH40: Issiah Havens - @hstakhurskyi@jwmcd.com @jdavis@jwmcd.com @tgraves@jwmcd.com Programmed | FI40: 1010 | FK40: Marc Ribar | FL40: Hennadii Stakhurskyi | FM40: Denis Usatenko | FN40: 24051-FS30 In-House | FP40: 2025, Week 24
A41: 40 | B41: 24051-FS31 | D41: TN Titans Stadium | E41: 1 Titans Way Nashville, TN 37213 | F41: Marc Ribar | G41: 360.798.3603 | H41: 400 | K41: NORTH LEVEL 400 INSTALL RIGHT TO LEFT | N41: Q:\Jobs\24051 - TN Titans Stadium\04_Production\24051FS31 | O41: 0.36718912 | P41: 7075 | Q41: 19268 | R41: 128 | S41: 128 | T41: 2 | U41: 587 | V41: 850 | W41: 196 X 62 - 9 | X41: 09:20:31 | Y41: 4MM FR CORE TOB BLACK 62 X 196 FR ACM, No Grain | Z41: FR ACM | AA41: 4MM FR CORE TOB BLACK 62 X 196 | AB41: No | AE41: 15 | AF41: -223 | AG41: Unassigned | AH41: Denis Usatenko | AI41: Hennadii Stakhurskyi | AJ41: Hennadii Stakhurskyi | AL41: Hennadii Stakhurskyi | AM41: Denis Usatenko | AN41: Hennadii Stakhurskyi | AP41: Issiah Havens | AS41: TRUE | AU41: Hennadii Stakhurskyi | AV41: 45754.386 | AX41: 45799 | AY41: 45762 | BA41: 45818 | BC41: 45820 | BE41: 45820 | BH41: YES | BI41: 1000 | BO41: MATCH COLOR | BP41: YES | BQ41: Approved | BR41: NO | BT41: NO | BV41: NO | CC41: RTS Titans | CD41: TRUE | CE41: TRUE | CF41: TRUE | CG41: AXYZ Titans Line | DB41: TRUE | DC41: TRUE | DF41: 24051 | DG41: FS | DI41: 31 | DK41: 31 | DL41: 24051-FS231 | DQ41: No Hold | DU41: No Hold | DY41: No Hold | EC41: No Hold | ED41: No Hold | EE41: 4 | EF41: 300 | EQ41: In House | ET41: AXYZ | EU41: AXYZ Titans Line Clean and Brake Fab | EV41: 45761 | EW41: 45761 | EX41: 1 | EZ41: QC Not Requested | FA41: 45814 | FB41: 1 | FC41: David Hasty | FD41: Ramon Estrada, Shane Watson | FE41: 45814 | FG41: Issue Still in Process | FH41: Issiah Havens - @hstakhurskyi@jwmcd.com @jdavis@jwmcd.com @tgraves@jwmcd.com Programmed | FI41: 1010 | FK41: Marc Ribar | FL41: Hennadii Stakhurskyi | FM41: Denis Usatenko | FN41: 24051-FS31 In-House | FP41: 2025, Week 24
A42: 41 | B42: 24051-FS32 | D42: TN Titans Stadium | E42: 1 Titans Way Nashville, TN 37213 | F42: Marc Ribar | G42: 360.798.3603 | H42: 400 | K42: NORTH LEVEL 400 INSTALL RIGHT TO LEFT | N42: Q:\Jobs\24051 - TN Titans Stadium\04_Production\24051FS32 | O42: 0.37383226 | P42: 7203 | Q42: 19268 | R42: 128 | S42: 128 | T42: 2 | U42: 1024 | V42: 1200 | W42: 196 X 62 - 43 | X42: 21:41:33 | Y42: 4MM FR CORE TOB BLACK 62 X 196 FR ACM, No Grain | Z42: FR ACM | AA42: 4MM FR CORE TOB BLACK 62 X 196 | AB42: No | AE42: 16 | AF42: -222 | AG42: Unassigned | AH42: Denis Usatenko | AI42: Hennadii Stakhurskyi | AJ42: Hennadii Stakhurskyi | AL42: Hennadii Stakhurskyi | AM42: Denis Usatenko | AN42: Hennadii Stakhurskyi | AP42: Issiah Havens | AS42: TRUE | AU42: Hennadii Stakhurskyi | AV42: 45754.398 | AX42: 45800 | AY42: 45762 | BA42: 45819 | BC42: 45821 | BE42: 45821 | BH42: YES | BI42: 1000 | BO42: MATCH COLOR | BP42: YES | BQ42: Approved | BR42: NO | BT42: NO | BV42: NO | CC42: RTS Titans | CD42: TRUE | CE42: TRUE | CF42: TRUE | CG42: AXYZ Titans Line | DB42: TRUE | DC42: TRUE | DF42: 24051 | DG42: FS | DI42: 32 | DK42: 32 | DL42: 24051-FS231 | DQ42: No Hold | DU42: No Hold | DY42: No Hold | EC42: No Hold | ED42: No Hold | EE42: 4 | EF42: 200 | EQ42: In House | ET42: AXYZ | EU42: AXYZ Titans Line Clean and Brake Fab | EV42: 45761 | EW42: 45761 | EX42: 1 | EZ42: QC Not Requested | FA42: 45814 | FB42: 2 | FC42: David Hasty | FD42: Ramon Estrada, Shane Watson | FE42: 45817 | FG42: Issue Still in Process | FH42: Issiah Havens - @hstakhurskyi@jwmcd.com @jdavis@jwmcd.com @tgraves@jwmcd.com Programmed | FI42: 1010 | FK42: Marc Ribar | FL42: Hennadii Stakhurskyi | FM42: Denis Usatenko | FN42: 24051-FS32 In-House | FP42: 2025, Week 24
A43: 42 | B43: 24051-FS33 | D43: TN Titans Stadium | E43: 1 Titans Way Nashville, TN 37213 | F43: Marc Ribar | G43: 360.798.3603 | H43: 400 | K43: NORTH LEVEL 7 RIGHT TO LEFT INSTALL | N43: Q:\Jobs\24051 - TN Titans Stadium\04_Production\24051FS33 | O43: 0.38218808 | P43: 7364 | Q43: 19268 | R43: 161 | S43: 161 | T43: 2 | U43: 966 | V43: 2100 | W43: 196 X 62 - 54 | X43: 23:37:44 | Y43: 4MM FR CORE TOB BLACK 62 X 196 FR ACM, No Grain | Z43: FR ACM | AA43: 4MM FR CORE TOB BLACK 62 X 196 | AB43: No | AE43: 17 | AF43: -219 | AG43: Unassigned | AH43: Denis Usatenko | AI43: Hennadii Stakhurskyi | AJ43: Hennadii Stakhurskyi | AL43: Hennadii Stakhurskyi | AM43: Denis Usatenko | AN43: Hennadii Stakhurskyi | AP43: Issiah Havens | AS43: TRUE | AU43: Hennadii Stakhurskyi | AV43: 45754.678 | AX43: 45805 | AY43: 45762 | BA43: 45824 | BC43: 45826 | BE43: 45826 | BH43: YES | BI43: 1000 | BO43: MATCH COLOR | BP43: YES | BQ43: Approved | BR43: NO | BT43: NO | BV43: NO | CC43: RTS Titans | CD43: TRUE | CE43: TRUE | CF43: TRUE | CG43: AXYZ Titans Line | DB43: TRUE | DC43: TRUE | DF43: 24051 | DG43: FS | DI43: 33 | DK43: 33 | DL43: 24051-FS231 | DQ43: No Hold | DU43: No Hold | DY43: No Hold | EC43: No Hold | ED43: No Hold | EE43: 4 | EF43: 300 | EQ43: In House | ET43: AXYZ | EU43: AXYZ Titans Line Clean and Brake Fab | EV43: 45761 | EW43: 45762 | EX43: 2 | EZ43: QC Not Requested | FA43: 45818 | FB43: 3 | FC43: David Hasty | FD43: Ramon Estrada, Shane Watson | FE43: 45820 | FG43: Issue Still in Process | FH43: Issiah Havens - @hstakhurskyi@jwmcd.com @jdavis@jwmcd.com @tgraves@jwmcd.com Programmed | FI43: 1010 | FK43: Marc Ribar | FL43: Hennadii Stakhurskyi | FM43: Denis Usatenko | FN43: 24051-FS33 In-House | FP43: 2025, Week 25
A44: 43 | B44: 24051-FS33C | D44: TN Titans Stadium | E44: 1 Titans Way Nashville, TN 37213 | F44: Marc Ribar | G44: 360.798.3603 | H44: 400 | K44: COPING FOR WEST LEVEL 7 - TO SHIP WITH THE BALANCE OF THE AREA PANELS. | N44: Q:\Jobs\24051 - TN Titans Stadium\04_Production\24051FS33C | O44: 0.41856965 | P44: 8065 | Q44: 19268 | R44: 161 | S44: 161 | T44: 2 | U44: 1127 | V44: 800 | W44: 196 X 62 - 33 | X44: 19:30:16 | Y44: 4MM FR CORE TOB BLACK 62 X 196 FR ACM, No Grain | Z44: FR ACM | AA44: 4MM FR CORE TOB BLACK 62 X 196 | AB44: No | AE44: 25 | AF44: -202 | AG44: Unassigned | AH44: Denis Usatenko | AJ44: Hennadii Stakhurskyi | AL44: Hennadii Stakhurskyi | AM44: Denis Usatenko | AN44: Hennadii Stakhurskyi | AP44: Issiah Havens | AS44: TRUE | AU44: Hennadii Stakhurskyi | AV44: 45782.39 | AX44: 45828 | AY44: 45784 | BA44: 45847 | BC44: 45849 | BE44: 45849 | BH44: YES | BI44: 1000 | BO44: MATCH COLOR | BP44: YES | BQ44: Approved | BR44: NO | BT44: NO | BV44: NO | CC44: RTS Titans | CD44: TRUE | CE44: TRUE | CF44: TRUE | CG44: AXYZ Titans Line | DB44: TRUE | DC44: TRUE | DF44: 24051 | DG44: FS | DI44: 33C | DK44: 0 | DL44: 24051-FS231 | DQ44: No Hold | DU44: No Hold | DY44: No Hold | EC44: No Hold | ED44: No Hold | EE44: 8 | EF44: 200 | ET44: AXYZ | EU44: AXYZ Titans Line Clean and Brake Fab | EV44: 45783 | EW44: 45784 | EX44: 2 | EZ44: QC Not Requested | FA44: 45825 | FB44: 2 | FC44: David Hasty | FD44: Ramon Estrada, Shane Watson | FE44: 45826 | FG44: Issue Still in Process | FH44: Issiah Havens - @hstakhurskyi@jwmcd.com @jdavis@jwmcd.com @tgraves@jwmcd.com Programmed, Paneltracker | FI44: 1010 | FK44: Marc Ribar | FL44: Hennadii Stakhurskyi | FM44: Denis Usatenko | FN44: 24051-FS33C In-House | FP44: 2025, Week 28
A45: 44 | B45: 24051-FS34 | D45: TN Titans Stadium | E45: 1 Titans Way Nashville, TN 37213 | F45: Marc Ribar | G45: 360.798.3603 | H45: 400 | K45: NORTH LEVEL 700 INSTALL RIGHT TO LEFT | N45: Q:\Jobs\24051 - TN Titans Stadium\04_Production\24051FS34 | O45: 0.39054391 | P45: 7525 | Q45: 19268 | R45: 161 | S45: 161 | T45: 2 | U45: 734 | V45: 1000 | W45: 196 X 62 - 15 | X45: 12:15:15 | Y45: 4MM FR CORE TOB BLACK 62 X 196 FR ACM, No Grain | Z45: FR ACM | AA45: 4MM FR CORE TOB BLACK 62 X 196 | AB45: No | AE45: 19 | AF45: -218 | AG45: Unassigned | AH45: Denis Usatenko | AI45: Hennadii Stakhurskyi | AJ45: Hennadii Stakhurskyi | AL45: Hennadii Stakhurskyi | AM45: Denis Usatenko | AN45: Hennadii Stakhurskyi | AP45: Issiah Havens | AS45: TRUE | AU45: Hennadii Stakhurskyi | AV45: 45754.679 | AX45: 45806 | AY45: 45762 | BA45: 45825 | BC45: 45827 | BE45: 45827 | BH45: YES | BI45: 1000 | BO45: MATCH COLOR | BP45: YES | BQ45: Approved | BR45: NO | BT45: NO | BV45: NO | CC45: RTS Titans | CD45: TRUE | CE45: TRUE | CF45: TRUE | CG45: AXYZ Titans Line | DB45: TRUE | DC45: TRUE | DF45: 24051 | DG45: FS | DI45: 34 | DK45: 34 | DL45: 24051-FS231 | DQ45: No Hold | DU45: No Hold | DY45: No Hold | EC45: No Hold | ED45: No Hold | EE45: 4 | EF45: 300 | EQ45: In House | ET45: AXYZ | EU45: AXYZ Titans Line Clean and Brake Fab | EV45: 45761 | EW45: 45762 | EX45: 2 | EZ45: QC Not Requested | FA45: 45819 | FB45: 2 | FC45: David Hasty | FD45: Ramon Estrada, Shane Watson | FE45: 45820 | FG45: Issue Still in Process | FH45: Issiah Havens - @hstakhurskyi@jwmcd.com @jdavis@jwmcd.com @tgraves@jwmcd.com Programmed | FI45: 1010 | FK45: Marc Ribar | FL45: Hennadii Stakhurskyi | FM45: Denis Usatenko | FN45: 24051-FS34 In-House | FP45: 2025, Week 25
A46: 45 | B46: 24051-FS35 | D46: TN Titans Stadium | E46: 1 Titans Way Nashville, TN 37213 | F46: Marc Ribar | G46: 360.798.3603 | H46: 400 | K46: NORTH LEVEL 7 INSTALL RIGHT TO LEFT | N46: Q:\Jobs\24051 - TN Titans Stadium\04_Production\24051FS35 | O46: 0.39884783 | P46: 7685 | Q46: 19268 | R46: 160 | S46: 160 | T46: 3 | U46: 1100 | V46: 1400 | W46: 196 X 62 - 43 | X46: 20:52:00 | Y46: 4MM FR CORE TOB BLACK 62 X 196 FR ACM, No Grain | Z46: FR ACM | AA46: 4MM FR CORE TOB BLACK 62 X 196 | AB46: No | AE46: 21 | AF46: -217 | AG46: Unassigned | AH46: Denis Usatenko | AI46: Hennadii Stakhurskyi | AJ46: Hennadii Stakhurskyi | AL46: Hennadii Stakhurskyi | AM46: Denis Usatenko | AN46: Hennadii Stakhurskyi | AP46: Issiah Havens | AS46: TRUE | AU46: Hennadii Stakhurskyi | AV46: 45754.68 | AX46: 45807 | AY46: 45762 | BA46: 45826 | BC46: 45828 | BE46: 45828 | BH46: YES | BI46: 1000 | BO46: MATCH COLOR | BP46: YES | BQ46: Approved | BR46: NO | BT46: NO | BV46: NO | CC46: RTS Titans | CD46: TRUE | CE46: TRUE | CF46: TRUE | CG46: AXYZ Titans Line | DB46: TRUE | DC46: TRUE | DF46: 24051 | DG46: FS | DI46: 35 | DK46: 35 | DL46: 24051-FS231 | DQ46: No Hold | DU46: No Hold | DY46: No Hold | EC46: No Hold | ED46: No Hold | EE46: 4 | EF46: 300 | EQ46: In House | ET46: AXYZ | EU46: AXYZ Titans Line Clean and Brake Fab | EV46: 45761 | EW46: 45762 | EX46: 2 | EZ46: QC Not Requested | FA46: 45820 | FB46: 3 | FC46: David Hasty | FD46: Ramon Estrada, Shane Watson | FE46: 45824 | FG46: Issue Still in Process | FH46: Issiah Havens - @hstakhurskyi@jwmcd.com @jdavis@jwmcd.com @tgraves@jwmcd.com Programmed | FI46: 1010 | FK46: Marc Ribar | FL46: Hennadii Stakhurskyi | FM46: Denis Usatenko | FN46: 24051-FS35 In-House | FP46: 2025, Week 25
A47: 46 | B47: 24051-FS36 | D47: TN Titans Stadium | E47: 1 Titans Way Nashville, TN 37213 | F47: Marc Ribar | G47: 360.798.3603 | H47: 400 | K47: PLEASE NOTE THIS RELEASE IS FIELD PANELS AND THE PERIMETER PANELS WILL BE INSTALLED ONCE THESE ARE IN PLACE WEST LEVEL 00 WINGS | N47: Q:\Jobs\24051 - TN Titans Stadium\04_Production\24051FS36 | O47: 0.43953706 | P47: 8469 | Q47: 19268 | R47: 84 | S47: 84 | T47: 10 | U47: 588 | V47: 1100 | W47: 196 X 62 - 84 | X47: 17:44:16 | Y47: 4MM FR CORE TOB BLACK 62 X 196 FR ACM, No Grain | Z47: FR ACM | AA47: 4MM FR CORE TOB BLACK 62 X 196 | AB47: No | AE47: 31 | AF47: -188 | AG47: Unassigned | AH47: Denis Usatenko | AJ47: Hennadii Stakhurskyi | AL47: Hennadii Stakhurskyi | AM47: Denis Usatenko | AN47: Hennadii Stakhurskyi | AP47: Issiah Havens | AS47: TRUE | AU47: Hennadii Stakhurskyi | AV47: 45812.438 | AX47: 45848 | AY47: 45825 | BA47: 45867 | BC47: 45869 | BE47: 45869 | BH47: YES | BI47: 1000 | BO47: MATCH COLOR | BP47: YES | BQ47: Approved | BR47: NO | BT47: NO | BV47: YES | BW47: Q:\Jobs\24051 - TN Titans Stadium\03_Engineering\03_FS_Issues\01_Calcs\2025-5-27_LOCSHA STADIUM CALC PACKAGE | CC47: RTS Titans | CD47: TRUE | CE47: TRUE | CF47: TRUE | CG47: AXYZ Titans Line | DB47: TRUE | DC47: TRUE | DF47: 24051 | DG47: FS | DI47: 36 | DK47: 36 | DL47: 24051-FS231 | DQ47: No Hold | DU47: No Hold | DY47: No Hold | EC47: No Hold | ED47: No Hold | EE47: 8 | EF47: 40 | EQ47: In House | ET47: AXYZ | EU47: AXYZ Titans Line Clean and Brake Fab | EV47: 45825 | EW47: 45825 | EX47: 1 | EZ47: QC Not Requested | FA47: 45828 | FB47: 3 | FC47: David Hasty | FD47: Ramon Estrada, Shane Watson | FE47: 45832 | FG47: Issue Still in Process | FH47: Issiah Havens - @hstakhurskyi@jwmcd.com @jdavis@jwmcd.com @tgraves@jwmcd.com Programmed, panel tracker | FI47: 1010 | FK47: Marc Ribar | FL47: Hennadii Stakhurskyi | FM47: Denis Usatenko | FN47: 24051-FS36 In-House | FP47: 2025, Week 31
A48: 47 | B48: 24026-BM01 | D48: 1740 Division | E48: 1740 Division St. Nashville, TN 37203 | F48: Chris Buttrey | G48: 615.517.9885 | N48: Q:\Jobs\24026 - 1740 Division\04_Production\24026BM01 | O48: N/A | P48: N/A | Q48: N/A | R48: 0 | S48: 200 | T48: 1 | U48: 0 | V48: 0 | W48: 50 | X48: na | Y48: ASHOP STOCK 48x120x16ga galv Galv Sheet, No Grain | Z48: Galv Sheet | AA48: ASHOP STOCK 48x120x16ga galv | AB48: No | AE48: 30 | AF48: -46 | AG48: Ramon Estrada, Shane Watson | AH48: Denis Usatenko | AL48: Denis Usatenko | AU48: Denis Usatenko | AV48: 45947.628 | AX48: 46058 | AY48: 45950 | BA48: 46065 | BC48: 46069 | BE48: 46069 | BH48: YES | BI48: 100 | CC48: Ready to Ship | CE48: TRUE | CO48: TRUE | CP48: TRUE | DF48: 24026 | DG48: BM | DI48: 01 | DK48: 1 | DL48: 24026-BM01 | DQ48: No Hold | DU48: No Hold | DY48: No Hold | EC48: No Hold | ED48: No Hold | EE48: 2 | EF48: 16 | EQ48: In House | EU48: Cidan Shear | EX48: No Program Requested | EZ48: QC Not Requested | FA48: 45967 | FB48: 2 | FC48: David Hasty | FD48: Ramon Estrada, Shane Watson | FE48: 45968 | FG48: Issue Still in Process | FI48: 1010 | FK48: Chris Buttrey | FL48: Denis Usatenko | FN48: 24026-BM01 In-House | FP48: 2026, Week 08
A49: 48 | B49: 24026-FS01 | D49: 1740 Division | E49: 1740 Division St. Nashville, TN 37203 | F49: Chris Buttrey | G49: 615.517.9885 | H49: 400 CAULK | K49: use 10/502 dimensions have color matched screws if needed | L49: * SKETCHES * CUT LIST * EXTRUSION TIGER SAW LIST * COLOR LABELS | M49: * 2 Sets Install Drawings * ( 150 PCS) PE2N [3" CLIP'S] * ( 10 PCS) PET [3" CLIP'S] * (32 LF) PE1N * * ( 30 pcs) Corner Clips * (60 pcs) Fab Screws | N49: Q:\Jobs\24026 - 1740 Division\04_Production\24026FS01 | O49: 0.059585492 | P49: 23 | Q49: 386 | R49: 23 | S49: 23 | T49: 23 | U49: 259 | V49: 0 | W49: 6 SHEETS | X49: 00d02h30m41s | Y49: 4mm X 62" X 196", MTLC DCX CPPR FR ACM, Grain | Z49: FR ACM | AA49: 4mm X 62" X 196", MTLC DCX CPPR | AB49: Yes | AE49: 1 | AF49: 7 | AG49: Joshua Davis | AH49: Denis Usatenko | AI49: Gabriela Hoyle | AJ49: Denis Usatenko | AK49: Nadira Vlatkovic | AL49: Nadira Vlatkovic | AM49: Hennadii Stakhurskyi | AN49: Nadira Vlatkovic | AP49: Arnold Jurado, Issiah Havens | AS49: TRUE | AU49: Gabriela Herrera, Nadira Vlatkovic | AV49: 46038.454 | AX49: 46118 | AY49: 46120 | AZ49: TRUE | BA49: 46136 | BC49: 46139 | BE49: 46094 | BH49: YES | BI49: 10 | BO49: FAB SCREW | BP49: YES | BQ49: Approved | BR49: YES | BS49: Q:\Jobs\24026 - 1740 Division\03_Engineering\02_FD Docs\FS01 Canopy | BT49: NO | BV49: NO | CC49: AXYZ 34 | CD49: TRUE | CE49: TRUE | CF49: TRUE | CG49: AXYZ Titans Line | DB49: TRUE | DC49: TRUE | DF49: 24026 | DG49: FS | DI49: 01 | DK49: 1 | DL49: 24026-FS01 | DQ49: No Hold | DU49: No Hold | DY49: No Hold | EC49: No Hold | ED49: No Hold | EE49: 24 | EF49: 30 | EQ49: In House | ET49: AXYZ | EU49: AXYZ Titans Line Clean and Brake Fab | EV49: 46120 | EW49: 46120 | EX49: 1 | EZ49: Issue Still In Process | FB49: Issue Still In Process | FC49: David Hasty | FD49: Ramon Estrada, Shane Watson | FG49: Issue Still in Process | FH49: Chris Buttrey - yes, sorry | FI49: 1010 | FK49: Chris Buttrey | FL49: Nadira Vlatkovic | FM49: Hennadii Stakhurskyi | FN49: 24026-FS01 In-House | FP49: 2026, Week 18
A50: 49 | B50: 24051-FS82 | D50: TN Titans Stadium | E50: 1 Titans Way Nashville, TN 37213 | F50: Marc Ribar | G50: 360.798.3603 | H50: 400 | K50: RETURN WALL ON LEVEL 150 NORTH | L50: * SKETCHES * CUT LIST * EXTRUSION TIGER SAW LIST * COLOR LABELS | M50: * 2 SETS - INSTALL DRAWINGS * (30 LF) 1-5/8" Reveals * (20 LF) 1-1/8" Reveals * (6 LF) JR2 * (75 CNT) CS Skrews | N50: Q:\Jobs\24051 - TN Titans Stadium\04_Production\24051FS82 | O50: 0.74875441 | P50: 14427 | Q50: 19268 | R50: 4 | S50: 4 | T50: 4 | U50: 26 | V50: 50 | W50: 68 X 62 - 2 (DROPS) | X50: 00:21:17 | Y50: 4mm X 62" X 196", TOB BLACK FR ACM, No Grain | Z50: FR ACM | AA50: 4mm X 62" X 196", TOB BLACK | AB50: No | AE50: 95 | AF50: -15 | AG50: Unassigned | AH50: Denis Usatenko | AI50: Hennadii Stakhurskyi | AJ50: Hennadii Stakhurskyi | AL50: Hennadii Stakhurskyi | AM50: Denis Usatenko | AN50: Hennadii Stakhurskyi | AP50: Arnold Jurado, Issiah Havens | AS50: TRUE | AU50: Denis Usatenko, Hennadii Stakhurskyi | AV50: 46055.558 | AX50: 46076 | AY50: 46092 | AZ50: TRUE | BA50: 46108 | BC50: 46097 | BE50: 46097 | BH50: YES | BI50: 1000 | BO50: MATCH COLOR | BP50: YES | BQ50: Approved | BR50: NO | BT50: NO | BV50: NO | CC50: RTS Titans | CD50: TRUE | CE50: TRUE | CF50: TRUE | CG50: AXYZ Titans Line | DB50: TRUE | DC50: TRUE | DF50: 24051 | DG50: FS | DI50: 82 | DK50: 82 | DL50: 24051-FS231 | DQ50: No Hold | DU50: No Hold | DY50: No Hold | EC50: No Hold | ED50: No Hold | EE50: 4 | EF50: 8 | EQ50: In House | ET50: AXYZ | EU50: AXYZ Titans Line Clean and Brake Fab | EV50: 46091 | EW50: 46091 | EX50: 1 | EZ50: QC Not Requested | FA50: 46097 | FB50: 2 | FC50: David Hasty | FD50: Ramon Estrada, Shane Watson | FE50: 46098 | FG50: Issue Still in Process | FH50: Issiah Havens - @dusatenko@jwmcd.com @jdavis@jwmcd.com programmed | FI50: 1010 | FK50: Marc Ribar | FL50: Hennadii Stakhurskyi | FM50: Denis Usatenko | FN50: 24051-FS82 In-House | FP50: 2026, Week 12
A51: 50 | B51: 24051-FS83 | D51: TN Titans Stadium | E51: 1 Titans Way Nashville, TN 37213 | F51: Marc Ribar | G51: 360.798.3603 | H51: 400 | J51: LEVEL 150 RETURN WALL SOUTH ELEVATION | K51: The red ones only | L51: * SKETCHES * CUT LIST * EXTRUSION TIGER SAW LIST * COLOR LABELS | M51: * 2 SETS - INSTALL DRAWINGS * (30 LF) 1-5/8" Reveals * (20 LF) 1-1/8" Reveals * (6 LF) JR2 * (75 CNT) CS Skrews | N51: Q:\Jobs\24051 - TN Titans Stadium\04_Production\24051FS83 | O51: 0.74896201 | P51: 14431 | Q51: 19268 | R51: 4 | S51: 4 | T51: 4 | U51: 26 | V51: 50 | W51: 68 X 62 - 3 (DROPS) | X51: 00:26:36 | Y51: 4mm X 62" X 196", TOB BLACK FR ACM, No Grain | Z51: FR ACM | AA51: 4mm X 62" X 196", TOB BLACK | AB51: No | AE51: 95 | AF51: -15 | AG51: Unassigned | AH51: Denis Usatenko | AI51: Hennadii Stakhurskyi | AJ51: Hennadii Stakhurskyi | AL51: Hennadii Stakhurskyi | AM51: Denis Usatenko | AN51: Hennadii Stakhurskyi | AP51: Arnold Jurado, Issiah Havens | AS51: TRUE | AU51: Denis Usatenko | AV51: 46055.559 | AX51: 46076 | AY51: 46092 | AZ51: TRUE | BA51: 46108 | BC51: 46097 | BE51: 46097 | BH51: YES | BI51: 1000 | BO51: MATCH COLOR | BP51: YES | BQ51: Approved | BR51: NO | BT51: NO | BV51: NO | CC51: RTS Titans | CD51: TRUE | CE51: TRUE | CF51: TRUE | CG51: AXYZ Titans Line | DB51: TRUE | DC51: TRUE | DF51: 24051 | DG51: FS | DI51: 83 | DK51: 83 | DL51: 24051-FS231 | DQ51: No Hold | DU51: No Hold | DY51: No Hold | EC51: No Hold | ED51: No Hold | EE51: 4 | EF51: 8 | EQ51: In House | ET51: AXYZ | EU51: AXYZ Titans Line Clean and Brake Fab | EV51: 46091 | EW51: 46091 | EX51: 1 | EZ51: QC Not Requested | FA51: 46097 | FB51: 2 | FC51: David Hasty | FD51: Ramon Estrada, Shane Watson | FE51: 46098 | FG51: Issue Still in Process | FH51: Issiah Havens - @dusatenko@jwmcd.com @jdavis@jwmcd.com programmed | FI51: 1010 | FK51: Marc Ribar | FL51: Hennadii Stakhurskyi | FM51: Denis Usatenko | FN51: 24051-FS83 In-House | FP51: 2026, Week 12
A52: 51 | B52: 24051-FS84 | D52: TN Titans Stadium | E52: 1 Titans Way Nashville, TN 37213 | F52: Marc Ribar | G52: 360.798.3603 | H52: 400 | J52: NORTH FIELD MEASURED PANELS MULTIPLE LEVELS | L52: * SKETCHES * CUT LIST * EXTRUSION TIGER SAW LIST * COLOR LABELS | M52: * 2 SETS - INSTALL DRAWINGS * (160 LF) 1-5/8" Reveals * (100 LF) 1-1/8" Reveals * (32 LF) JR2 * (300 CNT) CS Skrews | N52: Q:\Jobs\24051 - TN Titans Stadium\04_Production\24051FS84 | O52: 0.7502076 | P52: 14455 | Q52: 19268 | R52: 24 | S52: 24 | T52: 24 | U52: 164 | V52: 260 | W52: 68 x 62 in 10 SHEETS 196 x 62 in 3 SHEETS | X52: 00d02h37m08s | Y52: 4mm X 62" X 196", TOB BLACK FR ACM, No Grain | Z52: FR ACM | AA52: 4mm X 62" X 196", TOB BLACK | AB52: No | AE52: 98 | AF52: -14 | AG52: Unassigned | AH52: Denis Usatenko | AI52: Hennadii Stakhurskyi | AJ52: Hennadii Stakhurskyi | AL52: Hennadii Stakhurskyi | AM52: Denis Usatenko | AN52: Hennadii Stakhurskyi | AP52: Arnold Jurado, Issiah Havens | AS52: TRUE | AU52: Denis Usatenko | AV52: 46055.583 | AX52: 46076 | AY52: 46093 | AZ52: TRUE | BA52: 46111 | BC52: 46097 | BE52: 46097 | BH52: YES | BI52: 1000 | BO52: MATCH COLOR | BP52: YES | BQ52: Approved | BR52: NO | BT52: NO | BV52: NO | CC52: RTS Titans | CD52: TRUE | CE52: TRUE | CF52: TRUE | CG52: AXYZ Titans Line | DB52: TRUE | DC52: TRUE | DF52: 24051 | DG52: FS | DI52: 84 | DK52: 84 | DL52: 24051-FS231 | DQ52: No Hold | DU52: No Hold | DY52: No Hold | EC52: No Hold | ED52: No Hold | EE52: 8 | EF52: 40 | EQ52: In House | ET52: AXYZ | EU52: AXYZ Titans Line Clean and Brake Fab | EV52: 46092 | EW52: 46092 | EX52: 1 | EZ52: QC Not Requested | FA52: 46101 | FB52: 1 | FC52: David Hasty | FD52: Ramon Estrada, Shane Watson | FE52: 46102 | FG52: Issue Still in Process | FH52: Arnold Jurado - @dusatenko@jwmcd.com @jdavis@jwmcd.com PROGRAMMED | FI52: 1010 | FK52: Marc Ribar | FL52: Hennadii Stakhurskyi | FM52: Denis Usatenko | FN52: 24051-FS84 In-House | FP52: 2026, Week 12
A53: 52 | B53: 24051-FS85 | D53: TN Titans Stadium | E53: 1 Titans Way Nashville, TN 37213 | F53: Marc Ribar | G53: 360.798.3603 | H53: 400 | K53: SOUTH FIELD MEASURES | L53: * SKETCHES * CUT LIST * EXTRUSION TIGER SAW LIST * COLOR LABELS | M53: * 2 SETS - INSTALL DRAWINGS * (25 LF) 1-5/8" Reveals * (8 LF) JR2 | N53: Q:\Jobs\24051 - TN Titans Stadium\04_Production\24051FS85 | O53: 0.7504152 | P53: 14459 | Q53: 19268 | R53: 4 | S53: 4 | T53: 4 | U53: 38 | V53: 25 | W53: 68 x 62 in 1 SHEET 196 x 62 in 1 SHEET | X53: 00d00h27m57s | Y53: 4mm X 62" X 196", TOB BLACK FR ACM, No Grain | Z53: FR ACM | AA53: 4mm X 62" X 196", TOB BLACK | AB53: No | AE53: 98 | AF53: -14 | AG53: Unassigned | AH53: Denis Usatenko | AI53: Hennadii Stakhurskyi | AJ53: Hennadii Stakhurskyi | AL53: Hennadii Stakhurskyi | AM53: Denis Usatenko | AN53: Hennadii Stakhurskyi | AP53: Arnold Jurado, Issiah Havens | AS53: TRUE | AU53: Denis Usatenko | AV53: 46055.619 | AX53: 46076 | AY53: 46093 | AZ53: TRUE | BA53: 46111 | BC53: 46097 | BE53: 46097 | BH53: YES | BI53: 1000 | BO53: MATCH COLOR | BP53: YES | BQ53: Approved | BR53: NO | BT53: NO | BV53: NO | CC53: RTS Titans | CD53: TRUE | CE53: TRUE | CF53: TRUE | CG53: AXYZ Titans Line | DB53: TRUE | DC53: TRUE | DF53: 24051 | DG53: FS | DI53: 85 | DK53: 85 | DL53: 24051-FS231 | DQ53: No Hold | DU53: No Hold | DY53: No Hold | EC53: No Hold | ED53: No Hold | EE53: 8 | EF53: 8 | EQ53: In House | ET53: AXYZ | EU53: AXYZ Titans Line Clean and Brake Fab | EV53: 46092 | EW53: 46092 | EX53: 1 | EZ53: QC Not Requested | FA53: 46101 | FB53: 2 | FC53: David Hasty | FD53: Ramon Estrada, Shane Watson | FE53: 46104 | FG53: Issue Still in Process | FH53: Arnold Jurado - @dusatenko@jwmcd.com @jdavis@jwmcd.com PROGRAMMED | FI53: 1010 | FK53: Marc Ribar | FL53: Hennadii Stakhurskyi | FM53: Denis Usatenko | FN53: 24051-FS85 In-House | FP53: 2026, Week 12
A54: 53 | B54: 24051-RP11 | D54: TN Titans Stadium | E54: 1 Titans Way Nashville, TN 37213 | F54: Marc Ribar | G54: 360.798.3603 | K54: Peeled polly for inspection | N54: Q:\Jobs\24051 - TN Titans Stadium\04_Production\24051RP11 | O54: 0.48193897 | P54: 9286 | Q54: 19268 | R54: 1 | S54: 1 | T54: 0 | U54: 0 | V54: 0 | W54: 196 X 62 - 1 | X54: 00:12:32 | Y54: 4MM FR CORE MOONSTONE METALLIC 62X196 FR ACM, Grain | Z54: FR ACM | AA54: 4MM FR CORE MOONSTONE 62 X 196 | AB54: Yes | AE54: 34 | AF54: -183 | AG54: Unassigned | AH54: Denis Usatenko | AN54: Paul J Roberts | AO54: TRUE | AP54: Issiah Havens | AU54: Gabriela Herrera | AV54: 45874.264 | AX54: 45874 | AY54: 45874 | BA54: 45874 | BC54: 45883 | BE54: 45883 | BH54: YES | BX54: S4112-2BA02 | BY54: FS215 | BZ54: HUMAN ERROR | CB54: jdavis@jwmcd.com | CC54: RTS Titans | CF54: TRUE | CG54: AXYZ Titans Line | DB54: TRUE | DC54: TRUE | DF54: 24051 | DH54: RP | DI54: 11 | DJ54: -- | DK54: 11 | DL54: 24051-RP58 | DQ54: No Hold | DU54: No Hold | DY54: No Hold | EC54: No Hold | ED54: No Hold | ET54: AXYZ | EU54: AXYZ Titans Line Clean and Brake Fab | EV54: 45874 | EX54: 183 (In Progress) | EZ54: QC Not Requested | FA54: 45878 | FB54: 4 | FC54: David Hasty | FD54: Ramon Estrada, Shane Watson | FE54: 45883 | FG54: 0 | FH54: Issiah Havens - @jdavis@jwmcd.com PROGRAMMED | FI54: 1010 | FK54: Marc Ribar | FN54: 24051-RP11 In-House | FP54: 2025, Week 33
A55: 54 | B55: 24051-RP13 | D55: TN Titans Stadium | E55: 1 Titans Way Nashville, TN 37213 | F55: Marc Ribar | G55: 360.798.3603 | K55: Panels damaged in Alu Bender | N55: Q:\Jobs\24051 - TN Titans Stadium\04_Production\24051RP13 | O55: 0.48629853 | P55: 9370 | Q55: 19268 | R55: 84 | S55: 84 | T55: 10 | U55: 588 | V55: 0 | W55: 196 X 62 - 84 | X55: 17:29:09 | Y55: 4MM FR CORE TOB BLACK 62 X 196 FR ACM, No Grain | AE55: 34 | AF55: -183 | AG55: Unassigned | AH55: Denis Usatenko | AN55: Paul J Roberts | AP55: Issiah Havens | AS55: TRUE | AU55: Hennadii Stakhurskyi | AV55: 45874.282 | AX55: 45874 | AY55: 45874 | BA55: 45874 | BX55: Whole release | BY55: FS36 | BZ55: MACHINE | CB55: jdavis@jwmcd.com | CC55: RTS Titans | CF55: TRUE | CG55: AXYZ Titans Line | DB55: TRUE | DC55: TRUE | DF55: 24051 | DH55: RP | DI55: 13 | DJ55: -- | DK55: 13 | DL55: 24051-RP58 | DQ55: No Hold | DU55: No Hold | DY55: No Hold | EC55: No Hold | ED55: No Hold | ET55: AXYZ | EU55: AXYZ Titans Line Clean and Brake Fab | EV55: 45874 | EW55: 45874 | EX55: 1 | EZ55: QC Not Requested | FA55: 45889 | FB55: 4 | FC55: David Hasty | FD55: Ramon Estrada, Shane Watson | FE55: 45894 | FG55: 0 | FH55: Issiah Havens - @hstakhurskyi@jwmcd.com @jdavis@jwmcd.com PROGRAMMED, SEE NOTES ON MATERIAL SUMMARY REPORT | FI55: 1010 | FK55: Marc Ribar | FN55: 24051-RP13 In-House | FP55: #INVALID DATA TYPE
A56: 55 | B56: 24051-RP14 | D56: TN Titans Stadium | E56: 1 Titans Way Nashville, TN 37213 | F56: Marc Ribar | G56: 360.798.3603 | K56: Panels damaged in Alu Bender | N56: Q:\Jobs\24051 - TN Titans Stadium\04_Production\24051RP14 | O56: 0.48754411 | P56: 9394 | Q56: 19268 | R56: 24 | S56: 24 | T56: 2 | U56: 144 | V56: 0 | W56: 196 X 62 - 8 | X56: 03:20:33 | Y56: 4MM FR CORE TOB BLACK 62 X 196 FR ACM, No Grain | AE56: 34 | AF56: -183 | AG56: Unassigned | AH56: Denis Usatenko | AN56: Paul J Roberts | AP56: Issiah Havens | AS56: TRUE | AU56: Hennadii Stakhurskyi | AV56: 45874.284 | AX56: 45874 | AY56: 45874 | BA56: 45874 | BX56: Whole release | BY56: FS37 | BZ56: MACHINE | CB56: jdavis@jwmcd.com | CC56: RTS Titans | CF56: TRUE | CG56: AXYZ Titans Line | DB56: TRUE | DC56: TRUE | DF56: 24051 | DH56: RP | DI56: 14 | DJ56: -- | DK56: 14 | DL56: 24051-RP58 | DQ56: No Hold | DU56: No Hold | DY56: No Hold | EC56: No Hold | ED56: No Hold | ET56: AXYZ | EU56: AXYZ Titans Line Clean and Brake Fab | EV56: 45874 | EW56: 45874 | EX56: 1 | EZ56: QC Not Requested | FA56: 45891 | FB56: 2 | FC56: David Hasty | FD56: Ramon Estrada, Shane Watson | FE56: 45894 | FG56: 0 | FH56: Issiah Havens - @jdavis@jwmcd.com @hstakhurskyi@jwmcd.com PROGRAMMED, SEE NOTES ON MATERIAL SUMMARY REPORT | FI56: 1010 | FK56: Marc Ribar | FN56: 24051-RP14 In-House | FP56: #INVALID DATA TYPE
A57: 56 | B57: 24051-RP15 | D57: TN Titans Stadium | E57: 1 Titans Way Nashville, TN 37213 | F57: Marc Ribar | G57: 360.798.3603 | K57: Panels damaged in Alu Bender | N57: Q:\Jobs\24051 - TN Titans Stadium\04_Production\24051RP15 | O57: 0.49252647 | P57: 9490 | Q57: 19268 | R57: 96 | S57: 96 | T57: 2 | U57: 576 | V57: 0 | W57: 196 X 62 - 24 | X57: 12:17:45 | Y57: 4MM FR CORE TOB BLACK 62 X 196 FR ACM, No Grain | AE57: 34 | AF57: -183 | AG57: Unassigned | AH57: Denis Usatenko | AN57: Paul J Roberts | AP57: Issiah Havens | AS57: TRUE | AU57: Hennadii Stakhurskyi | AV57: 45874.286 | AX57: 45874 | AY57: 45874 | BA57: 45874 | BX57: Whole release | BY57: FS39 | BZ57: MACHINE | CB57: jdavis@jwmcd.com | CC57: RTS Titans | CF57: TRUE | CG57: AXYZ Titans Line | DB57: TRUE | DC57: TRUE | DF57: 24051 | DH57: RP | DI57: 15 | DJ57: -- | DK57: 15 | DL57: 24051-RP58 | DQ57: No Hold | DU57: No Hold | DY57: No Hold | EC57: No Hold | ED57: No Hold | ET57: AXYZ | EU57: AXYZ Titans Line Clean and Brake Fab | EV57: 45874 | EW57: 45874 | EX57: 1 | EZ57: QC Not Requested | FA57: 45891 | FB57: 1 | FC57: David Hasty | FD57: Ramon Estrada, Shane Watson | FE57: 45891 | FG57: 0 | FH57: Issiah Havens - @hstakhurskyi@jwmcd.com @jdavis@jwmcd.com PROGRAMMED, SEE NOTES ON MATERIAL SUMMARY REPORT | FI57: 1010 | FK57: Marc Ribar | FN57: 24051-RP15 In-House | FP57: #INVALID DATA TYPE
A58: 57 | B58: 24051-RP16 | D58: TN Titans Stadium | E58: 1 Titans Way Nashville, TN 37213 | F58: Marc Ribar | G58: 360.798.3603 | K58: dents and missing panels | N58: Q:\Jobs\24051 - TN Titans Stadium\04_Production\24051RP16 | O58: 0.49278597 | P58: 9495 | Q58: 19268 | R58: 5 | S58: 5 | T58: 4 | U58: 0 | V58: 0 | W58: 196 X 62 - 5 | X58: 00:58:21 | Y58: 4MM FR CORE TOB BLACK 62 X 196 FR ACM, No Grain | AE58: 39 | AF58: -178 | AG58: Unassigned | AH58: Denis Usatenko | AN58: Paul J Roberts | AP58: Arnold Jurado, Issiah Havens | AU58: Gabriela Herrera | AV58: 45881.299 | AX58: 45881 | AY58: 45881 | BA58: 45881 | BC58: 45894 | BE58: 45894 | BX58: E5401-1CA01 E5401-1CA06 E5401-1CA07 X2 E5401-1CA08 | BY58: FS42 | BZ58: MATERIAL DEFECT | CB58: jdavis@jwmcd.com | CC58: RTS Titans | CF58: TRUE | CG58: AXYZ Titans Line | DB58: TRUE | DC58: TRUE | DF58: 24051 | DH58: RP | DI58: 16 | DJ58: -- | DK58: 16 | DL58: 24051-RP58 | DQ58: No Hold | DU58: No Hold | DY58: No Hold | EC58: No Hold | ED58: No Hold | ET58: AXYZ | EU58: AXYZ Titans Line Clean and Brake Fab | EV58: 45881 | EX58: 178 (In Progress) | EZ58: QC Not Requested | FA58: 45890 | FB58: 3 | FC58: David Hasty | FD58: Ramon Estrada, Shane Watson | FE58: 45894 | FG58: 0 | FH58: Issiah Havens - @jdavis@jwmcd.com PROGRAMMED | FI58: 1010 | FK58: Marc Ribar | FN58: 24051-RP16 In-House | FP58: 2025, Week 35
A59: 58 | B59: 25035-FS02.1 | D59: Titans Jabez | E59: 1 Titans Way Nashville, TN 37213 | F59: Marc Ribar | G59: 360.798.3603 | H59: 400 | J59: Reveals for FS02 and 03. | L59: * SKETCH * CUT LIST | N59: Q:\Jobs\25035 - Titans Jabez\04_Production\25035FS02.1 | O59: N/A | P59: N/A | Q59: N/A | R59: 0 | S59: 27 | T59: 2 | U59: 52 | V59: 0 | W59: 1 SHEET | X59: 00d00h18m41s | Y59: 4mm X 62" X 196", TOB BLACK FR ACM, No Grain | Z59: FR ACM | AA59: 4mm X 62" X 196", TOB BLACK | AB59: No | AE59: 80 | AF59: -38 | AG59: Unassigned | AH59: Denis Usatenko | AI59: Hennadii Stakhurskyi | AJ59: Hennadii Stakhurskyi | AL59: Hennadii Stakhurskyi | AM59: Denis Usatenko | AN59: Hennadii Stakhurskyi | AP59: Arnold Jurado, Issiah Havens | AS59: TRUE | AU59: Hennadii Stakhurskyi | AV59: 46038.358 | AW59: TRUE | AX59: 46059 | AY59: 46043 | BA59: 46077 | BC59: 46079 | BE59: 46079 | BH59: YES | BI59: 500 | BO59: MATCH COLOR | BP59: YES | BQ59: Approved | BR59: NO | BT59: NO | BV59: NO | CC59: RTS Titans | CE59: TRUE | CF59: TRUE | CO59: TRUE | DB59: TRUE | DF59: 25035 | DG59: FS | DI59: 02.1 | DK59: 2.1 | DL59: 25035-FS04 | DQ59: No Hold | DU59: No Hold | DY59: No Hold | EC59: No Hold | ED59: No Hold | EE59: 24 | EF59: 600 | EQ59: In House | ET59: AXYZ | EU59: AXYZ Clean and Brake Shear | EV59: 46041 | EW59: 46042 | EX59: 2 | EZ59: QC Not Requested | FA59: 46045 | FB59: 25 | FC59: David Hasty | FD59: Ramon Estrada, Shane Watson | FE59: 46079 | FG59: Issue Still in Process | FH59: Arnold Jurado - @hstakhurskyi@jwmcd.com @jdavis@jwmcd.com PROGRAAMMED | FI59: 1010 | FK59: Marc Ribar | FL59: Hennadii Stakhurskyi | FM59: Denis Usatenko | FN59: 25035-FS02.1 In-House | FO59: TRUE | FP59: 2026, Week 09
A60: 59 | B60: 25035-FS03 | D60: Titans Jabez | E60: 1 Titans Way Nashville, TN 37213 | F60: Marc Ribar | G60: 360.798.3603 | H60: CUSTOM ARCH | J60: MATERRIAL TO BE SHIPPED TO SPECTRUM TO BE PAINTED TOB BLACK. A112 CLIPS & ACM ANGLES ARE TO BE SHIPPED LOOSE WITH THE PANELS TO THE SITE RERFERENCE PO 26436 | K60: THE EXTRUSIONS CAN BE INSTALLED ON THE PANELS AS LONG AS THERE IS NO SILICONE OR ADHEASIVES ON ANY KIND. OTHERWISE, THESE PARTS WILL NEED TO BE APPLIED AFTER THE PANELS ARE PAINTED. | L60: * SKETCHES * CUT LIST * EXTRUSION TIGER SAW LIST * COLOR LABELS | M60: * 2 SETS - INSTALL DRAWINGS * (753LF) JR2 * REVEALS FROM FS02.1 | N60: Q:\Jobs\25035 - Titans Jabez\04_Production\25035FS03 | O60: Unavailable | P60: 613 | R60: 160 | S60: 320 | T60: 8 | U60: 640 | V60: 0 | W60: 39 | X60: 26:11:48 | Y60: .125" X 60" X 144", 3003- Mill Alum Sheet, No Grain | Z60: Alum Sheet | AA60: .125" X 60" X 144", 3003- Mill | AB60: No | AE60: 11 | AF60: -32 | AG60: Ramon Estrada, Shane Watson | AH60: David Hasty | AI60: David Hasty | AJ60: Frank Dean | AK60: David Hasty | AL60: Jonathan Dorsey | AM60: David Hasty | AN60: Jonathan Dorsey | AR60: Chris Gambrel | AS60: TRUE | AV60: 46027.467 | AX60: 46066 | AY60: 46041 | BA60: 46085 | BB60: 46080 | BC60: 46087 | BE60: 46087 | BG60: 46084 | BH60: YES | BI60: 80 | BJ60: 46027 | BK60: TRUE | BL60: Powder Coat | BM60: SPECTRUM 535 Bev Rd. Youngstown, OH 44512 ATTN JARRED RUGGIERI 412-789-4459 | BN60: Coating Ship Back To JWM | BO60: MATCH COLOR | BP60: YES | BQ60: Approved | BR60: NO | BT60: NO | BV60: NO | CC60: Shipped To Painter | CD60: TRUE | CE60: TRUE | CL60: TRUE | CM60: 7000 TruMatic | CU60: TRUE | DB60: TRUE | DC60: TRUE | DF60: 25035 | DG60: FS | DI60: 03 | DK60: 3 | DL60: 25035-FS04 | DQ60: No Hold | DU60: No Hold | DY60: No Hold | EC60: No Hold | ED60: No Hold | EE60: 32 | EF60: 240 | EQ60: In House | ET60: Punch | EU60: 7000 TruMatic Brake Clean and Brake Fab Powder Coat | EV60: 46038 | EW60: 46041 | EX60: 2 | EZ60: QC Not Requested | FA60: 46075 | FB60: 4 | FC60: David Hasty | FD60: Ramon Estrada, Shane Watson | FE60: 46079 | FG60: Issue Still in Process | FH60: Marc Ribar - @gholland@jwmcd.com @jdavis@jwmcd.com @cball@jwmcd.com @tgraves@jwmcd.com THIS RELEASE NEEDS TO GO WITH FS02 TO SPECTRUM FOR COATING WHICH IS READY TO SHIP. BOTH WERE RELEAED AT THE SAME TIME & WE NEED TO GET THIS OUT OF THE SHOP. PLEASE PROVIDE A SHIP DATE. | FI60: 1010 | FK60: Marc Ribar | FL60: Jonathan Dorsey | FM60: David Hasty | FN60: 25035-FS03 In-House | FO60: TRUE | FP60: 2026, Week 010
A61: 60 | B61: 25035-FS04 | D61: Titans Jabez | E61: 1 Titans Way Nashville, TN 37213 | F61: Marc Ribar | G61: 360.798.3603 | H61: 400 | K61: Do all panels not just FD. | L61: * SKETCHES * CUT LIST * EXTRUSION TIGER SAW LIST * COLOR LABELS | M61: * 2 SETS - INSTALL DRAWINGS * ( LF) 1-5/8" Reveals * ( LF) JR2 | R61: 218 | Y61: 4mm X 62" X 196", TOB BLACK FR ACM, No Grain | Z61: FR ACM | AA61: 4mm X 62" X 196", TOB BLACK | AB61: No | AC61: TRUE | AD61: Fortitude | AE61: 1 | AF61: -34 | AG61: Hennadii Stakhurskyi/Fortitude | AH61: Denis Usatenko | AI61: Hennadii Stakhurskyi | AJ61: Hennadii Stakhurskyi | AL61: Hennadii Stakhurskyi | AM61: Denis Usatenko | AN61: Hennadii Stakhurskyi | AP61: Arnold Jurado, Issiah Havens | AU61: Hennadii Stakhurskyi | AV61: 46057.497 | AX61: 46083 | BC61: 46104 | BE61: 46104 | BH61: YES | BI61: 500 | BO61: MATCH COLOR | BP61: YES | BQ61: Approved | BR61: NO | BT61: NO | BV61: NO | CC61: Sketch | CD61: TRUE | CE61: TRUE | CF61: TRUE | CG61: AXYZ Titans Line | DB61: TRUE | DC61: TRUE | DF61: 25035 | DG61: FS | DI61: 04 | DK61: 4 | DL61: 25035-FS04 | DQ61: No Hold | DU61: No Hold | DY61: No Hold | EC61: No Hold | ED61: No Hold | EE61: 24 | EF61: 230 | EQ61: In House | ET61: AXYZ | EU61: AXYZ Titans Line Clean and Brake Fab | EX61: No Program Requested | EZ61: Issue Still In Process | FB61: Issue Still In Process | FC61: David Hasty | FD61: Ramon Estrada, Shane Watson | FG61: Issue Still in Process | FI61: 1010 | FK61: Marc Ribar | FL61: Hennadii Stakhurskyi | FM61: Denis Usatenko | FN61: 25035-FS04 In-House | FP61: 2026, Week 13
A62: 61 | B62: 24082-FL03 | D62: GTN Cable | E62: 1 Meta Loop Gallatin, TN 37066 | F62: Josh McPherson, Nick Akins | N62: \\192.168.2.10\ashop_data\Jobs\24082 - GTN Cable\04_Production\24082FL03 | O62: N/A | P62: N/A | Q62: N/A | R62: 0 | S62: 32 | T62: 2 | U62: 0 | V62: 0 | W62: 12.25 | X62: na | Y62: 22GA. X 48" X 120" Regal Gray Steel Sheet, No Grain | Z62: Steel Sheet | AA62: 22GA. X 48" X 120" Regal Gray | AB62: No | AE62: 3 | AF62: -217 | AG62: Ramon Estrada, Shane Watson | AH62: Denis Usatenko | AN62: Denis Usatenko | AU62: Denis Usatenko | AV62: 45820.456 | AW62: TRUE | AX62: 45828 | AY62: 45820 | AZ62: TRUE | BA62: 45826 | BC62: 45825 | BE62: 45825 | BH62: YES | BI62: 25 | CC62: Ready to Ship | CE62: TRUE | CO62: TRUE | CP62: TRUE | DF62: 24082 | DG62: FL | DI62: 03 | DK62: 3 | DL62: 24082-FL03 | DQ62: No Hold | DU62: No Hold | DY62: No Hold | EC62: No Hold | ED62: No Hold | EE62: 1 | EF62: 4 | EQ62: In House | EU62: Cidan Shear | EX62: No Program Requested | EZ62: QC Not Requested | FA62: 45852 | FB62: 2 | FC62: David Hasty | FD62: Ramon Estrada, Shane Watson | FE62: 45853 | FG62: Issue Still in Process | FI62: 1010 | FK62: Josh McPherson, Nick Akins | FN62: 24082-FL03 In-House | FP62: 2025, Week 25
A63: 62 | B63: 25014-11-ST01 | D63: R&D | E63: Nashville, TN 37218 | F63: TBC | H63: --- | J63: Completed order to be taken to shipping area when finished. This order will be picked up with 25014-11-ST02. Notify Paul Roberts in engineering when complete. | K63: Use smallest drop available to program for 1/8" steel plate. Material thickness may vary slightly if 1/8" is not available. Update material information if thickness changes. | L63: Sketches Programming Files | N63: Q:\Jobs\25014-11 - Pressure Washer Base\Production\25014-11-ST01 | O63: N/A | P63: N/A | Q63: N/A | R63: 0 | S63: 1 | T63: 1 | U63: 0 | V63: 0 | W63: 1 | X63: 00:00:18 | Y63: 1/8" thick, minimum drop Steel Sheet, No Grain | Z63: Steel Sheet | AA63: 1/8" thick, minimum drop | AB63: No | AE63: 19 | AF63: -91 | AG63: Ramon Estrada, Shane Watson | AH63: David Hasty | AL63: Frank Dean | AM63: David Hasty | AN63: Frank Dean | AQ63: Chris Gambrel | AS63: TRUE | AU63: Frank Dean | AV63: 45982.288 | AW63: TRUE | AX63: 46003 | AY63: 45986 | AZ63: TRUE | BA63: 46002 | BC63: 45997 | BE63: 45997 | BH63: YES | BQ63: None Available | BR63: NO | BT63: NO | BV63: NO | CC63: Ready to Ship | CE63: TRUE | CI63: TRUE | CK63: TruLaser 3040 | DF63: 25014-11 | DG63: ST | DI63: 01 | DK63: 1 | DL63: 25014-11-ST02 | DQ63: No Hold | DU63: No Hold | DY63: No Hold | EC63: No Hold | ED63: No Hold | EE63: 2 | EF63: 2 | EQ63: Customer Pick Up | ET63: Flat Laser | EU63: TruLaser 3040 | EV63: 45986 | EW63: 45986 | EX63: 1 | EY63: 45996 | EZ63: 1 | FA63: 45996 | FB63: 1 | FC63: David Hasty | FD63: Ramon Estrada, Shane Watson | FE63: 45997 | FG63: Issue Still in Process | FH63: Chris Gambrel - @fdean@jwmcd.com @dhasty@jwmcd.com flat program completed. | FI63: 1010 | FK63: TBC | FL63: Frank Dean | FM63: David Hasty | FN63: 25014-11-ST01 In-House | FO63: TRUE | FP63: 2025, Week 49
A64: 63 | B64: 25014-11-ST02 | D64: R&D | E64: Nashville, TN 37218 | F64: TBC | H64: --- | J64: Cut materials into 5' sections. Keep drops with cut materials. Completed order to be taken to shipping area when finished. This order will be picked up with 25014-11-ST01. Notify Paul Roberts in engineering when complete. | K64: Materials are in the boneyard, directly across from the shipping department. Measure material thicknesses and update material information to include thickness. Raw material quantities are unknown. Update part quantity to reflect projected total number of parts that will be shipped. Include potential drops in the part quantity. | L64: Sketches Programming Files | N64: Q:\Jobs\25014-11 - Pressure Washer Base\Production\25014-11-ST02 | O64: N/A | P64: N/A | Q64: N/A | R64: 0 | S64: 232 | T64: 3 | U64: 0 | V64: 0 | W64: Tube - 21 sticks @ 25'6" 1 x 1 Angle - 24 sticks @ 20' 1 1/2 x 1 1/2 Angle - 20 sticks @ 20' | X64: 00:39:00 | Y64: 1" X 1" X 1/8" Steel Angle, 1 1/2" X 1 1/2" X 1/4" Steel Angle, 3" X 1.5" X 13ga. wall Steel Tube Alum Tube, No Grain | Z64: Alum Tube | AA64: 1" X 1" X 1/8" Steel Angle, 1 1/2" X 1 1/2" X 1/4" Steel Angle, 3" X 1.5" X 13ga. wall Steel Tube | AB64: No | AE64: 19 | AF64: -91 | AG64: Ramon Estrada, Shane Watson | AH64: David Hasty | AL64: Frank Dean | AM64: David Hasty | AN64: Frank Dean | AQ64: Arnold Jurado | AS64: TRUE | AU64: Frank Dean | AV64: 45982.292 | AW64: TRUE | AX64: 46003 | AY64: 45986 | AZ64: TRUE | BA64: 46002 | BC64: 45997 | BE64: 45997 | BH64: YES | BQ64: None Available | BR64: NO | BT64: NO | BV64: NO | CC64: Ready to Ship | CE64: TRUE | CJ64: TRUE | DF64: 25014-11 | DG64: ST | DI64: 02 | DK64: 2 | DL64: 25014-11-ST02 | DQ64: No Hold | DU64: No Hold | DY64: No Hold | EC64: No Hold | ED64: No Hold | EE64: 2 | EF64: 2 | EQ64: Customer Pick Up | ET64: Tube Laser | EU64: Tube Laser | EV64: 45986 | EW64: 45986 | EX64: 1 | EY64: 45996 | EZ64: 1 | FA64: 45996 | FB64: 1 | FC64: David Hasty | FD64: Ramon Estrada, Shane Watson | FE64: 45997 | FG64: Issue Still in Process | FH64: Issiah Havens - @fdean@jwmcd.com program complete | FI64: 1010 | FK64: TBC | FL64: Frank Dean | FM64: David Hasty | FN64: 25014-11-ST02 In-House | FO64: TRUE | FP64: 2025, Week 49
A65: 64 | B65: 25016-BM201 | D65: Rockdale CJAC | E65: 981 Milstead Avenue NE Conyers, GA 30012 | F65: Dillon Bowman | G65: 518.860.9477 | H65: CUSTOM ARCH | J65: Mock-Up (Girts) (12) 2" Z-Girts | K65: Mock-Up (Girts) (12) 2" Z-Girts | N65: \\jw-vm-ashop\ASHOP_DATA\Jobs\25016 - Rockdale CJAC\04_Production\25016BM201 | O65: 0.97553517 | P65: 319 | Q65: 327 | R65: 12 | S65: 12 | T65: 1 | U65: 0 | V65: 0 | W65: 1 | X65: na | Y65: 16g Galv 48 x 120 Galv Sheet, No Grain | Z65: Galv Sheet | AA65: 16g Galv 48 x 120 | AB65: No | AE65: 14 | AF65: -161 | AG65: Ramon Estrada, Shane Watson | AH65: Denis Usatenko | AL65: Denis Usatenko | AU65: Denis Usatenko | AV65: 45890.373 | AW65: TRUE | AX65: 45898 | AY65: 45891 | BA65: 45904 | BC65: 45908 | BE65: 45908 | BH65: YES | BO65: N/A | BP65: NO | BQ65: N/A (Process Customer Provided Blanks) | BR65: NO | BT65: NO | BV65: NO | CC65: Ready to Ship | CE65: TRUE | CO65: TRUE | CP65: TRUE | DF65: 25016 | DG65: BM | DI65: 201 | DK65: 201 | DL65: 25016-BM201 | DQ65: No Hold | DU65: No Hold | DY65: No Hold | EC65: No Hold | ED65: No Hold | EE65: 0.25 | EF65: 2 | EQ65: Hot Shot | EU65: Cidan Shear | EX65: No Program Requested | EZ65: QC Not Requested | FA65: 45896 | FB65: 9 | FC65: David Hasty | FD65: Ramon Estrada, Shane Watson | FE65: 45908 | FG65: Issue Still in Process | FI65: 1010 | FK65: Dillon Bowman | FL65: Denis Usatenko | FN65: 25016-BM201 In-House | FP65: 2025, Week 37
A66: 65 | B66: 25016-FL200 | D66: Rockdale CJAC | E66: 981 Milstead Avenue NE Conyers, GA 30012 | F66: Dillon Bowman | G66: 518.860.9477 | H66: CUSTOM ARCH | J66: Mock-Up (FL's) | K66: Mock-Up (FL's) - Please check the FD Folder for Dimension Adjustments | N66: Q:\Jobs\25016 - Rockdale CJAC\04_Production\25016FL200 | O66: 1 | P66: 327 | Q66: 327 | R66: 8 | S66: 8 | T66: 3 | U66: 0 | V66: 0 | X66: na | Y66: 48 x 120 - .040 - 48 x 120 - Dark Bronze Alum Sheet, No Grain | Z66: Alum Sheet | AA66: 48 x 120 - .040 - 48 x 120 - Dark Bronze | AB66: No | AE66: 14 | AF66: -161 | AG66: Ramon Estrada, Shane Watson | AH66: Denis Usatenko | AL66: Chance Dill | AM66: Denis Usatenko | AN66: Chance Dill | AU66: Chance Dill | AV66: 45890.372 | AW66: TRUE | AX66: 45898 | AY66: 45894 | BA66: 45904 | BC66: 45908 | BE66: 45908 | BH66: YES | BO66: N/A | BP66: N/A | BQ66: N/A (Process Customer Provided Blanks) | BR66: NO | BT66: NO | BV66: NO | CC66: Ready to Ship | CE66: TRUE | CO66: TRUE | CP66: TRUE | DF66: 25016 | DG66: FL | DI66: 200 | DK66: 200 | DL66: 25016-FL200 | DQ66: No Hold | DU66: No Hold | DY66: No Hold | EC66: No Hold | ED66: No Hold | EE66: 1 | EF66: 4 | EQ66: Hot Shot | EU66: Cidan Shear | EX66: No Program Requested | EZ66: QC Not Requested | FA66: 45896 | FB66: 9 | FC66: David Hasty | FD66: Ramon Estrada, Shane Watson | FE66: 45908 | FG66: Issue Still in Process | FH66: Denis Usatenko - They are there | FI66: 1010 | FK66: Dillon Bowman | FL66: Chance Dill | FM66: Denis Usatenko | FN66: 25016-FL200 In-House | FP66: 2025, Week 37
A67: 66 | B67: 25016-MU101 | D67: Rockdale CJAC | E67: 981 Milstead Avenue NE Conyers, GA 30012 | F67: Dillon Bowman | G67: 518.860.9477 | H67: 400 | J67: Courthouse ACM - Use Pewter Screws on Dillon's Shelf in the Tool Crib | N67: Q:\Jobs\25016 - Rockdale CJAC\04_Production\25016MU101 | O67: 0.93577982 | P67: 306 | Q67: 327 | R67: 4 | S67: 5 | T67: 5 | U67: 48 | V67: 0 | W67: 2 | X67: 00:33:24 | Y67: 62 x 196 FR ACM - Nissan Gray (3A) - 24033 FR ACM, Grain | Z67: FR ACM | AA67: 62 x 196 FR ACM - Nissan Gray (3A) - 24033 | AB67: Yes | AE67: 4 | AF67: -210 | AG67: Ramon Estrada, Shane Watson | AH67: Denis Usatenko | AJ67: Gabriela Herrera | AK67: Denis Usatenko | AL67: Gabriela Herrera | AM67: Denis Usatenko | AN67: Gabriela Herrera | AP67: Issiah Havens | AS67: TRUE | AU67: Gabriela Herrera | AV67: 45807.518 | AW67: TRUE | AX67: 45828 | AY67: 45812 | BA67: 45835 | BC67: 45839 | BE67: 45839 | BH67: YES | BO67: N/A | BP67: YES | BQ67: N/A (Process Customer Provided Blanks) | BR67: NO | BT67: YES | BU67: Q:\Jobs\25016 - Rockdale CJAC\03_Engineering\02_FD Docs\25016 - MU 101 - Courthouse ACM | BV67: NO | CC67: Ready to Ship | CD67: TRUE | CE67: TRUE | CF67: TRUE | CG67: AXYZ 34 | DB67: TRUE | DC67: TRUE | DF67: 25016 | DG67: MU | DI67: 101 | DK67: 101 | DL67: 25016-MU123 | DQ67: No Hold | DU67: No Hold | DY67: No Hold | EC67: No Hold | ED67: No Hold | EE67: 2 | EF67: 8 | EQ67: Hot Shot | ET67: AXYZ | EU67: AXYZ 34 Clean and Brake Fab | EV67: 45812 | EW67: 45812 | EX67: 1 | EZ67: QC Not Requested | FA67: 45819 | FB67: 1 | FC67: David Hasty | FD67: Ramon Estrada, Shane Watson | FE67: 45819 | FG67: Issue Still in Process | FH67: Issiah Havens - @gherrera@jwmcd.com @jdavis@jwmcd.com @tgraves@jwmcd.com Programmed, panel tracker | FI67: 1010 | FK67: Dillon Bowman | FL67: Gabriela Herrera | FM67: Denis Usatenko | FN67: 25016-MU101 In-House | FP67: 2025, Week 27
A68: 67 | B68: 25016-MU103 | D68: Rockdale CJAC | E68: 981 Milstead Avenue NE Conyers, GA 30012 | F68: Dillon Bowman | G68: 518.860.9477 | H68: CUSTOM ARCH | J68: Courthouse Flashing | O68: N/A | P68: N/A | Q68: N/A | R68: 0 | S68: 8 | T68: 4 | U68: 0 | V68: 0 | W68: N/A | X68: N/A | Y68: 48 x 120 - .040 - Fabral - Black/Gray Alum Sheet, No Grain | Z68: Alum Sheet | AA68: 48 x 120 - .040 - Fabral - Black/Gray | AB68: No | AE68: 4 | AF68: -210 | AG68: Ramon Estrada, Shane Watson | AH68: David Hasty | AI68: Denis Usatenko | AL68: Gabriela Herrera | AM68: Denis Usatenko | AN68: Gabriela Herrera | AU68: Gabriela Herrera | AV68: 45807.523 | AW68: TRUE | AX68: 45828 | AY68: 45811 | BA68: 45835 | BC68: 45839 | BE68: 45839 | BH68: YES | BO68: N/A | BP68: NO | BQ68: N/A (Process Customer Provided Blanks) | BR68: NO | BT68: YES | BU68: Q:\Jobs\25016 - Rockdale CJAC\03_Engineering\02_FD Docs\25016 - MU 103 - Courthouse Flashing and Coping | BV68: NO | CC68: Ready to Ship | CE68: TRUE | CO68: TRUE | CP68: TRUE | DF68: 25016 | DG68: MU | DI68: 103 | DK68: 103 | DL68: 25016-MU123 | DQ68: No Hold | DU68: No Hold | DY68: No Hold | EC68: No Hold | ED68: No Hold | EE68: 1 | EF68: 2 | EQ68: Hot Shot | EU68: Cidan Shear | EX68: No Program Requested | EZ68: QC Not Requested | FA68: 45826 | FB68: 2 | FC68: David Hasty | FD68: Ramon Estrada, Shane Watson | FE68: 45827 | FG68: Issue Still in Process | FH68: Paul J Roberts - @dusatenko@jwmcd.com Standard flashing. | FI68: 1010 | FK68: Dillon Bowman | FL68: Gabriela Herrera | FM68: Denis Usatenko | FN68: 25016-MU103 In-House | FP68: 2025, Week 27
A69: 68 | B69: 25016-MU121 | D69: Rockdale CJAC | E69: 981 Milstead Avenue NE Conyers, GA 30012 | F69: Dillon Bowman | G69: 518.860.9477 | H69: 400 | J69: Admin Mock-UP ACM | K69: Use Pewter Screws on Dillon's Shelf in the Tool Crib | N69: Q:\Jobs\25016 - Rockdale CJAC\04_Production\25016MU121 | O69: 0.93883792 | P69: 307 | Q69: 327 | R69: 1 | S69: 1 | T69: 1 | U69: 5 | V69: 0 | W69: 1 | X69: 00:09:20 | Y69: 62 x 196 FR ACM - Nissan Gray (3A) - 24033 FR ACM, Grain | Z69: FR ACM | AA69: 62 x 196 FR ACM - Nissan Gray (3A) - 24033 | AB69: Yes | AE69: 4 | AF69: -210 | AG69: Ramon Estrada, Shane Watson | AH69: Denis Usatenko | AJ69: Gabriela Herrera | AL69: Gabriela Herrera | AM69: Denis Usatenko | AN69: Gabriela Herrera | AP69: Issiah Havens | AS69: TRUE | AU69: Gabriela Herrera | AV69: 45807.526 | AW69: TRUE | AX69: 45828 | AY69: 45812 | BA69: 45835 | BC69: 45839 | BE69: 45839 | BH69: YES | BO69: PEWTER | BP69: YES | BQ69: N/A (Process Customer Provided Blanks) | BR69: NO | BT69: YES | BU69: Q:\Jobs\25016 - Rockdale CJAC\03_Engineering\02_FD Docs\25016 - MU 121 | BV69: NO | CC69: Ready to Ship | CD69: TRUE | CE69: TRUE | CF69: TRUE | CG69: AXYZ Titans Line | DB69: TRUE | DC69: TRUE | DF69: 25016 | DG69: MU | DI69: 121 | DK69: 121 | DL69: 25016-MU123 | DQ69: No Hold | DU69: No Hold | DY69: No Hold | EC69: No Hold | ED69: No Hold | EE69: 1 | EF69: 2 | EQ69: Hot Shot | ET69: AXYZ | EU69: AXYZ Titans Line Clean and Brake Fab | EV69: 45812 | EW69: 45812 | EX69: 1 | EZ69: QC Not Requested | FA69: 45819 | FB69: 1 | FC69: David Hasty | FD69: Ramon Estrada, Shane Watson | FE69: 45819 | FG69: Issue Still in Process | FH69: Issiah Havens - @gherrera@jwmcd.com @jdavis@jwmcd.com @tgraves@jwmcd.com Programmed, panel tracker | FI69: 1010 | FK69: Dillon Bowman | FL69: Gabriela Herrera | FM69: Denis Usatenko | FN69: 25016-MU121 In-House | FP69: 2025, Week 27
A70: 69 | B70: 25016-MU122 | D70: Rockdale CJAC | E70: 981 Milstead Avenue NE Conyers, GA 30012 | F70: Dillon Bowman | G70: 518.860.9477 | H70: CUSTOM ARCH | J70: Admin Building - Mock-Up - Girts | O70: N/A | P70: N/A | Q70: N/A | R70: 0 | S70: 2 | T70: 1 | U70: 0 | V70: 0 | W70: N/A | X70: N/A | Y70: 16g Galv 48 x 120 Galv Sheet, No Grain | Z70: Galv Sheet | AA70: 16g Galv 48 x 120 | AB70: No | AE70: 4 | AF70: -210 | AG70: Ramon Estrada, Shane Watson | AH70: David Hasty | AI70: Denis Usatenko | AL70: Gabriela Herrera | AM70: Denis Usatenko | AN70: Gabriela Herrera | AU70: Gabriela Herrera | AV70: 45807.528 | AW70: TRUE | AX70: 45828 | AY70: 45811 | BA70: 45835 | BC70: 45839 | BE70: 45839 | BH70: YES | BO70: N/A | BP70: N/A | BQ70: N/A (Process Customer Provided Blanks) | BR70: NO | BT70: YES | BU70: Q:\Jobs\25016 - Rockdale CJAC\03_Engineering\02_FD Docs\25016 - MU 122 - Admin Bldg Mock-Up - Girts | BV70: NO | CC70: Ready to Ship | CE70: TRUE | CO70: TRUE | CP70: TRUE | DF70: 25016 | DG70: MU | DI70: 122 | DK70: 122 | DL70: 25016-MU123 | DQ70: No Hold | DU70: No Hold | DY70: No Hold | EC70: No Hold | ED70: No Hold | EE70: 1 | EF70: 1 | EQ70: Hot Shot | EU70: Cidan Shear | EX70: No Program Requested | EZ70: QC Not Requested | FA70: 45826 | FB70: 2 | FC70: David Hasty | FD70: Ramon Estrada, Shane Watson | FE70: 45827 | FG70: Issue Still in Process | FH70: Paul J Roberts - @dusatenko@jwmcd.com 16 Ga. zees. | FI70: 1010 | FK70: Dillon Bowman | FL70: Gabriela Herrera | FM70: Denis Usatenko | FN70: 25016-MU122 In-House | FP70: 2025, Week 27
A71: 70 | B71: 25016-MU123 | D71: Rockdale CJAC | E71: 981 Milstead Avenue NE Conyers, GA 30012 | F71: Dillon Bowman | G71: 518.860.9477 | H71: CUSTOM ARCH | J71: Admin Bldg Mock-up Flashing | O71: N/A | P71: N/A | Q71: N/A | R71: 0 | S71: 2 | T71: 2 | U71: 0 | V71: 0 | W71: N/A | X71: N/A | Y71: 48 x 120 - .040 - Fabral - Black/Gray (22007) Alum Sheet, No Grain | Z71: Alum Sheet | AA71: 48 x 120 - .040 - Fabral - Black/Gray (22007) | AB71: No | AE71: 4 | AF71: -210 | AG71: Ramon Estrada, Shane Watson | AH71: David Hasty | AI71: Denis Usatenko | AL71: Gabriela Herrera | AM71: Denis Usatenko | AN71: Gabriela Herrera | AU71: Gabriela Herrera | AV71: 45807.529 | AW71: TRUE | AX71: 45828 | AY71: 45811 | BA71: 45835 | BC71: 45839 | BE71: 45839 | BH71: YES | BO71: N/A | BP71: N/A | BQ71: N/A (Process Customer Provided Blanks) | BR71: NO | BT71: YES | BU71: Q:\Jobs\25016 - Rockdale CJAC\03_Engineering\02_FD Docs\25016 - MU 123 - Admin Bldg Mock-Up - Flashing | BV71: NO | CC71: Ready to Ship | CE71: TRUE | CO71: TRUE | CP71: TRUE | DF71: 25016 | DG71: MU | DI71: 123 | DK71: 123 | DL71: 25016-MU123 | DQ71: No Hold | DU71: No Hold | DY71: No Hold | EC71: No Hold | ED71: No Hold | EE71: 1 | EF71: 1 | EQ71: Hot Shot | EU71: Cidan Shear | EX71: No Program Requested | EZ71: QC Not Requested | FA71: 45826 | FB71: 2 | FC71: David Hasty | FD71: Ramon Estrada, Shane Watson | FE71: 45827 | FG71: Issue Still in Process | FH71: Allen Duke - For me? Thanks, ALLEN DUKE Processing Estimating Manager John W. McDougall Inc. 615.321.3900 | jwmcd.com | FI71: 1010 | FK71: Dillon Bowman | FL71: Gabriela Herrera | FM71: Denis Usatenko | FN71: 25016-MU123 In-House | FP71: 2025, Week 27
A72: 71 | B72: 25017-FL99 | D72: Nashville Yards Park | E72: Nashville, TN 37203 | F72: Dillon Bowman | G72: 518.860.9477 | J72: Corner Trim Fix | K72: Corner Trim Fix | L72: * Sketch | N72: Q:\Jobs\25017 - Nashville Yards Park\04_Production\25017FL99 | O72: N/A | P72: N/A | Q72: N/A | R72: 0 | S72: 2 | T72: 1 | U72: 0 | V72: 0 | W72: 0.5 - SHT | X72: na | Y72: .032 x 48 x 120 - Hemlock Green - 25017 Alum Sheet, Grain | Z72: Alum Sheet | AA72: .032 x 48 x 120 - Hemlock Green - 25017 | AB72: Yes | AE72: 25 | AF72: -69 | AG72: Ramon Estrada, Shane Watson | AH72: Denis Usatenko | AL72: Denis Usatenko | AU72: Denis Usatenko | AV72: 46014.433 | AX72: 46027 | AY72: 46014 | BA72: 46034 | BC72: 46036 | BE72: 46036 | BH72: YES | BI72: 7 | CC72: Ready to Ship | CE72: TRUE | CO72: TRUE | CP72: TRUE | DF72: 25017 | DG72: FL | DI72: 99 | DK72: 99 | DL72: 25017-FL99 | DQ72: No Hold | DU72: No Hold | DY72: No Hold | EC72: No Hold | ED72: No Hold | EE72: 0.25 | EF72: 2 | EQ72: Hot Shot | EU72: Cidan Shear | EX72: No Program Requested | EZ72: QC Not Requested | FA72: 46020 | FB72: 1 | FC72: David Hasty | FD72: Ramon Estrada, Shane Watson | FE72: 46020 | FG72: Issue Still in Process | FH72: Mitch Chancey - @dbowman@jwmcd.com @swatson@jwmcd.com @tgraves@jwmcd.com LOOSE ON THE TREE | FI72: 1010 | FK72: Dillon Bowman | FL72: Denis Usatenko | FN72: 25017-FL99 In-House | FP72: 2026, Week 03
A73: 72 | B73: 24051-FS37 | D73: TN Titans Stadium | E73: 1 Titans Way Nashville, TN 37213 | F73: Marc Ribar | G73: 360.798.3603 | H73: 400 | K73: EAST LEVEL 050 BAND | N73: Q:\Jobs\24051 - TN Titans Stadium\04_Production\24051FS37 | O73: 0.44150924 | P73: 8507 | Q73: 19268 | R73: 24 | S73: 24 | T73: 2 | U73: 159 | V73: 270 | W73: 196 X 62 - 8 | X73: 03:23:31 | Y73: 4MM FR CORE TOB BLACK 62 X 196 FR ACM, No Grain | Z73: FR ACM | AA73: 4MM FR CORE TOB BLACK 62 X 196 | AB73: No | AE73: 26 | AF73: -195 | AG73: Unassigned | AH73: Denis Usatenko | AJ73: Hennadii Stakhurskyi | AL73: Hennadii Stakhurskyi | AM73: Denis Usatenko | AN73: Hennadii Stakhurskyi | AP73: Issiah Havens | AS73: TRUE | AU73: Hennadii Stakhurskyi | AV73: 45817.62 | AW73: TRUE | AX73: 45838 | AY73: 45840 | AZ73: TRUE | BA73: 45856 | BC73: 45852 | BE73: 45852 | BH73: YES | BI73: 500 | BO73: MATCH COLOR | BP73: YES | BQ73: Approved | BR73: NO | BT73: NO | BV73: YES | BW73: Q:\Jobs\24051 - TN Titans Stadium\03_Engineering\03_FS_Issues\01_Calcs\2025-5-27_LOCSHA STADIUM CALC PACKAGE | CC73: RTS Titans | CD73: TRUE | CE73: TRUE | CF73: TRUE | CG73: AXYZ Titans Line | DB73: TRUE | DC73: TRUE | DF73: 24051 | DG73: FS | DI73: 37 | DK73: 37 | DL73: 24051-FS231 | DQ73: No Hold | DU73: No Hold | DY73: No Hold | EC73: No Hold | ED73: No Hold | EE73: 4 | EF73: 48 | EQ73: In House | ET73: AXYZ | EU73: AXYZ Titans Line Clean and Brake Fab | EV73: 45839 | EW73: 45840 | EX73: 2 | EZ73: QC Not Requested | FA73: 45847 | FB73: 1 | FC73: David Hasty | FD73: Ramon Estrada, Shane Watson | FE73: 45847 | FG73: Issue Still in Process | FH73: Issiah Havens - @hstakhurskyi@jwmcd.com @jdavis@jwmcd.com @tgraves@jwmcd.com Programmed w/ PT | FI73: 1010 | FK73: Marc Ribar | FL73: Hennadii Stakhurskyi | FM73: Denis Usatenko | FN73: 24051-FS37 In-House | FP73: 2025, Week 29
A74: 73 | B74: 24051-FS38 | D74: TN Titans Stadium | E74: 1 Titans Way Nashville, TN 37213 | F74: Marc Ribar | G74: 360.798.3603 | H74: 400 | K74: EAST LEVEL 050 | N74: Q:\Jobs\24051 - TN Titans Stadium\04_Production\24051FS38 | O74: 0.4461802 | P74: 8597 | Q74: 19268 | R74: 90 | S74: 90 | T74: 6 | U74: 576 | V74: 650 | W74: 196 X 62 - 21 | X74: 11:20:52 | Y74: 4MM FR CORE TOB BLACK 62 X 196 FR ACM, No Grain | Z74: FR ACM | AA74: 4MM FR CORE TOB BLACK 62 X 196 | AB74: No | AE74: 26 | AF74: -195 | AG74: Unassigned | AH74: Denis Usatenko | AJ74: Hennadii Stakhurskyi | AL74: Hennadii Stakhurskyi | AM74: Denis Usatenko | AN74: Hennadii Stakhurskyi | AP74: Issiah Havens | AS74: TRUE | AU74: Hennadii Stakhurskyi | AV74: 45817.622 | AW74: TRUE | AX74: 45838 | AY74: 45840 | AZ74: TRUE | BA74: 45856 | BC74: 45852 | BE74: 45852 | BH74: YES | BI74: 500 | BO74: MATCH COLOR | BP74: YES | BQ74: Approved | BR74: NO | BT74: NO | BV74: YES | BW74: Q:\Jobs\24051 - TN Titans Stadium\03_Engineering\03_FS_Issues\01_Calcs\2025-5-27_LOCSHA STADIUM CALC PACKAGE | CC74: RTS Titans | CD74: TRUE | CE74: TRUE | CF74: TRUE | CG74: AXYZ Titans Line | DB74: TRUE | DC74: TRUE | DF74: 24051 | DG74: FS | DI74: 38 | DK74: 38 | DL74: 24051-FS231 | DQ74: No Hold | DU74: No Hold | DY74: No Hold | EC74: No Hold | ED74: No Hold | EE74: 4 | EF74: 125 | EQ74: In House | ET74: AXYZ | EU74: AXYZ Titans Line Clean and Brake Fab | EV74: 45840 | EW74: 45840 | EX74: 1 | EZ74: QC Not Requested | FA74: 45853 | FB74: 1 | FC74: David Hasty | FD74: Ramon Estrada, Shane Watson | FE74: 45853 | FG74: Issue Still in Process | FH74: Issiah Havens - @hstakhurskyi@jwmcd.com @jdavis@jwmcd.com @tgraves@jwmcd.com Programmed w/ PT | FI74: 1010 | FK74: Marc Ribar | FL74: Hennadii Stakhurskyi | FM74: Denis Usatenko | FN74: 24051-FS38 In-House | FP74: 2025, Week 29
A75: 74 | B75: 24051-FS39 | D75: TN Titans Stadium | E75: 1 Titans Way Nashville, TN 37213 | F75: Marc Ribar | G75: 360.798.3603 | H75: 400 | K75: EAST LEVEL 050 | N75: Q:\Jobs\24051 - TN Titans Stadium\04_Production\24051FS39 | O75: 0.45116255 | P75: 8693 | Q75: 19268 | R75: 96 | S75: 96 | T75: 2 | U75: 576 | V75: 1150 | W75: 196 X 62 - 24 | X75: 12:26:52 | Y75: 4MM FR CORE TOB BLACK 62 X 196 FR ACM, No Grain | Z75: FR ACM | AA75: 4MM FR CORE TOB BLACK 62 X 196 | AB75: No | AE75: 26 | AF75: -195 | AG75: Unassigned | AH75: Denis Usatenko | AJ75: Hennadii Stakhurskyi | AL75: Hennadii Stakhurskyi | AM75: Denis Usatenko | AN75: Hennadii Stakhurskyi | AP75: Issiah Havens | AS75: TRUE | AU75: Hennadii Stakhurskyi | AV75: 45817.631 | AW75: TRUE | AX75: 45838 | AY75: 45840 | AZ75: TRUE | BA75: 45856 | BC75: 45852 | BE75: 45852 | BH75: YES | BI75: 500 | BO75: MATCH COLOR | BP75: YES | BQ75: Approved | BR75: NO | BT75: NO | BV75: YES | BW75: Q:\Jobs\24051 - TN Titans Stadium\03_Engineering\03_FS_Issues\01_Calcs\2025-5-27_LOCSHA STADIUM CALC PACKAGE | CC75: RTS Titans | CD75: TRUE | CE75: TRUE | CF75: TRUE | CG75: AXYZ Titans Line | DB75: TRUE | DC75: TRUE | DF75: 24051 | DG75: FS | DI75: 39 | DK75: 39 | DL75: 24051-FS231 | DQ75: No Hold | DU75: No Hold | DY75: No Hold | EC75: No Hold | ED75: No Hold | EE75: 4 | EF75: 125 | EQ75: In House | ET75: AXYZ | EU75: AXYZ Titans Line Clean and Brake Fab | EV75: 45839 | EW75: 45840 | EX75: 2 | EZ75: QC Not Requested | FA75: 45847 | FB75: 3 | FC75: David Hasty | FD75: Ramon Estrada, Shane Watson | FE75: 45849 | FG75: Issue Still in Process | FH75: Issiah Havens - @hstakhurskyi@jwmcd.com @jdavis@jwmcd.com @tgraves@jwmcd.com Programmed w/ PT | FI75: 1010 | FK75: Marc Ribar | FL75: Hennadii Stakhurskyi | FM75: Denis Usatenko | FN75: 24051-FS39 In-House | FP75: 2025, Week 29
A76: 75 | B76: 24051-FS40 | D76: TN Titans Stadium | E76: 1 Titans Way Nashville, TN 37213 | F76: Marc Ribar | G76: 360.798.3603 | H76: 400 | K76: EAST LEVEL 050 | N76: Q:\Jobs\24051 - TN Titans Stadium\04_Production\24051FS40 | O76: 0.4561449 | P76: 8789 | Q76: 19268 | R76: 96 | S76: 96 | T76: 2 | U76: 442 | V76: 1000 | W76: 196 X 62 - 7 | X76: 07:05:50 | Y76: 4MM FR CORE TOB BLACK 62 X 196 FR ACM, No Grain | Z76: FR ACM | AA76: 4MM FR CORE TOB BLACK 62 X 196 | AB76: No | AE76: 26 | AF76: -195 | AG76: Unassigned | AH76: Denis Usatenko | AJ76: Hennadii Stakhurskyi | AL76: Hennadii Stakhurskyi | AM76: Denis Usatenko | AN76: Hennadii Stakhurskyi | AP76: Issiah Havens | AS76: TRUE | AU76: Hennadii Stakhurskyi | AV76: 45817.635 | AW76: TRUE | AX76: 45838 | AY76: 45840 | AZ76: TRUE | BA76: 45856 | BC76: 45853 | BE76: 45853 | BH76: YES | BI76: 500 | BO76: MATCH COLOR | BP76: YES | BQ76: Approved | BR76: NO | BT76: NO | BV76: YES | BW76: Q:\Jobs\24051 - TN Titans Stadium\03_Engineering\03_FS_Issues\01_Calcs\2025-5-27_LOCSHA STADIUM CALC PACKAGE | CC76: RTS Titans | CD76: TRUE | CE76: TRUE | CF76: TRUE | CG76: AXYZ Titans Line | DB76: TRUE | DC76: TRUE | DF76: 24051 | DG76: FS | DI76: 40 | DK76: 40 | DL76: 24051-FS231 | DQ76: No Hold | DU76: No Hold | DY76: No Hold | EC76: No Hold | ED76: No Hold | EE76: 4 | EF76: 125 | EQ76: In House | ET76: AXYZ | EU76: AXYZ Titans Line Clean and Brake Fab | EV76: 45839 | EW76: 45840 | EX76: 2 | EZ76: QC Not Requested | FA76: 45853 | FB76: 1 | FC76: David Hasty | FD76: Ramon Estrada, Shane Watson | FE76: 45853 | FG76: Issue Still in Process | FH76: Issiah Havens - @hstakhurskyi@jwmcd.com @jdavis@jwmcd.com @tgraves@jwmcd.com Programmed w/ PT | FI76: 1010 | FK76: Marc Ribar | FL76: Hennadii Stakhurskyi | FM76: Denis Usatenko | FN76: 24051-FS40 In-House | FP76: 2025, Week 29
A77: 76 | B77: 24051-FS41 | D77: TN Titans Stadium | E77: 1 Titans Way Nashville, TN 37213 | F77: Marc Ribar | G77: 360.798.3603 | H77: 400 | K77: EAST LEVEL 050 | N77: Q:\Jobs\24051 - TN Titans Stadium\04_Production\24051FS41 | O77: 0.46112726 | P77: 8885 | Q77: 19268 | R77: 96 | S77: 96 | T77: 2 | U77: 768 | V77: 1050 | W77: 196 X 62 - 48 | X77: 17:56:09 | Y77: 4MM FR CORE TOB BLACK 62 X 196 FR ACM, No Grain | Z77: FR ACM | AA77: 4MM FR CORE TOB BLACK 62 X 196 | AB77: No | AE77: 26 | AF77: -195 | AG77: Unassigned | AH77: Denis Usatenko | AJ77: Hennadii Stakhurskyi | AL77: Hennadii Stakhurskyi | AM77: Denis Usatenko | AN77: Hennadii Stakhurskyi | AP77: Issiah Havens | AS77: TRUE | AU77: Hennadii Stakhurskyi | AV77: 45817.636 | AX77: 45839 | AY77: 45840 | AZ77: TRUE | BA77: 45856 | BC77: 45860 | BE77: 45860 | BH77: YES | BI77: 500 | BO77: MATCH COLOR | BP77: YES | BQ77: Approved | BR77: NO | BT77: NO | BV77: YES | BW77: Q:\Jobs\24051 - TN Titans Stadium\03_Engineering\03_FS_Issues\01_Calcs\2025-5-27_LOCSHA STADIUM CALC PACKAGE | CC77: RTS Titans | CD77: TRUE | CE77: TRUE | CF77: TRUE | CG77: AXYZ Titans Line | DB77: TRUE | DC77: TRUE | DF77: 24051 | DG77: FS | DI77: 41 | DK77: 41 | DL77: 24051-FS231 | DQ77: No Hold | DU77: No Hold | DY77: No Hold | EC77: No Hold | ED77: No Hold | EE77: 4 | EF77: 125 | EQ77: In House | ET77: AXYZ | EU77: AXYZ Titans Line Clean and Brake Fab | EV77: 45839 | EW77: 45840 | EX77: 2 | EZ77: QC Not Requested | FA77: 45857 | FB77: 2 | FC77: David Hasty | FD77: Ramon Estrada, Shane Watson | FE77: 45860 | FG77: Issue Still in Process | FH77: Issiah Havens - @hstakhurskyi@jwmcd.com @jdavis@jwmcd.com @tgraves@jwmcd.com Programmed w/ PT | FI77: 1010 | FK77: Marc Ribar | FL77: Hennadii Stakhurskyi | FM77: Denis Usatenko | FN77: 24051-FS41 In-House | FP77: 2025, Week 30
A78: 77 | B78: 24051-FS42 | D78: TN Titans Stadium | E78: 1 Titans Way Nashville, TN 37213 | F78: Marc Ribar | G78: 360.798.3603 | H78: 400 | K78: EAST LEVEL 050 PLEASE NOTE PANELS INSTALL FROM THE RIGHT TO THE LEFT. ALSO THE DIMENSION CHANGE IN THE 1ST BAY. THE REVISED DRAWING REMOVES THE 1ST ROW OF PANELS TO BE FIELD DIMENSIONED. | N78: Q:\Jobs\24051 - TN Titans Stadium\04_Production\24051FS42 | O78: 0.4673552 | P78: 9005 | Q78: 19268 | R78: 120 | S78: 120 | T78: 8 | U78: 725 | V78: 1700 | W78: 196 X 62 - 115 | X78: 23:47:40 | Y78: 4MM FR CORE TOB BLACK 62 X 196 FR ACM, No Grain | Z78: FR ACM | AA78: 4MM FR CORE TOB BLACK 62 X 196 | AB78: No | AE78: 38 | AF78: -179 | AG78: Unassigned | AH78: Denis Usatenko | AJ78: Hennadii Stakhurskyi | AL78: Hennadii Stakhurskyi | AM78: Denis Usatenko | AN78: Hennadii Stakhurskyi | AP78: Issiah Havens | AS78: TRUE | AU78: Hennadii Stakhurskyi | AV78: 45817.657 | AX78: 45861 | AY78: 45845 | BA78: 45880 | BC78: 45882 | BE78: 45882 | BH78: YES | BI78: 500 | BO78: MATCH COLOR | BP78: YES | BQ78: Approved | BR78: NO | BT78: NO | BV78: YES | BW78: Q:\Jobs\24051 - TN Titans Stadium\03_Engineering\03_FS_Issues\01_Calcs\2025-5-27_LOCSHA STADIUM CALC PACKAGE | CC78: RTS Titans | CD78: TRUE | CE78: TRUE | CF78: TRUE | CG78: AXYZ Titans Line | DB78: TRUE | DC78: TRUE | DF78: 24051 | DG78: FS | DI78: 42 | DK78: 42 | DL78: 24051-FS231 | DQ78: No Hold | DU78: No Hold | DY78: No Hold | EC78: No Hold | ED78: No Hold | EE78: 8 | EF78: 200 | ET78: AXYZ | EU78: AXYZ Titans Line Clean and Brake Fab | EV78: 45840 | EW78: 45840 | EX78: 1 | EZ78: QC Not Requested | FA78: 45881 | FB78: 2 | FC78: David Hasty | FD78: Ramon Estrada, Shane Watson | FE78: 45882 | FG78: Issue Still in Process | FH78: Issiah Havens - @hstakhurskyi@jwmcd.com @jdavis@jwmcd.com @tgraves@jwmcd.com Programmed w/ PT | FI78: 1010 | FK78: Marc Ribar | FL78: Hennadii Stakhurskyi | FM78: Denis Usatenko | FN78: 24051-FS42 In-House | FP78: 2025, Week 33
A79: 78 | B79: 24079-FS03 | D79: Nashville Youth Campus | E79: 1354 Brick Church Pike Nashville, TN 37207 | F79: Joe Hoyle | G79: 828.334.7808 | H79: --- | J79: FIBER CEMENT - LAYOUT CARD #003 NO JWM FABRICATION | K79: AREA B - West rescan to capture the elevation to the left of the radiused wall. Reference elevations 5/NY-06 and 1/NY-35 of the fiber shop drawings. Please provide the fiber panel layout per the AAN AFC drawings. Coordinate with the FS02 and FS101 layouts. | R79: 33 | Y79: TBD LAYOUT ONLY, Grain | Z79: LAYOUT ONLY | AA79: TBD | AB79: Yes | AE79: 1 | AF79: -39 | AG79: Denis Usatenko | AH79: David Hasty | AI79: Denis Usatenko | AV79: 46041.665 | AX79: 46076 | BC79: 46097 | BE79: 46097 | BH79: YES | BI79: 999 | BO79: N/A | BP79: N/A | BQ79: Approved As Noted | BR79: YES | BS79: Q:\Jobs\24079 - Nashville Youth Campus\03_Engineering\02_FD Docs\24079 - NYCE - FS103 AREA D\NYCE 103 & 105 SCANS\Wall=Rescan | BT79: NO | BV79: NO | CC79: Evaluation | DF79: 24079 | DG79: FS | DI79: 03 | DK79: 3 | DL79: 24079-FS303 | DQ79: No Hold | DU79: No Hold | DY79: No Hold | EC79: No Hold | ED79: No Hold | EE79: 20 | EF79: 0 | EQ79: Customer Pick Up | EX79: No Program Requested | EZ79: Issue Still In Process | FB79: Issue Still In Process | FC79: David Hasty | FD79: Ramon Estrada, Shane Watson | FG79: Issue Still in Process | FI79: 1010 | FK79: Joe Hoyle | FN79: 24079-FS03 In-House | FP79: 2026, Week 12
A80: 79 | B80: 24079-FS101 | D80: Nashville Youth Campus | E80: 1354 Brick Church Pike Nashville, TN 37207 | F80: Joe Hoyle | G80: 828.334.7808 | H80: 400 | J80: AREA B - ACM Release | K80: AREA B - ACM Release Parapet dimensions are in the photos folder. Job is not 100%, there are missing frames, columns and sheathing. We'll be coordinating with the field to resolve missing information. | L80: * 2 SETS - INSTALL DRAWINGS * SKETCHES * CUT LIST * EXTRUSION TIGER SAW LIST * COLOR LABELS | M80: * (1500 LF) 16ga, flat-strap for install * (1400 LF) 1-5/8" Reveals * (100 LF) 1-5/8" Reveals﻿ * (1100 LF) JR2 * (270 LF) 0.05" thick by 1.25" wide min. STRAP for Panel Fab | N80: Q:\Jobs\24079 - Nashville Youth Campus\04_Production\24079FS101 | O80: Unavailable | P80: 201 | R80: 173 | S80: 176 | T80: 149 | U80: 1370 | V80: 1450 | W80: 96 SHEETS | X80: 01d07h19m43s | Y80: 4mm X 62" X 196" 'CWM - Cloud White MATTE' FR ACM, Grain | Z80: FR ACM | AA80: 4mm X 62" X 196" 'CWM - Cloud White MATTE' | AB80: Yes | AD80: MTPK | AE80: 40 | AF80: -5 | AG80: Ramon Estrada, Shane Watson | AH80: Denis Usatenko | AI80: Denis Usatenko | AJ80: Denis Usatenko | AK80: Denis Usatenko | AL80: Hennadii Stakhurskyi | AM80: Denis Usatenko | AN80: Hennadii Stakhurskyi | AP80: Arnold Jurado, Issiah Havens | AS80: TRUE | AU80: Denis Usatenko, Hennadii Stakhurskyi | AV80: 46007.318 | AX80: 46055 | AY80: 46106 | AZ80: TRUE | BA80: 46122 | BC80: 46076 | BE80: 46076 | BH80: YES | BI80: 275 | BO80: MATCH COLOR | BP80: NO | BQ80: Approved As Noted | BR80: YES | BS80: Q:\Jobs\24079 - Nashville Youth Campus\03_Engineering\02_FD Docs\24079 - NYCE - FS01 AREA B | BT80: YES | BU80: Q:\Jobs\24079 - Nashville Youth Campus\03_Engineering\02_FD Docs\24079 - NYCE - FS01 AREA B\Photos | BV80: YES | BW80: TBD | CC80: Ready to Ship | CD80: TRUE | CE80: TRUE | CF80: TRUE | CG80: AXYZ Titans Line | DB80: TRUE | DC80: TRUE | DF80: 24079 | DG80: FS | DI80: 101 | DK80: 101 | DL80: 24079-FS303 | DQ80: No Hold | DU80: No Hold | DY80: No Hold | EC80: No Hold | ED80: No Hold | EE80: 120 | EF80: 200 | EQ80: In House | ET80: AXYZ | EU80: AXYZ Titans Line Clean and Brake Fab | EV80: 46104 | EW80: 46106 | EX80: 3 | EZ80: QC Not Requested | FA80: 46114 | FB80: 1 | FC80: David Hasty | FD80: Ramon Estrada, Shane Watson | FE80: 46114 | FG80: Issue Still in Process | FH80: Arnold Jurado - @dusatenko@jwmcd.com @jdavis@jwmcd.com PROGRAMMED | FI80: 1010 | FK80: Joe Hoyle | FL80: Hennadii Stakhurskyi | FM80: Denis Usatenko | FN80: 24079-FS101 In-House | FP80: 2026, Week 09
A81: 80 | B81: 24079-FS102 | D81: Nashville Youth Campus | E81: 1354 Brick Church Pike Nashville, TN 37207 | F81: Joe Hoyle | G81: 828.334.7808 | H81: 400 | J81: AREA D | K81: AREA D - ACM Release #001. Connect layout with FS101. Coordinate FS102 with FS02. Check panel alignment across both approved ACM and fiber shop drawings. Parapet dimensions are in the photos folder. Job is not 100%, there are missing frames, columns and sheathing. We'll be coordinating with the field to resolve missing information. Drawing indicating the extent of scope is found in the FD Docs folder. Calcs are not complete. | L81: * SKETCHES * CUT LIST * EXTRUSION TIGER SAW LIST * COLOR LABELS | M81: * (1500 lft) 16ga, flat-strap for the FIELD * 2 SETS - INSTALL DRAWINGS * ( LF) 1-5/8" Reveals * ( LF) JR2 | R81: 192 | S81: 198 | T81: 162 | Y81: 4mm X 62" X 196" 'Cloud White Matte' FR ACM, Grain | Z81: FR ACM | AA81: 4mm X 62" X 196" 'Cloud White Matte' | AB81: Yes | AD81: MTPK | AE81: 1 | AF81: -39 | AG81: Denis Usatenko | AH81: Denis Usatenko | AI81: Denis Usatenko | AJ81: Denis Usatenko | AK81: Hennadii Stakhurskyi | AL81: Hennadii Stakhurskyi | AM81: Denis Usatenko | AN81: Hennadii Stakhurskyi | AP81: Arnold Jurado, Issiah Havens | AU81: Hennadii Stakhurskyi | AV81: 46041.65 | AX81: 46076 | BC81: 46097 | BE81: 46097 | BH81: YES | BI81: 370 | BO81: MATCH COLOR | BP81: YES | BQ81: Approved As Noted | BR81: YES | BS81: Q:\Jobs\24079 - Nashville Youth Campus\03_Engineering\02_FD Docs\24079 - NYCE - FS103 AREA D | BT81: NO | BV81: NO | CC81: Sketch Check | CD81: TRUE | CE81: TRUE | CF81: TRUE | CG81: AXYZ Titans Line | DB81: TRUE | DC81: TRUE | DF81: 24079 | DG81: FS | DI81: 102 | DK81: 102 | DL81: 24079-FS303 | DQ81: No Hold | DU81: No Hold | DY81: No Hold | EC81: No Hold | ED81: No Hold | EE81: 80 | EF81: 462 | EQ81: Customer Pick Up In House | ET81: AXYZ | EU81: AXYZ Titans Line Clean and Brake Fab | EX81: No Program Requested | EZ81: Issue Still In Process | FB81: Issue Still In Process | FC81: David Hasty | FD81: Ramon Estrada, Shane Watson | FG81: Issue Still in Process | FI81: 1010 | FK81: Joe Hoyle | FL81: Hennadii Stakhurskyi | FM81: Denis Usatenko | FN81: 24079-FS102 In-House | FP81: 2026, Week 12
A82: 81 | B82: 24051-FS04 | D82: TN Titans Stadium | E82: 1 Titans Way Nashville, TN 37213 | F82: Marc Ribar | G82: 360.798.3603 | H82: 400 | K82: WEST LEVEL 400 UPPER BAND | N82: Q:\Jobs\24051 - TN Titans Stadium\04_Production\24051FS04 | O82: 0.28004982 | P82: 5396 | Q82: 19268 | R82: 153 | S82: 153 | T82: 2 | U82: 918 | V82: 1780 | W82: 196 X 62 - 39 | X82: 19:54:09 | Y82: 4MM FR CORE TOB BLACK 62 X 196 FR ACM, No Grain | Z82: FR ACM | AA82: 4MM FR CORE TOB BLACK 62 X 196 | AB82: No | AE82: 1 | AF82: -260 | AG82: Ramon Estrada, Shane Watson | AH82: Denis Usatenko | AJ82: Hennadii Stakhurskyi | AL82: Hennadii Stakhurskyi | AM82: Denis Usatenko | AN82: Hennadii Stakhurskyi | AP82: Issiah Havens | AS82: TRUE | AU82: Hennadii Stakhurskyi | AV82: 45722.64 | AX82: 45748 | AY82: 45735 | BA82: 45765 | BC82: 45769 | BE82: 45769 | BH82: YES | BI82: 1000 | BO82: MATCH COLOR | BP82: YES | BQ82: Approved | BR82: NO | BT82: NO | BV82: NO | CC82: Partially Shipped | CD82: TRUE | CE82: TRUE | CF82: TRUE | CG82: AXYZ Titans Line | DB82: TRUE | DC82: TRUE | DF82: 24051 | DG82: FS | DI82: 04 | DK82: 4 | DL82: 24051-FS231 | DQ82: No Hold | DU82: No Hold | DY82: No Hold | EC82: No Hold | ED82: No Hold | EE82: 4 | EF82: 300 | EQ82: In House | ET82: AXYZ | EU82: AXYZ Titans Line Clean and Brake Fab | EV82: 45734 | EW82: 45735 | EX82: 2 | EZ82: QC Not Requested | FA82: 45768 | FB82: 2 | FC82: David Hasty | FD82: Ramon Estrada, Shane Watson | FE82: 45769 | FG82: Issue Still in Process | FH82: Samantha Krantz - Reveals done 4-7-25 | FI82: 1010 | FK82: Marc Ribar | FL82: Hennadii Stakhurskyi | FM82: Denis Usatenko | FN82: 24051-FS04 In-House | FP82: 2025, Week 17
A83: 82 | B83: 24051-FS05 | D83: TN Titans Stadium | E83: 1 Titans Way Nashville, TN 37213 | F83: Marc Ribar | G83: 360.798.3603 | H83: 400 | K83: WEST LEVEL 4 MIDDLE ROW | N83: Q:\Jobs\24051 - TN Titans Stadium\04_Production\24051FS05 | O83: 0.28799045 | P83: 5549 | Q83: 19268 | R83: 153 | S83: 153 | T83: 2 | U83: 707 | V83: 1050 | W83: 196 X 62 - 11 | X83: 11:21:07 | Y83: 4MM FR CORE TOB BLACK 62 X 196 FR ACM, No Grain | Z83: FR ACM | AA83: 4MM FR CORE TOB BLACK 62 X 196 | AB83: No | AE83: 1 | AF83: -260 | AG83: Ramon Estrada, Shane Watson | AH83: Denis Usatenko | AJ83: Hennadii Stakhurskyi | AL83: Hennadii Stakhurskyi | AM83: Denis Usatenko | AN83: Hennadii Stakhurskyi | AP83: Issiah Havens | AS83: TRUE | AU83: Hennadii Stakhurskyi | AV83: 45722.649 | AX83: 45748 | AY83: 45735 | BA83: 45765 | BC83: 45769 | BE83: 45769 | BH83: YES | BI83: 1000 | BO83: MATCH COLOR | BP83: YES | BQ83: Approved | BR83: NO | BT83: NO | BV83: NO | CC83: Partially Shipped | CD83: TRUE | CE83: TRUE | CF83: TRUE | CG83: AXYZ Titans Line | DB83: TRUE | DC83: TRUE | DF83: 24051 | DG83: FS | DI83: 05 | DK83: 5 | DL83: 24051-FS231 | DQ83: No Hold | DU83: No Hold | DY83: No Hold | EC83: No Hold | ED83: No Hold | EE83: 4 | EF83: 300 | EQ83: In House | ET83: AXYZ | EU83: AXYZ Titans Line Clean and Brake Fab | EV83: 45734 | EW83: 45735 | EX83: 2 | EZ83: QC Not Requested | FA83: 45768 | FB83: 2 | FC83: David Hasty | FD83: Ramon Estrada, Shane Watson | FE83: 45769 | FG83: Issue Still in Process | FH83: Samantha Krantz - Reveals done 4-7-25 | FI83: 1010 | FK83: Marc Ribar | FL83: Hennadii Stakhurskyi | FM83: Denis Usatenko | FN83: 24051-FS05 In-House | FP83: 2025, Week 17
A84: 83 | B84: 24051-FS06 | D84: TN Titans Stadium | E84: 1 Titans Way Nashville, TN 37213 | F84: Marc Ribar | G84: 360.798.3603 | H84: 400 | K84: LEVEL 4 BOTTOM ROW OF PANELS | N84: Q:\Jobs\24051 - TN Titans Stadium\04_Production\24051FS06 | O84: 0.29593108 | P84: 5702 | Q84: 19268 | R84: 153 | S84: 153 | T84: 4 | U84: 1071 | V84: 2160 | W84: 196 X 62 - 42 | X84: 20:53:28 | Y84: 4MM FR CORE TOB BLACK 62 X 196 FR ACM, No Grain | Z84: FR ACM | AA84: 4MM FR CORE TOB BLACK 62 X 196 | AB84: No | AE84: 3 | AF84: -259 | AG84: Ramon Estrada, Shane Watson | AH84: Denis Usatenko | AJ84: Hennadii Stakhurskyi | AL84: Hennadii Stakhurskyi | AM84: Denis Usatenko | AN84: Hennadii Stakhurskyi | AP84: Issiah Havens | AS84: TRUE | AU84: Hennadii Stakhurskyi | AV84: 45722.651 | AX84: 45749 | AY84: 45736 | BA84: 45768 | BC84: 45770 | BE84: 45770 | BH84: YES | BI84: 1000 | BO84: MATCH COLOR | BP84: YES | BQ84: Approved | BR84: NO | BT84: NO | BV84: NO | CC84: Partially Shipped | CD84: TRUE | CE84: TRUE | CF84: TRUE | CG84: AXYZ Titans Line | DB84: TRUE | DC84: TRUE | DF84: 24051 | DG84: FS | DI84: 06 | DK84: 6 | DL84: 24051-FS231 | DQ84: No Hold | DU84: No Hold | DY84: No Hold | EC84: No Hold | ED84: No Hold | EE84: 4 | EF84: 300 | EQ84: In House | ET84: AXYZ | EU84: AXYZ Titans Line Clean and Brake Fab | EV84: 45735 | EW84: 45735 | EX84: 1 | EZ84: QC Not Requested | FA84: 45770 | FB84: 1 | FC84: David Hasty | FD84: Ramon Estrada, Shane Watson | FE84: 45770 | FG84: Issue Still in Process | FH84: Samantha Krantz - Reveals done 4-10-25 | FI84: 1010 | FK84: Marc Ribar | FL84: Hennadii Stakhurskyi | FM84: Denis Usatenko | FN84: 24051-FS06 In-House | FP84: 2025, Week 17
A85: 84 | B85: 24051-FS10 | D85: TN Titans Stadium | E85: 1 Titans Way Nashville, TN 37213 | F85: Marc Ribar | G85: 360.798.3603 | H85: 400 | K85: South Elevation 700 level. Install Direction Left to Right | N85: Q:\Jobs\24051 - TN Titans Stadium\04_Production\24051FS10 | O85: 0.304235 | P85: 5862 | Q85: 19268 | R85: 160 | S85: 160 | T85: 2 | U85: 1120 | V85: 2080 | W85: 196 X 62 - 54 | X85: 23:52:07 | Y85: 4MM FR CORE TOB BLACK 62 X 196 FR ACM, No Grain | Z85: FR ACM | AA85: 4MM FR CORE TOB BLACK 62 X 196 | AB85: No | AE85: 4 | AF85: -250 | AG85: Unassigned | AH85: Denis Usatenko | AI85: Hennadii Stakhurskyi | AJ85: Hennadii Stakhurskyi | AL85: Hennadii Stakhurskyi | AM85: Denis Usatenko | AN85: Hennadii Stakhurskyi | AP85: Issiah Havens | AS85: TRUE | AU85: Hennadii Stakhurskyi | AV85: 45737.23 | AX85: 45762 | AY85: 45743 | BA85: 45779 | BC85: 45783 | BE85: 45783 | BH85: YES | BI85: 1000 | BO85: MATCH COLOR | BP85: YES | BQ85: Approved | BR85: NO | BT85: NO | BV85: NO | CC85: RTS Titans | CD85: TRUE | CE85: TRUE | CF85: TRUE | CG85: AXYZ Titans Line | DB85: TRUE | DC85: TRUE | DF85: 24051 | DG85: FS | DI85: 10 | DK85: 10 | DL85: 24051-FS231 | DQ85: No Hold | DU85: No Hold | DY85: No Hold | EC85: No Hold | ED85: No Hold | EE85: 8 | EF85: 300 | EQ85: In House | ET85: AXYZ | EU85: AXYZ Titans Line Clean and Brake Fab | EV85: 45742 | EW85: 45742 | EX85: 1 | EZ85: QC Not Requested | FA85: 45782 | FB85: 2 | FC85: David Hasty | FD85: Ramon Estrada, Shane Watson | FE85: 45783 | FG85: Issue Still in Process | FH85: Samantha Krantz - Reveals done 4-13-25 | FI85: 1010 | FK85: Marc Ribar | FL85: Hennadii Stakhurskyi | FM85: Denis Usatenko | FN85: 24051-FS10 In-House | FP85: 2025, Week 19
A86: 85 | B86: 24051-FS42.1 | D86: TN Titans Stadium | E86: 1 Titans Way Nashville, TN 37213 | F86: Marc Ribar | G86: 360.798.3603 | H86: 400 | K86: EAST LEVEL 200 | L86: * SKETCHES * CUT LIST * EXTRUSION TIGER SAW LIST * COLOR LABELS | M86: * 2 SETS - INSTALL DRAWINGS * (1582 LF) 1-5/8" Reveals * ( 100 pcs) Corner Clips * ( 200 pcs ) Color Matching Screws﻿ * ( 242 LF) JR2 (EXTENDED?) | N86: Q:\Jobs\24051 - TN Titans Stadium\04_Production\24051FS42.1 | O86: 0.66389869 | P86: 12792 | Q86: 19268 | R86: 98 | S86: 98 | T86: 14 | U86: 661 | V86: 1582 | W86: 48 | X86: 14:53:45 | Y86: 4mm X 62" X 196", TOB BLACK FR ACM, No Grain | Z86: FR ACM | AA86: 4mm X 62" X 196", TOB BLACK | AB86: No | AE86: 75 | AF86: -46 | AG86: Unassigned | AH86: Denis Usatenko | AI86: Hennadii Stakhurskyi | AJ86: Hennadii Stakhurskyi | AL86: Hennadii Stakhurskyi | AM86: Denis Usatenko | AN86: Ailen Niedfeld | AP86: Arnold Jurado, Issiah Havens | AS86: TRUE | AU86: Ailen Niedfeld | AV86: 46011.24 | AX86: 46045 | AY86: 46049 | AZ86: TRUE | BA86: 46065 | BC86: 46066 | BE86: 46066 | BH86: YES | BI86: 750 | BO86: MATCH COLOR | BP86: YES | BQ86: Approved | BR86: NO | BT86: NO | BV86: NO | CC86: RTS Titans | CD86: TRUE | CE86: TRUE | CF86: TRUE | CG86: AXYZ Titans Line | DB86: TRUE | DC86: TRUE | DF86: 24051 | DG86: FS | DI86: 42.1 | DK86: 42.1 | DL86: 24051-FS231 | DQ86: No Hold | DU86: No Hold | DY86: No Hold | EC86: No Hold | ED86: No Hold | EE86: 12 | EF86: 200 | EQ86: In House | ET86: AXYZ | EU86: AXYZ Titans Line Clean and Brake Fab | EV86: 46046 | EW86: 46049 | EX86: 2 | EZ86: QC Not Requested | FA86: 46100 | FB86: 1 | FC86: David Hasty | FD86: Ramon Estrada, Shane Watson | FE86: 46100 | FG86: Issue Still in Process | FH86: Issiah Havens - @jdavis@jwmcd.com programmed. @aniedfeld@jwmcd.com please print all documents from the "PROGRAMMING DOCS" folder | FI86: 1010 | FK86: Marc Ribar | FL86: Hennadii Stakhurskyi | FM86: Denis Usatenko | FN86: 24051-FS42.1 In-House | FP86: 2026, Week 07
A87: 86 | B87: 24051-FS43 | D87: TN Titans Stadium | E87: 1 Titans Way Nashville, TN 37213 | F87: Marc Ribar | G87: 360.798.3603 | H87: 400 | K87: EAST ELEVATION LEVEL 050. INSTRALL DIRECTION ROGHT TO LEFT. BOTTOM LEFT OUT OF RELEASE TO FIELD MEASURE. | N87: Q:\Jobs\24051 - TN Titans Stadium\04_Production\24051FS43 | O87: 0.47565912 | P87: 9165 | Q87: 19268 | R87: 160 | S87: 160 | T87: 8 | U87: 969 | V87: 2200 | W87: 196 X 62 - 155 | X87: 31:54:12 | Y87: 4MM FR CORE TOB BLACK 62 X 196 FR ACM, No Grain | Z87: FR ACM | AA87: 4MM FR CORE TOB BLACK 62 X 196 | AB87: No | AE87: 33 | AF87: -186 | AG87: Unassigned | AH87: Denis Usatenko | AJ87: Hennadii Stakhurskyi | AL87: Hennadii Stakhurskyi | AM87: Denis Usatenko | AN87: Hennadii Stakhurskyi | AP87: Issiah Havens | AS87: TRUE | AU87: Hennadii Stakhurskyi | AV87: 45818.677 | AX87: 45852 | AY87: 45845 | BA87: 45869 | BC87: 45873 | BE87: 45873 | BH87: YES | BI87: 500 | BO87: MATCH COLOR | BP87: YES | BQ87: Approved | BR87: NO | BT87: NO | BV87: YES | BW87: Q:\Jobs\24051 - TN Titans Stadium\03_Engineering\03_FS_Issues\01_Calcs\2025-5-27_LOCSHA STADIUM CALC PACKAGE | CC87: RTS Titans | CD87: TRUE | CE87: TRUE | CF87: TRUE | CG87: AXYZ Titans Line | DB87: TRUE | DC87: TRUE | DF87: 24051 | DG87: FS | DI87: 43 | DK87: 43 | DL87: 24051-FS231 | DQ87: No Hold | DU87: No Hold | DY87: No Hold | EC87: No Hold | ED87: No Hold | EE87: 4 | EF87: 250 | EQ87: In House | ET87: AXYZ | EU87: AXYZ Titans Line Clean and Brake Fab | EV87: 45840 | EW87: 45841 | EX87: 2 | EZ87: QC Not Requested | FA87: 45885 | FB87: 1 | FC87: David Hasty | FD87: Ramon Estrada, Shane Watson | FE87: 45887 | FG87: Issue Still in Process | FH87: Issiah Havens - @hstakhurskyi@jwmcd.com @jdavis@jwmcd.com @tgraves@jwmcd.com Programmed w/ PT | FI87: 1010 | FK87: Marc Ribar | FL87: Hennadii Stakhurskyi | FM87: Denis Usatenko | FN87: 24051-FS43 In-House | FP87: 2025, Week 32
A88: 87 | B88: 24051-FS43.1 | D88: TN Titans Stadium | E88: 1 Titans Way Nashville, TN 37213 | F88: Marc Ribar | G88: 360.798.3603 | H88: 400 | K88: LEVEL 50 EAST ELEVATION | L88: * SKETCHES * CUT LIST * EXTRUSION TIGER SAW LIST * COLOR LABELS | M88: * 2 SETS - INSTALL DRAWINGS * (437 LF) 1-5/8" Reveals | N88: Q:\Jobs\24051 - TN Titans Stadium\04_Production\24051FS43.1 | O88: 0.65372639 | P88: 12596 | Q88: 19268 | R88: 30 | S88: 30 | T88: 4 | U88: 183 | V88: 437 | W88: 30 | X88: 06:02:31 | Y88: 4mm X 62" X 196", TOB BLACK FR ACM, No Grain | Z88: FR ACM | AA88: 4mm X 62" X 196", TOB BLACK | AB88: No | AE88: 71 | AF88: -48 | AG88: Unassigned | AH88: Denis Usatenko | AI88: Hennadii Stakhurskyi | AJ88: Hennadii Stakhurskyi | AL88: Hennadii Stakhurskyi | AM88: Denis Usatenko | AN88: Ailen Niedfeld | AP88: Arnold Jurado, Issiah Havens | AS88: TRUE | AU88: Ailen Niedfeld | AV88: 46010.392 | AX88: 46041 | AY88: 46045 | AZ88: TRUE | BA88: 46063 | BC88: 46062 | BE88: 46062 | BH88: YES | BI88: 1000 | BO88: MATCH COLOR | BP88: YES | BQ88: Approved | BR88: NO | BT88: NO | BV88: NO | CC88: RTS Titans | CE88: TRUE | CF88: TRUE | CG88: AXYZ Titans Line | DB88: TRUE | DC88: TRUE | DF88: 24051 | DG88: FS | DI88: 43.1 | DK88: 43.1 | DL88: 24051-FS231 | DQ88: No Hold | DU88: No Hold | DY88: No Hold | EC88: No Hold | ED88: No Hold | EE88: 8 | EF88: 80 | EQ88: In House | ET88: AXYZ | EU88: AXYZ Titans Line Clean and Brake Fab | EV88: 46045 | EW88: 46045 | EX88: 1 | EZ88: Issue Still In Process | FB88: Crating Start Date Not Recorded | FC88: David Hasty | FD88: Ramon Estrada, Shane Watson | FE88: 46084 | FG88: Issue Still in Process | FH88: Issiah Havens - @aniedfeld@jwmcd.com @jdavis@jwmcd.com PROGRAMMED | FI88: 1010 | FK88: Marc Ribar | FL88: Hennadii Stakhurskyi | FM88: Denis Usatenko | FN88: 24051-FS43.1 In-House | FP88: 2026, Week 07
A89: 88 | B89: 24051-FS44 | D89: TN Titans Stadium | E89: 1 Titans Way Nashville, TN 37213 | F89: Marc Ribar | G89: 360.798.3603 | H89: 400 | K89: EAST ELEVATION LEVEL 050. BOTTOM ROW LEFT OFF RELEASE FOR FIELD MEASURE. | N89: Q:\Jobs\24051 - TN Titans Stadium\04_Production\24051FS44 | O89: 0.48188707 | P89: 9285 | Q89: 19268 | R89: 120 | S89: 120 | T89: 8 | U89: 725 | V89: 1700 | W89: 196 X 62 - 115 | X89: 23:47:40 | Y89: 4MM FR CORE TOB BLACK 62 X 196 FR ACM, No Grain | Z89: FR ACM | AA89: 4MM FR CORE TOB BLACK 62 X 196 | AB89: No | AE89: 40 | AF89: -176 | AG89: Unassigned | AH89: Denis Usatenko | AJ89: Hennadii Stakhurskyi | AL89: Hennadii Stakhurskyi | AM89: Denis Usatenko | AN89: Hennadii Stakhurskyi | AP89: Issiah Havens | AS89: TRUE | AU89: Hennadii Stakhurskyi | AV89: 45818.685 | AX89: 45866 | AY89: 45845 | BA89: 45883 | BC89: 45887 | BE89: 45887 | BH89: YES | BI89: 500 | BO89: MATCH COLOR | BP89: YES | BQ89: Approved | BR89: NO | BT89: NO | BV89: YES | BW89: Q:\Jobs\24051 - TN Titans Stadium\03_Engineering\03_FS_Issues\01_Calcs\2025-5-27_LOCSHA STADIUM CALC PACKAGE | CC89: RTS Titans | CD89: TRUE | CE89: TRUE | CF89: TRUE | CG89: AXYZ Titans Line | DB89: TRUE | DC89: TRUE | DF89: 24051 | DG89: FS | DI89: 44 | DK89: 44 | DL89: 24051-FS231 | DQ89: No Hold | DU89: No Hold | DY89: No Hold | EC89: No Hold | ED89: No Hold | EE89: 4 | EF89: 200 | EQ89: In House | ET89: AXYZ | EU89: AXYZ Titans Line Clean and Brake Fab | EV89: 45840 | EW89: 45841 | EX89: 2 | EZ89: QC Not Requested | FA89: 45881 | FB89: 5 | FC89: David Hasty | FD89: Ramon Estrada, Shane Watson | FE89: 45887 | FG89: Issue Still in Process | FH89: Issiah Havens - @hstakhurskyi@jwmcd.com @jdavis@jwmcd.com @tgraves@jwmcd.com Programmed w/ PT | FI89: 1010 | FK89: Marc Ribar | FL89: Hennadii Stakhurskyi | FM89: Denis Usatenko | FN89: 24051-FS44 In-House | FP89: 2025, Week 34
A90: 89 | B90: 24051-FS45 | D90: TN Titans Stadium | E90: 1 Titans Way Nashville, TN 37213 | F90: Marc Ribar | G90: 360.798.3603 | H90: 400 | J90: EVERY CRATE REQUIRES REVEALS EVERY CRATE REQUIRES JR2 | K90: NORTH LEVEL 200 | L90: * SKETCHES * CUT LIST * EXTRUSION TIGER SAW LIST * COLOR LABELS | M90: 2 SETS - INSTALL DRAWINGS 375 LF - 1 5/8" REVEALS TO MATCH 140 LF - JR2 175 pcs - Corner Clips 350 pcs - Color Matched Screws | N90: Q:\Jobs\24051 - TN Titans Stadium\04_Production\24051FS45 | O90: 0.53088022 | P90: 10229 | Q90: 19268 | R90: 78 | S90: 78 | T90: 9 | U90: 468 | V90: 375 | W90: 17 SHEETS | X90: 00d09h48m52s | Y90: Alpolic - 4mm - 3600 pcs - [62 X 196] - TOB BLACK FR ACM, No Grain | Z90: FR ACM | AA90: Alpolic - 4mm - 3600 pcs - [62 X 196] - TOB BLACK | AB90: No | AE90: 47 | AF90: -103 | AG90: Unassigned | AH90: Denis Usatenko | AJ90: Hennadii Stakhurskyi | AL90: Hennadii Stakhurskyi | AM90: Denis Usatenko | AN90: Hennadii Stakhurskyi | AP90: Arnold Jurado, Issiah Havens | AS90: TRUE | AU90: Hennadii Stakhurskyi | AV90: 45945.676 | AX90: 45966 | AY90: 45968 | AZ90: TRUE | BA90: 45986 | BC90: 45987 | BE90: 45987 | BH90: YES | BI90: 1000 | BO90: MATCH COLOR | BP90: YES | BQ90: Approved | BR90: NO | BT90: NO | BV90: NO | CC90: RTS Titans | CD90: TRUE | CE90: TRUE | CF90: TRUE | CG90: AXYZ Titans Line | DB90: TRUE | DC90: TRUE | DF90: 24051 | DG90: FS | DI90: 45 | DK90: 45 | DL90: 24051-FS231 | DQ90: No Hold | DU90: No Hold | DY90: No Hold | EC90: No Hold | ED90: No Hold | EE90: 8 | EF90: 140 | EQ90: In House | ET90: AXYZ | EU90: AXYZ Titans Line Clean and Brake Fab | EV90: 45967 | EW90: 45967 | EX90: 1 | EZ90: QC Not Requested | FA90: 45974 | FB90: 8 | FC90: David Hasty | FD90: Ramon Estrada, Shane Watson | FE90: 45985 | FG90: Issue Still in Process | FH90: Arnold Jurado - @hstakhurskyi@jwmcd.com @dusatenko@jwmcd.com @jdavis@jwmcd.com PROGRAMMED | FI90: 1010 | FK90: Marc Ribar | FL90: Hennadii Stakhurskyi | FM90: Denis Usatenko | FN90: 24051-FS45 In-House | FO90: TRUE | FP90: 2025, Week 48
A91: 90 | B91: 24048-RM02 | D91: QTS NAL2 DC1 | E91: 785 Beech Rd SW New Albany, OH 43054 | F91: Joe Hoyle | G91: 828.334.7808 | H91: 400 | J91: Panels missing from original delivery. Ship ASAP. | K91: Loading dock soffit remakes. Pull materials from 24065. | M91: TBD | N91: Q:\Jobs\24048 - QTS NAL2 DC1\04_Production\24048RM02 | O91: 1.0237406 | P91: 1768 | Q91: 1727 | R91: 3 | S91: 3 | T91: 3 | U91: 0 | V91: 0 | W91: 160 X 62 - 3 SHEETS | X91: 00:13:04 | Y91: 4mm X 62" X 160" 'SMX Silver' FR ACM, Grain | Z91: FR ACM | AA91: 4mm X 62" X 160" 'SMX Silver' | AB91: Yes | AE91: 16 | AF91: -157 | AG91: Ramon Estrada, Shane Watson | AH91: Denis Usatenko | AL91: Chance Dill | AM91: Denis Usatenko | AN91: Chance Dill | AP91: Arnold Jurado, Issiah Havens | AS91: TRUE | AU91: Chance Dill | AV91: 45894.273 | AW91: TRUE | AX91: 45896 | AY91: 45894 | AZ91: TRUE | BA91: 45910 | BC91: 45897 | BE91: 45897 | BH91: YES | BI91: 81 | BO91: MATCH COLOR | BP91: YES | BQ91: Approved As Noted | BR91: NO | BT91: YES | BU91: Q:\Jobs\24048 - QTS NAL2 DC1\03_Engineering\02_FD Docs\24048 - Loading Dock Soffit | BV91: YES | BW91: Q:\Jobs\24048 - QTS NAL2 DC1\03_Engineering\04_Calcs | BX91: 201-2Q02 201-2Q06 201-2Q07 | BY91: FS12 | CA91: SHIPPING | CC91: Ready to Ship | CE91: TRUE | CF91: TRUE | CG91: AXYZ Titans Line | DB91: TRUE | DC91: TRUE | DF91: 24048 | DG91: RM | DI91: 02 | DK91: 2 | DL91: 24048-RM02 | DQ91: No Hold | DU91: No Hold | DY91: No Hold | EC91: No Hold | ED91: No Hold | EE91: 1 | EF91: 4 | EQ91: In House | ET91: AXYZ | EU91: AXYZ Titans Line Clean and Brake Fab | EV91: 45894 | EW91: 45894 | EX91: 1 | EZ91: QC Not Requested | FA91: 45896 | FB91: 2 | FC91: David Hasty | FD91: Ramon Estrada, Shane Watson | FE91: 45897 | FG91: Issue Still in Process | FH91: Arnold Jurado - @cdill@jwmcd.com @jdavis@jwmcd.com PROGRAMMED | FI91: 1010 | FK91: Joe Hoyle | FL91: Chance Dill | FM91: Denis Usatenko | FN91: 24048-RM02 In-House | FP91: 2025, Week 35
A92: 91 | B92: 24051-BM01 | D92: TN Titans Stadium | E92: 1 Titans Way Nashville, TN 37213 | F92: Marc Ribar | G92: 360.798.3603 | J92: issue does not ship as its own separate order. Will be sent to jobsite as needed with FS releases. | K92: JR-Extended (1500 pcs @ 10'-0") Use stock 0.125 AL | O92: N/A | P92: N/A | Q92: N/A | R92: 0 | S92: 1900 | T92: 1 | U92: 0 | V92: 0 | W92: 150 | X92: 0 | Y92: .125" X 60" X 120", 3003-H12 Mill Alum Sheet, No Grain | Z92: Alum Sheet | AA92: .125" X 60" X 120", 3003-H12 Mill | AB92: No | AE92: 17 | AF92: -219 | AG92: Unassigned | AH92: Denis Usatenko | AI92: Paul J Roberts | AL92: Paul J Roberts | AM92: Terry Jones | AN92: Paul J Roberts | AU92: Paul J Roberts | AV92: 45721.446 | AX92: 45817 | AY92: 45730 | BA92: 45824 | BC92: 45826 | BE92: 45826 | BH92: YES | BI92: 100 | CC92: RTS Titans | CE92: TRUE | CO92: TRUE | CU92: TRUE | DF92: 24051 | DG92: BM | DI92: 01 | DK92: 1 | DL92: 24051-BM02 | DQ92: No Hold | DU92: No Hold | DY92: No Hold | EC92: No Hold | ED92: No Hold | EE92: 1 | EF92: 60 | EQ92: In House | EU92: Brake Shear | EX92: No Program Requested | EZ92: QC Not Requested | FA92: 45826 | FB92: 1 | FC92: David Hasty | FD92: Ramon Estrada, Shane Watson | FE92: 45826 | FG92: Issue Still in Process | FH92: Paul J Roberts - @dusatenko@jwmcd.com I switched check over to Terry. | FI92: 1010 | FK92: Marc Ribar | FL92: Paul J Roberts | FM92: Terry Jones | FN92: 24051-BM01 In-House | FP92: 2025, Week 25
A93: 92 | B93: 24051-BM02 | D93: TN Titans Stadium | E93: 1 Titans Way Nashville, TN 37213 | F93: Marc Ribar | G93: 360.798.3603 | J93: BUNDLE 700 LF FOR FS10C & 710 LF FOR FS33C PUT THESE PARTS IN THE RELEASE BUNDLES TO ENSURE THE MATERIAL IS SHIPPED WITH THE PANELS. | L93: * Sketch | N93: Q:\Jobs\24051 - TN Titans Stadium\04_Production\24051BM02 | O93: N/A | P93: N/A | Q93: N/A | R93: 0 | S93: 141 | T93: 1 | U93: 0 | V93: 0 | W93: 9 - SHTS | X93: NA | Y93: .063" X 48" X 120", 3003 Mill Alum Sheet, No Grain | Z93: Alum Sheet | AA93: .063" X 48" X 120", 3003 Mill | AB93: No | AE93: 69 | AF93: -52 | AG93: Unassigned | AH93: Denis Usatenko | AL93: Denis Usatenko | AU93: Denis Usatenko | AV93: 46027.565 | AX93: 46050 | AY93: 46027 | BA93: 46057 | BC93: 46059 | BE93: 46059 | BH93: YES | BI93: 12 | CC93: RTS Titans | CE93: TRUE | CO93: TRUE | CP93: TRUE | DF93: 24051 | DG93: BM | DI93: 02 | DK93: 2 | DL93: 24051-BM02 | DQ93: No Hold | DU93: No Hold | DY93: No Hold | EC93: No Hold | ED93: No Hold | EE93: 2 | EF93: 6 | EQ93: In House | EU93: Cidan Shear | EX93: No Program Requested | EZ93: QC Not Requested | FA93: 46041 | FB93: 9 | FC93: David Hasty | FD93: Ramon Estrada, Shane Watson | FE93: 46051 | FG93: Issue Still in Process | FH93: Denis Usatenko - 141 | FI93: 1010 | FK93: Marc Ribar | FL93: Denis Usatenko | FN93: 24051-BM02 In-House | FP93: 2026, Week 06
A94: 93 | B94: 25032-FL01 | D94: Amazon IAD181 | E94: 43649 Light Speed Plaza Sterling, VA 20166 | F94: Matt Rassmussen | J94: Morin Dove Gray | L94: * Sketches | N94: Q:\Jobs\25032 - Amazon IAD181\04_Production\25032FL01 | O94: N/A | P94: N/A | Q94: N/A | R94: 0 | S94: 287 | T94: 16 | U94: 0 | V94: 0 | W94: 29 - SHTS | X94: na | Y94: 22ga, 48 x 120 - Dove Gray Steel Sheet, No Grain | Z94: Steel Sheet | AA94: 22ga, 48 x 120 - Dove Gray | AB94: No | AE94: 2 | AF94: -17 | AG94: Samantha Krantz, Shane Jones | AH94: Denis Usatenko | AI94: Denis Usatenko | AL94: Denis Usatenko | AU94: Denis Usatenko | AV94: 46057.364 | AX94: 46099 | AY94: 46066 | BA94: 46106 | BC94: 46108 | BE94: 46108 | BH94: YES | BI94: 40 | BJ94: 46087 | CC94: Shear | CE94: TRUE | CO94: TRUE | CP94: TRUE | DF94: 25032 | DG94: FL | DI94: 01 | DK94: 1 | DL94: 25032-FL01 | DQ94: No Hold | DU94: No Hold | DY94: No Hold | EC94: No Hold | ED94: No Hold | EE94: 8 | EF94: 16 | EQ94: LTL | EU94: Cidan Shear | EX94: No Program Requested | EZ94: Issue Still In Process | FB94: Issue Still In Process | FC94: David Hasty | FD94: Ramon Estrada, Shane Watson | FG94: Issue Still in Process | FH94: Denis Usatenko - @mrassmussen@jwmcd.com I will look and come by your desk. I deleted your note about reviewing. | FI94: 1010 | FK94: Matt Rassmussen | FL94: Denis Usatenko | FN94: 25032-FL01 In-House | FO94: TRUE | FP94: 2026, Week 13
A95: 94 | B95: 24081-FS01 | D95: DLR DFW37 | E95: 1502 Ferris Rd Garland, TX 75044 | F95: Cole Norona | G95: 931.591.9340 | H95: 400 | J95: POST PAINTED INSTRUCTIONS *SEE FOLLOWING NOTES*: -Do NOT apply stiffeners; crate the stiffeners/1199 so post painter can apply them. These will still need to be cut AND bundled/labeled per panel part. Stiffeners MUST have tape on them prior to shipping. -Mark the panel numbers on the side that is NOT painted in marker, NO STICKERS -Do NOT tape extrusions -Extremely important that the part lists are included in the crates for post painter﻿ GANG FORM CORNER REVEALS | K95: -Material used is .125 60" x 144" 3003, returns to be bent not routed -This release is for Sector A & C; Elevations 202, 203, 204 (Black Color) -We are released off our frame-to drawings. Please work off our drawings for measurements. I did add the glazing drawings in case those were needed. | L95: SKETCHES PROGRAMMING FILES EXTRUSION CUT LIST YELLOW LABELS | M95: 16 RETICULATED BAFFLES 19 LF JR2 | N95: Q:\Jobs\24081 - DLR DFW37\04_Production\24081-FS01 | O95: Unavailable | P95: 127 | Q95: 0 | R95: 109 | S95: 308 | T95: 44 | U95: 674 | V95: 0 | W95: 28 | X95: 05:13:45 | Y95: .125"x 60”x144", 3003 Alum Sheet, No Grain | Z95: Alum Sheet | AA95: .125"x 60”x144", 3003 | AB95: No | AE95: 2 | AF95: -40 | AG95: Ramon Estrada, Shane Watson | AH95: David Hasty | AI95: David Hasty | AJ95: Frank Dean | AK95: David Hasty | AL95: Frank Dean | AM95: David Hasty | AN95: Frank Dean | AR95: Chris Gambrel | AS95: TRUE | AU95: Frank Dean | AV95: 46029.649 | AX95: 46052 | AY95: 46057 | AZ95: TRUE | BA95: 46073 | BB95: 46073 | BC95: 46073 | BE95: 46073 | BG95: 46078 | BH95: YES | BI95: 215 | BK95: TRUE | BL95: Post Paint | BM95: Air Performance 159 Genco Drive Hartford, AL 36344 Attn: Jake Faundez 941.718.2839 jfaundez@airperformancellc.com | BN95: Coating Ship To Site | BO95: FAB SCREW | BP95: N/A | BQ95: Approved | BR95: NO | BT95: NO | BV95: YES | BW95: Q:\Jobs\24081 - DLR DFW37\03_Engineering\02_FD Docs\24081FS01 | CC95: Shipped To Painter | CD95: TRUE | CE95: TRUE | CL95: TRUE | CM95: 7000 TruMatic | CS95: TRUE | CU95: TRUE | DB95: TRUE | DC95: TRUE | DF95: 24081 | DG95: FS | DI95: 01 | DK95: 1 | DL95: 24081-FS05 | DQ95: No Hold | DU95: No Hold | DY95: No Hold | EC95: No Hold | ED95: No Hold | EE95: 40 | EF95: 170 | EQ95: Hot Shot | ET95: Punch | EU95: 7000 TruMatic Brake Clean and Brake Extrusion Saw Fab Post Paint | EV95: 46056 | EW95: 46057 | EX95: 2 | EZ95: Issue Still In Process | FB95: Issue Still In Process | FC95: David Hasty | FD95: Ramon Estrada, Shane Watson | FG95: Issue Still in Process | FH95: Chris Gambrel - @fdean@jwmcd.com @jdorsey@jwmcd.com @dhasty@jwmcd.com flat programs completed. | FI95: 1010 | FK95: Cole Norona | FL95: Frank Dean | FM95: David Hasty | FN95: 24081-FS01 In-House | FO95: TRUE | FP95: 2026, Week 08
A96: 95 | B96: 24081-FS02 | D96: DLR DFW37 | E96: 1502 Ferris Rd Garland, TX 75044 | F96: Cole Norona | G96: 931.591.9340 | H96: 400 | J96: POST PAINTED INSTRUCTIONS *SEE FOLLOWING NOTES*: -Do NOT apply stiffeners; crate the stiffeners/1199 so post painter can apply them. These will still need to be cut AND bundled/labeled per panel part. Stiffeners MUST have tape on them prior to shipping. -Mark the panel numbers on the side that is NOT painted in marker, NO STICKERS -Do NOT tape extrusions -Extremely important that the part lists are included in the crates for post painter GANG FORM CORNER REVEALS | K96: -Material used is .125 60" x 144" 3003, returns to be bent not routed -This release is for Sector B & Entry Canopy; Elevations 206, 207, 208, 209 (Black Color) -We are released off our frame-to drawings. Please work off our drawings for measurements. I did add the glazing drawings in case those were needed. | L96: SKETCHES PROGRAMMING FILES YELLOW LABELS EXTRUSION CUT LIST | M96: 20 RETICULATED BAFFLES 55 LF JR2 | N96: Q:\Jobs\24081 - DLR DFW37\04_Production\24081-FS02 | O96: Unavailable | P96: 250 | Q96: 0 | R96: 123 | S96: 349 | T96: 57 | U96: 750 | V96: 0 | W96: 46 | X96: 06:57:07 | Y96: .125"x 60”x144", 3003 Alum Sheet, No Grain | Z96: Alum Sheet | AA96: .125"x 60”x144", 3003 | AB96: No | AE96: 3 | AF96: -39 | AG96: Ramon Estrada, Shane Watson | AH96: David Hasty | AI96: David Hasty | AJ96: Jonathan Dorsey | AK96: David Hasty | AL96: Jonathan Dorsey | AM96: David Hasty | AN96: Jonathan Dorsey | AR96: Chris Gambrel | AS96: TRUE | AU96: Jonathan Dorsey | AV96: 46029.657 | AX96: 46052 | AY96: 46058 | AZ96: TRUE | BA96: 46076 | BB96: 46073 | BC96: 46073 | BE96: 46073 | BG96: 46078 | BH96: YES | BI96: 215 | BK96: TRUE | BL96: Post Paint | BM96: Air Performance 159 Genco Drive Hartford, AL 36344 Attn: Jake Faundez 941.718.2839 jfaundez@airperformancellc.com | BN96: Coating Ship To Site | BO96: FAB SCREW | BP96: N/A | BQ96: Approved | BR96: NO | BT96: NO | BV96: YES | BW96: Q:\Jobs\24081 - DLR DFW37\03_Engineering\02_FD Docs\24081FS02 | CC96: Shipped To Painter | CD96: TRUE | CE96: TRUE | CL96: TRUE | CM96: 7000 TruMatic | CS96: TRUE | CU96: TRUE | DC96: TRUE | DF96: 24081 | DG96: FS | DI96: 02 | DK96: 2 | DL96: 24081-FS05 | DQ96: No Hold | DU96: No Hold | DY96: No Hold | EC96: No Hold | ED96: No Hold | EE96: 42 | EF96: 195 | EQ96: Hot Shot | ET96: Punch | EU96: 7000 TruMatic Brake Extrusion Saw Fab Post Paint | EV96: 46057 | EW96: 46058 | EX96: 2 | EZ96: Issue Still In Process | FB96: Issue Still In Process | FC96: David Hasty | FD96: Ramon Estrada, Shane Watson | FG96: Issue Still in Process | FH96: Chris Gambrel - @fdean@jwmcd.com @jdorsey@jwmcd.com @dhasty@jwmcd.com flat programs completed. | FI96: 1010 | FK96: Cole Norona | FL96: Jonathan Dorsey | FM96: David Hasty | FN96: 24081-FS02 In-House | FO96: TRUE | FP96: 2026, Week 08
A97: 96 | B97: 24081-FS03 | D97: DLR DFW37 | E97: 1502 Ferris Rd Garland, TX 75044 | F97: Cole Norona | G97: 931.591.9340 | H97: 400 | J97: POST PAINTED INSTRUCTIONS *SEE FOLLOWING NOTES*: -Do NOT apply stiffeners; crate the stiffeners/1199 so post painter can apply them. These will still need to be cut AND bundled/labeled per panel part. Stiffeners MUST have tape on them prior to shipping. -Mark the panel numbers on the side that is NOT painted in marker, NO STICKERS -Do NOT tape extrusions -Extremely important that the part lists are included in the crates for post painter GANG FORM CORNER REVEALS | K97: -Material used is .125 60" x 144" 3003, returns to be bent not routed -This release is for Guard House: Elevations 301, 303 (Black Color) -We are released off our frame-to drawings. Please work off our drawings for measurements. I did add the glazing drawings in case those were needed. | L97: SKETCHES PROGRAMMING FILES YELLOW LABELS EXTRUSION CUT LIST | M97: 10 LF JR2 | N97: Q:\Jobs\24081 - DLR DFW37\04_Production\24081-FS03 | O97: Unavailable | P97: 274 | Q97: 0 | R97: 24 | S97: 88 | T97: 19 | U97: 172 | V97: 0 | W97: 7 | X97: 01:21:40 | Y97: .125"x 60”x144", 3003 Alum Sheet, No Grain | Z97: Alum Sheet | AA97: .125"x 60”x144", 3003 | AB97: No | AE97: 5 | AF97: -37 | AG97: Ramon Estrada, Shane Watson | AH97: David Hasty | AI97: David Hasty | AJ97: Frank Dean | AK97: David Hasty | AL97: Frank Dean | AM97: David Hasty | AN97: Frank Dean | AR97: Chris Gambrel | AS97: TRUE | AU97: Frank Dean | AV97: 46029.662 | AX97: 46052 | AY97: 46062 | AZ97: TRUE | BA97: 46078 | BB97: 46080 | BC97: 46073 | BE97: 46073 | BG97: 46084 | BH97: YES | BI97: 215 | BK97: TRUE | BL97: Post Paint | BM97: Air Performance 159 Genco Drive Hartford, AL 36344 Attn: Jake Faundez 941.718.2839 jfaundez@airperformancellc.com | BN97: Coating Ship To Site | BO97: FAB SCREW | BP97: N/A | BQ97: Approved | BR97: NO | BT97: NO | BV97: YES | BW97: Q:\Jobs\24081 - DLR DFW37\03_Engineering\02_FD Docs\24081FS03 | CC97: Shipped To Painter | CD97: TRUE | CE97: TRUE | CL97: TRUE | CM97: 7000 TruMatic | CS97: TRUE | DB97: TRUE | DC97: TRUE | DF97: 24081 | DG97: FS | DI97: 03 | DK97: 3 | DL97: 24081-FS05 | DQ97: No Hold | DU97: No Hold | DY97: No Hold | EC97: No Hold | ED97: No Hold | EE97: 10 | EF97: 40 | EQ97: Hot Shot | ET97: Punch | EU97: 7000 TruMatic Clean and Brake Extrusion Saw Fab Post Paint | EV97: 46059 | EW97: 46059 | EX97: 1 | EZ97: QC Not Requested | FA97: 46075 | FB97: 5 | FC97: David Hasty | FD97: Ramon Estrada, Shane Watson | FE97: 46080 | FG97: Issue Still in Process | FH97: Chris Gambrel - @fdean@jwmcd.com @jdorsey@jwmcd.com @dhasty@jwmcd.com flat program completed. | FI97: 1010 | FK97: Cole Norona | FL97: Frank Dean | FM97: David Hasty | FN97: 24081-FS03 In-House | FO97: TRUE | FP97: 2026, Week 08
A98: 97 | B98: 24081-FS04 | D98: DLR DFW37 | E98: 1502 Ferris Rd Garland, TX 75044 | F98: Cole Norona | G98: 931.591.9340 | H98: 400 | J98: POST PAINTED INSTRUCTIONS *SEE FOLLOWING NOTES*: -Do NOT apply stiffeners; crate the stiffeners/1199 so post painter can apply them. These will still need to be cut AND bundled/labeled per panel part. Stiffeners MUST have tape on them prior to shipping. -Mark the panel numbers on the side that is NOT painted in marker, NO STICKERS -Do NOT tape extrusions -Extremely important that the part lists are included in the crates for post painter GANG FORM CORNER REVEALS | K98: -Material used is .125 60" x 144" 3003, returns to be bent not routed -This release is for Guardhouse; Elevations 302 (Gray Color) -We are released off our frame-to drawings. Please work off our drawings for measurements. I did add the glazing drawings in case those were needed. | L98: SKETCHES PROGRAMMING FILES YELLOW LABELS EXTRUSION CUT LIST | M98: 130 LF JR2 | N98: Q:\Jobs\24081 - DLR DFW37\04_Production\24081-FS04 | O98: Unavailable | P98: 368 | Q98: 0 | R98: 94 | S98: 243 | T98: 63 | U98: 483 | V98: 0 | W98: 24 | X98: 04:54:13 | Y98: .125"x 60”x144", 3003 Alum Sheet, No Grain | Z98: Alum Sheet | AA98: .125"x 60”x144", 3003 | AB98: No | AE98: 8 | AF98: -36 | AG98: Ramon Estrada, Shane Watson | AH98: David Hasty | AI98: David Hasty | AJ98: Frank Dean | AK98: David Hasty | AL98: Frank Dean | AM98: David Hasty | AN98: Frank Dean | AR98: Chris Gambrel | AS98: TRUE | AV98: 46029.665 | AX98: 46052 | AY98: 46063 | AZ98: TRUE | BA98: 46079 | BB98: 46073 | BC98: 46073 | BE98: 46073 | BG98: 46084 | BH98: YES | BI98: 215 | BK98: TRUE | BL98: Post Paint | BM98: Air Performance 159 Genco Drive Hartford, AL 36344 Attn: Jake Faundez 941.718.2839 jfaundez@airperformancellc.com | BN98: Coating Ship To Site | BO98: FAB SCREW | BP98: N/A | BQ98: Approved | BR98: NO | BT98: NO | BV98: YES | BW98: Q:\Jobs\24081 - DLR DFW37\03_Engineering\02_FD Docs\24081FS04 | CC98: Shipped To Painter | CD98: TRUE | CE98: TRUE | CL98: TRUE | CM98: 7000 TruMatic | CS98: TRUE | CU98: TRUE | DB98: TRUE | DC98: TRUE | DF98: 24081 | DG98: FS | DI98: 04 | DK98: 4 | DL98: 24081-FS05 | DQ98: No Hold | DU98: No Hold | DY98: No Hold | EC98: No Hold | ED98: No Hold | EE98: 35 | EF98: 150 | EQ98: Hot Shot | ET98: Punch | EU98: 7000 TruMatic Brake Clean and Brake Extrusion Saw Fab Post Paint | EV98: 46062 | EW98: 46063 | EX98: 2 | EZ98: QC Not Requested | FA98: 46078 | FB98: 5 | FC98: David Hasty | FD98: Ramon Estrada, Shane Watson | FE98: 46084 | FG98: Issue Still in Process | FH98: Chris Gambrel - @fdean@jwmcd.com @jdorsey@jwmcd.com @dhasty@jwmcd.com flat programs completed | FI98: 1010 | FK98: Cole Norona | FL98: Frank Dean | FM98: David Hasty | FN98: 24081-FS04 In-House | FO98: TRUE | FP98: 2026, Week 08
A99: 98 | B99: 24081-FS05 | D99: DLR DFW37 | E99: 1502 Ferris Rd Garland, TX 75044 | F99: Cole Norona | G99: 931.591.9340 | H99: 400 | J99: POST PAINTED INSTRUCTIONS *SEE FOLLOWING NOTES*: -Do NOT apply stiffeners; crate the stiffeners/1199 so post painter can apply them. These will still need to be cut AND bundled/labeled per panel part. Stiffeners MUST have tape on them prior to shipping. -Mark the panel numbers on the side that is NOT painted in marker, NO STICKERS -Do NOT tape extrusions -Extremely important that the part lists are included in the crates for post painter GANG FORM CORNER REVEALS LABEL PANELS WITH MARKER AFTER PUNCH | K99: -Material used is .125 60" x 144" 3003, returns to be bent not routed -This release is for Penthouse; Elevation 210 (Gray Color) -We are released off our frame-to drawings. Please work off our drawings for measurements. I was able to obtain measurements of this wall during my visit. I did add the glazing drawings in case those were needed. | L99: SKETCHES PROGRAMMING FILES YELLOW LABELS EXTRUSION CUT LIST | M99: 165 LF JR2 | N99: Q:\Jobs\24081 - DLR DFW37\04_Production\24081-FS05 | O99: Unavailable | P99: 479 | Q99: 0 | R99: 111 | S99: 345 | T99: 32 | U99: 788 | V99: 0 | W99: 94 | X99: 10:27:30 | Y99: .125"x 60”x144", 3003 Alum Sheet, No Grain | Z99: Alum Sheet | AA99: .125"x 60”x144", 3003 | AB99: No | AE99: 9 | AF99: -35 | AG99: Ramon Estrada, Shane Watson | AH99: David Hasty | AI99: David Hasty | AJ99: Frank Dean | AK99: David Hasty | AL99: Frank Dean | AM99: David Hasty | AN99: Frank Dean | AR99: Chris Gambrel | AS99: TRUE | AV99: 46031.41 | AX99: 46052 | AY99: 46064 | AZ99: TRUE | BA99: 46080 | BB99: 46073 | BC99: 46073 | BE99: 46073 | BG99: 46084 | BH99: YES | BI99: 215 | BK99: TRUE | BL99: Post Paint | BM99: Air Performance 159 Genco Drive Hartford, AL 36344 Attn: Jake Faundez 941.718.2839 jfaundez@airperformancellc.com | BN99: Coating Ship To Site | BO99: FAB SCREW | BP99: N/A | BQ99: Approved | BR99: NO | BT99: YES | BU99: Q:\Jobs\24081 - DLR DFW37\03_Engineering\02_FD Docs\24081FS05 | BV99: YES | BW99: Q:\Jobs\24081 - DLR DFW37\03_Engineering\02_FD Docs\24081FS05 | CC99: Shipped To Painter | CD99: TRUE | CE99: TRUE | CL99: TRUE | CM99: 7000 TruMatic | CU99: TRUE | DF99: 24081 | DG99: FS | DI99: 05 | DK99: 5 | DL99: 24081-FS05 | DQ99: No Hold | DU99: No Hold | DY99: No Hold | EC99: No Hold | ED99: No Hold | EE99: 40 | EF99: 180 | EQ99: Hot Shot | ET99: Punch | EU99: 7000 TruMatic Brake Post Paint | EV99: 46063 | EW99: 46064 | EX99: 2 | EZ99: QC Not Requested | FA99: 46079 | FB99: 2 | FC99: David Hasty | FD99: Ramon Estrada, Shane Watson | FE99: 46081 | FG99: Issue Still in Process | FH99: Jonathan Dorsey - Jonathan Dorsey reacted to your message: | FI99: 1010 | FK99: Cole Norona | FL99: Frank Dean | FM99: David Hasty | FN99: 24081-FS05 In-House | FO99: TRUE | FP99: 2026, Week 08
A100: 99 | B100: 23028-FS99 | D100: 1000 Church YMCA | E100: 1000 Church Street Nashville, TN 37203 | F100: Dillon Bowman | G100: 518.860.9477 | H100: 600 | J100: Last Soffit Panel | K100: Last Soffit Panel See SD Folder for Notes | L100: * SKETCHES * CUT LIST * EXTRUSION TIGER SAW LIST * COLOR LABELS | M100: * 2 SETS - INSTALL DRAWINGS * 6 LF 1 3/4" COLOR MATCHING REVEALS * 24 PCS PET 3" CLIPS * 6 PCS PE2N 3" CLIPS | N100: Q:\Jobs\23028 - 1000 Church YMCA\04_Production\23028FS99 | O100: 2.2978723 | P100: 108 | Q100: 47 | R100: 1 | S100: 1 | T100: 1 | U100: 36 | V100: 6 | W100: 1 | X100: 00:16:33 | Y100: 4mm x 62 x 196 - Cosmic Gray Mica - 23028 FR ACM, Grain | Z100: FR ACM | AA100: 4mm x 62 x 196 - Cosmic Gray Mica - 23028 | AB100: Yes | AE100: 27 | AF100: -67 | AG100: Ramon Estrada, Shane Watson | AH100: Denis Usatenko | AJ100: Denis Usatenko | AL100: Gabriela Herrera | AM100: Denis Usatenko | AN100: Gabriela Herrera | AP100: Arnold Jurado, Issiah Havens | AS100: TRUE | AU100: Gabriela Herrera | AV100: 45999.565 | AW100: TRUE | AX100: 46020 | AY100: 46013 | BA100: 46036 | BC100: 46038 | BE100: 46038 | BH100: YES | BI100: 8 | BO100: MATCH COLOR | BP100: YES | BQ100: Approved As Noted | BR100: YES | BS100: Q:\Jobs\23028 - 1000 Church YMCA\03_Engineering\02_FD Docs\23028 - FS99 | BT100: NO | BV100: NO | CC100: Ready to Ship | CD100: TRUE | CE100: TRUE | CF100: TRUE | CG100: AXYZ Titans Line | DB100: TRUE | DC100: TRUE | DF100: 23028 | DG100: FS | DI100: 99 | DK100: 99 | DL100: 23028-FS99 | DQ100: No Hold | DU100: No Hold | DY100: No Hold | EC100: No Hold | ED100: No Hold | EE100: 1 | EF100: 2 | EQ100: In House | ET100: AXYZ | EU100: AXYZ Titans Line Clean and Brake Fab | EV100: 46013 | EW100: 46013 | EX100: 1 | EZ100: QC Not Requested | FA100: 46024 | FB100: 1 | FC100: David Hasty | FD100: Ramon Estrada, Shane Watson | FE100: 46024 | FG100: Issue Still in Process | FH100: Issiah Havens - @gherrera@jwmcd.com @jdavis@jwmcd.com PROGRAMMED | FI100: 1010 | FK100: Dillon Bowman | FL100: Gabriela Herrera | FM100: Denis Usatenko | FN100: 23028-FS99 In-House | FP100: 2026, Week 03
...

Sheet Pre-Release
C1: SEARCH JOB ID: | E1: =IF(D1="","",IF(IFERROR(VLOOKUP(D1,'Job Operations'!A:Y,25,FALSE),"")="","❌ NOT FOUND",IF(VLOOKUP(D1,'Job Operations'!A:Y,25,FALSE)<TODAY(),"🔴 LATE","🟢 ON TIME"))) | F1: =IF(D1="","",IFERROR(VLOOKUP(D1,'Job Operations'!A:B,2,FALSE),"")) | G1: =IF(D1="","",IFERROR("Ship: "&TEXT(VLOOKUP(D1,'Job Operations'!A:I,9,FALSE),"mm/dd/yyyy"),"")) | H1: =IF(D1="","",IFERROR("Station: "&VLOOKUP(D1,'Job Operations'!A:L,12,FALSE),""))
A4: PRE-RELEASE SCHEDULE — Jobs Not Yet Released to Shop
A5: Jobs currently in: LO, LO Check, Sketch, Sketch Check, Evaluation, Float, Correction, CNC Programming, Program Complete, Release to Shop
A6: ID | B6: Job Name | C6: PM | D6: Panel Qty | E6: Part Qty | F6: Material Type | G6: Ship Target | H6: Current Station | I6: Op 1 | J6: Op 2 | K6: Op 3 | L6: Notes
A7: {=_xlfn.LET( _xlpm.ids,'Job Operations'!A5:A304, _xlpm.stations,'Job Operations'!L5:L304, _xlpm.ships,'Job Operations'!I5:I304, _xlpm.mask,(_xlpm.ids<>"")*(ISNUMBER(MATCH(_xlpm.stations,{"LO","LO Check","Sketch","Sketch Check","Evaluation","Float","Correction","CNC Programming","Program Complete","Release to Shop"},0))), _xlpm.result,IFERROR(_xlfn.SORTBY(_xlfn._xlws.FILTER(_xlpm.ids,_xlpm.mask,""),_xlfn._xlws.FILTER(_xlpm.ships,_xlpm.mask,0),1),""), _xlpm.result )} -> 25075-RP01 | B7: =IF(A7="","",IFERROR(VLOOKUP(A7,'Job Operations'!$A$4:$AA$304,2,FALSE),"")) -> St Thomas West Canopy Replace | C7: =IF(A7="","",IFERROR(VLOOKUP(A7,'Job Operations'!$A$4:$AA$304,3,FALSE),"")) -> Chris Buttrey | D7: =IF(A7="","",IFERROR(VLOOKUP(A7,'Job Operations'!$A$4:$AA$304,5,FALSE),"")) -> 2 | E7: =IF(A7="","",IFERROR(VLOOKUP(A7,'Job Operations'!$A$4:$AA$304,6,FALSE),"")) -> 6 | F7: =IF(A7="","",IFERROR(VLOOKUP(A7,'Job Operations'!$A$4:$AA$304,7,FALSE),"")) -> 0 | G7: =IF(A7="","",IFERROR(VLOOKUP(A7,'Job Operations'!$A$4:$AA$304,9,FALSE),"")) -> 0 | H7: =IF(A7="","",IFERROR(VLOOKUP(A7,'Job Operations'!$A$4:$AA$304,12,FALSE),"")) -> CNC Programming | I7: =IF(A7="","",IFERROR(VLOOKUP(A7,'Job Operations'!$A$4:$AA$304,13,FALSE),"")) -> AXYZ 34 | J7: =IF(A7="","",IFERROR(VLOOKUP(A7,'Job Operations'!$A$4:$AA$304,15,FALSE),"")) -> Clean and Brake | K7: =IF(A7="","",IFERROR(VLOOKUP(A7,'Job Operations'!$A$4:$AA$304,17,FALSE),"")) -> Fab | L7: =IF(A7="","",IF(IFERROR(VLOOKUP(A7,Notes!A:B,2,FALSE),"")=0,"",VLOOKUP(A7,Notes!A:B,2,FALSE))) -> 04/16/2026…
A8: 24051-RP58 | B8: =IF(A8="","",IFERROR(VLOOKUP(A8,'Job Operations'!$A$4:$AA$304,2,FALSE),"")) -> TN Titans Stadium | C8: =IF(A8="","",IFERROR(VLOOKUP(A8,'Job Operations'!$A$4:$AA$304,3,FALSE),"")) -> Marc Ribar | D8: =IF(A8="","",IFERROR(VLOOKUP(A8,'Job Operations'!$A$4:$AA$304,5,FALSE),"")) -> 1 | E8: =IF(A8="","",IFERROR(VLOOKUP(A8,'Job Operations'!$A$4:$AA$304,6,FALSE),"")) -> 0 | F8: =IF(A8="","",IFERROR(VLOOKUP(A8,'Job Operations'!$A$4:$AA$304,7,FALSE),"")) -> 0 | G8: =IF(A8="","",IFERROR(VLOOKUP(A8,'Job Operations'!$A$4:$AA$304,9,FALSE),"")) -> 0 | H8: =IF(A8="","",IFERROR(VLOOKUP(A8,'Job Operations'!$A$4:$AA$304,12,FALSE),"")) -> CNC Programming | I8: =IF(A8="","",IFERROR(VLOOKUP(A8,'Job Operations'!$A$4:$AA$304,13,FALSE),"")) -> AXYZ 34 | J8: =IF(A8="","",IFERROR(VLOOKUP(A8,'Job Operations'!$A$4:$AA$304,15,FALSE),"")) -> Clean and Brake | K8: =IF(A8="","",IFERROR(VLOOKUP(A8,'Job Operations'!$A$4:$AA$304,17,FALSE),"")) -> Fab | L8: =IF(A8="","",IF(IFERROR(VLOOKUP(A8,Notes!A:B,2,FALSE),"")=0,"",VLOOKUP(A8,Notes!A:B,2,FALSE))) -> 04/16/2026…
A9: 24071-RP15 | B9: =IF(A9="","",IFERROR(VLOOKUP(A9,'Job Operations'!$A$4:$AA$304,2,FALSE),"")) -> RS Gass State Lab | C9: =IF(A9="","",IFERROR(VLOOKUP(A9,'Job Operations'!$A$4:$AA$304,3,FALSE),"")) -> Cole Norona | D9: =IF(A9="","",IFERROR(VLOOKUP(A9,'Job Operations'!$A$4:$AA$304,5,FALSE),"")) -> 0 | E9: =IF(A9="","",IFERROR(VLOOKUP(A9,'Job Operations'!$A$4:$AA$304,6,FALSE),"")) -> 3 | F9: =IF(A9="","",IFERROR(VLOOKUP(A9,'Job Operations'!$A$4:$AA$304,7,FALSE),"")) -> 0 | G9: =IF(A9="","",IFERROR(VLOOKUP(A9,'Job Operations'!$A$4:$AA$304,9,FALSE),"")) -> 0 | H9: =IF(A9="","",IFERROR(VLOOKUP(A9,'Job Operations'!$A$4:$AA$304,12,FALSE),"")) -> CNC Programming | I9: =IF(A9="","",IFERROR(VLOOKUP(A9,'Job Operations'!$A$4:$AA$304,13,FALSE),"")) -> AXYZ 34 | J9: =IF(A9="","",IFERROR(VLOOKUP(A9,'Job Operations'!$A$4:$AA$304,15,FALSE),"")) -> Clean and Brake | K9: =IF(A9="","",IFERROR(VLOOKUP(A9,'Job Operations'!$A$4:$AA$304,17,FALSE),"")) -> Fab | L9: =IF(A9="","",IF(IFERROR(VLOOKUP(A9,Notes!A:B,2,FALSE),"")=0,"",VLOOKUP(A9,Notes!A:B,2,FALSE))) -> 04/16/2026…
A10: 24079-FS03 | B10: =IF(A10="","",IFERROR(VLOOKUP(A10,'Job Operations'!$A$4:$AA$304,2,FALSE),"")) -> Nashville Youth Campus | C10: =IF(A10="","",IFERROR(VLOOKUP(A10,'Job Operations'!$A$4:$AA$304,3,FALSE),"")) -> Joe Hoyle | D10: =IF(A10="","",IFERROR(VLOOKUP(A10,'Job Operations'!$A$4:$AA$304,5,FALSE),"")) -> 33 | E10: =IF(A10="","",IFERROR(VLOOKUP(A10,'Job Operations'!$A$4:$AA$304,6,FALSE),"")) -> 0 | F10: =IF(A10="","",IFERROR(VLOOKUP(A10,'Job Operations'!$A$4:$AA$304,7,FALSE),"")) -> LAYOUT ONLY | G10: =IF(A10="","",IFERROR(VLOOKUP(A10,'Job Operations'!$A$4:$AA$304,9,FALSE),"")) -> 46097 | H10: =IF(A10="","",IFERROR(VLOOKUP(A10,'Job Operations'!$A$4:$AA$304,12,FALSE),"")) -> Evaluation | I10: =IF(A10="","",IFERROR(VLOOKUP(A10,'Job Operations'!$A$4:$AA$304,13,FALSE),"")) | J10: =IF(A10="","",IFERROR(VLOOKUP(A10,'Job Operations'!$A$4:$AA$304,15,FALSE),"")) | K10: =IF(A10="","",IFERROR(VLOOKUP(A10,'Job Operations'!$A$4:$AA$304,17,FALSE),"")) | L10: =IF(A10="","",IF(IFERROR(VLOOKUP(A10,Notes!A:B,2,FALSE),"")=0,"",VLOOKUP(A10,Notes!A:B,2,FALSE))) -> 04/16/2026…Evaluation
A11: 24079-FS102 | B11: =IF(A11="","",IFERROR(VLOOKUP(A11,'Job Operations'!$A$4:$AA$304,2,FALSE),"")) -> Nashville Youth Campus | C11: =IF(A11="","",IFERROR(VLOOKUP(A11,'Job Operations'!$A$4:$AA$304,3,FALSE),"")) -> Joe Hoyle | D11: =IF(A11="","",IFERROR(VLOOKUP(A11,'Job Operations'!$A$4:$AA$304,5,FALSE),"")) -> 192 | E11: =IF(A11="","",IFERROR(VLOOKUP(A11,'Job Operations'!$A$4:$AA$304,6,FALSE),"")) -> 198 | F11: =IF(A11="","",IFERROR(VLOOKUP(A11,'Job Operations'!$A$4:$AA$304,7,FALSE),"")) -> FR ACM | G11: =IF(A11="","",IFERROR(VLOOKUP(A11,'Job Operations'!$A$4:$AA$304,9,FALSE),"")) -> 46097 | H11: =IF(A11="","",IFERROR(VLOOKUP(A11,'Job Operations'!$A$4:$AA$304,12,FALSE),"")) -> Sketch Check | I11: =IF(A11="","",IFERROR(VLOOKUP(A11,'Job Operations'!$A$4:$AA$304,13,FALSE),"")) -> AXYZ Titans Line | J11: =IF(A11="","",IFERROR(VLOOKUP(A11,'Job Operations'!$A$4:$AA$304,15,FALSE),"")) -> Clean and Brake | K11: =IF(A11="","",IFERROR(VLOOKUP(A11,'Job Operations'!$A$4:$AA$304,17,FALSE),"")) -> Fab | L11: =IF(A11="","",IF(IFERROR(VLOOKUP(A11,Notes!A:B,2,FALSE),"")=0,"",VLOOKUP(A11,Notes!A:B,2,FALSE))) -> 04/16/2026…Sketch Check
A12: 24051-FS225 | B12: =IF(A12="","",IFERROR(VLOOKUP(A12,'Job Operations'!$A$4:$AA$304,2,FALSE),"")) -> TN Titans Stadium | C12: =IF(A12="","",IFERROR(VLOOKUP(A12,'Job Operations'!$A$4:$AA$304,3,FALSE),"")) -> Marc Ribar | D12: =IF(A12="","",IFERROR(VLOOKUP(A12,'Job Operations'!$A$4:$AA$304,5,FALSE),"")) -> 26 | E12: =IF(A12="","",IFERROR(VLOOKUP(A12,'Job Operations'!$A$4:$AA$304,6,FALSE),"")) -> 0 | F12: =IF(A12="","",IFERROR(VLOOKUP(A12,'Job Operations'!$A$4:$AA$304,7,FALSE),"")) -> FR ACM | G12: =IF(A12="","",IFERROR(VLOOKUP(A12,'Job Operations'!$A$4:$AA$304,9,FALSE),"")) -> 46097 | H12: =IF(A12="","",IFERROR(VLOOKUP(A12,'Job Operations'!$A$4:$AA$304,12,FALSE),"")) -> LO | I12: =IF(A12="","",IFERROR(VLOOKUP(A12,'Job Operations'!$A$4:$AA$304,13,FALSE),"")) | J12: =IF(A12="","",IFERROR(VLOOKUP(A12,'Job Operations'!$A$4:$AA$304,15,FALSE),"")) | K12: =IF(A12="","",IFERROR(VLOOKUP(A12,'Job Operations'!$A$4:$AA$304,17,FALSE),"")) | L12: =IF(A12="","",IF(IFERROR(VLOOKUP(A12,Notes!A:B,2,FALSE),"")=0,"",VLOOKUP(A12,Notes!A:B,2,FALSE))) -> 03/23...Next for Titans--1 of 3 still late*03/24 Lay Out*03/26…LO*03/30…LO*03/31…LO*04/02…LO*04/09…LO*04/16/2026…LO
A13: 24079-FS102.1 | B13: =IF(A13="","",IFERROR(VLOOKUP(A13,'Job Operations'!$A$4:$AA$304,2,FALSE),"")) -> Nashville Youth Campus | C13: =IF(A13="","",IFERROR(VLOOKUP(A13,'Job Operations'!$A$4:$AA$304,3,FALSE),"")) -> Joe Hoyle | D13: =IF(A13="","",IFERROR(VLOOKUP(A13,'Job Operations'!$A$4:$AA$304,5,FALSE),"")) -> 308 | E13: =IF(A13="","",IFERROR(VLOOKUP(A13,'Job Operations'!$A$4:$AA$304,6,FALSE),"")) -> 0 | F13: =IF(A13="","",IFERROR(VLOOKUP(A13,'Job Operations'!$A$4:$AA$304,7,FALSE),"")) -> FR ACM | G13: =IF(A13="","",IFERROR(VLOOKUP(A13,'Job Operations'!$A$4:$AA$304,9,FALSE),"")) -> 46097 | H13: =IF(A13="","",IFERROR(VLOOKUP(A13,'Job Operations'!$A$4:$AA$304,12,FALSE),"")) -> Sketch | I13: =IF(A13="","",IFERROR(VLOOKUP(A13,'Job Operations'!$A$4:$AA$304,13,FALSE),"")) -> AXYZ Titans Line | J13: =IF(A13="","",IFERROR(VLOOKUP(A13,'Job Operations'!$A$4:$AA$304,15,FALSE),"")) -> Clean and Brake | K13: =IF(A13="","",IFERROR(VLOOKUP(A13,'Job Operations'!$A$4:$AA$304,17,FALSE),"")) -> Fab | L13: =IF(A13="","",IF(IFERROR(VLOOKUP(A13,Notes!A:B,2,FALSE),"")=0,"",VLOOKUP(A13,Notes!A:B,2,FALSE))) -> 04/16/2026…Sketch
A14: 25035-FS04 | B14: =IF(A14="","",IFERROR(VLOOKUP(A14,'Job Operations'!$A$4:$AA$304,2,FALSE),"")) -> Titans Jabez | C14: =IF(A14="","",IFERROR(VLOOKUP(A14,'Job Operations'!$A$4:$AA$304,3,FALSE),"")) -> Marc Ribar | D14: =IF(A14="","",IFERROR(VLOOKUP(A14,'Job Operations'!$A$4:$AA$304,5,FALSE),"")) -> 218 | E14: =IF(A14="","",IFERROR(VLOOKUP(A14,'Job Operations'!$A$4:$AA$304,6,FALSE),"")) -> 0 | F14: =IF(A14="","",IFERROR(VLOOKUP(A14,'Job Operations'!$A$4:$AA$304,7,FALSE),"")) -> FR ACM | G14: =IF(A14="","",IFERROR(VLOOKUP(A14,'Job Operations'!$A$4:$AA$304,9,FALSE),"")) -> 46104 | H14: =IF(A14="","",IFERROR(VLOOKUP(A14,'Job Operations'!$A$4:$AA$304,12,FALSE),"")) -> Sketch | I14: =IF(A14="","",IFERROR(VLOOKUP(A14,'Job Operations'!$A$4:$AA$304,13,FALSE),"")) -> AXYZ Titans Line | J14: =IF(A14="","",IFERROR(VLOOKUP(A14,'Job Operations'!$A$4:$AA$304,15,FALSE),"")) -> Clean and Brake | K14: =IF(A14="","",IFERROR(VLOOKUP(A14,'Job Operations'!$A$4:$AA$304,17,FALSE),"")) -> Fab | L14: =IF(A14="","",IF(IFERROR(VLOOKUP(A14,Notes!A:B,2,FALSE),"")=0,"",VLOOKUP(A14,Notes!A:B,2,FALSE))) -> 04/16/2026…Sketch
A15: 24079-FS04 | B15: =IF(A15="","",IFERROR(VLOOKUP(A15,'Job Operations'!$A$4:$AA$304,2,FALSE),"")) -> Nashville Youth Campus | C15: =IF(A15="","",IFERROR(VLOOKUP(A15,'Job Operations'!$A$4:$AA$304,3,FALSE),"")) -> Joe Hoyle | D15: =IF(A15="","",IFERROR(VLOOKUP(A15,'Job Operations'!$A$4:$AA$304,5,FALSE),"")) -> 173 | E15: =IF(A15="","",IFERROR(VLOOKUP(A15,'Job Operations'!$A$4:$AA$304,6,FALSE),"")) -> 0 | F15: =IF(A15="","",IFERROR(VLOOKUP(A15,'Job Operations'!$A$4:$AA$304,7,FALSE),"")) -> LAYOUT ONLY | G15: =IF(A15="","",IFERROR(VLOOKUP(A15,'Job Operations'!$A$4:$AA$304,9,FALSE),"")) -> 46111 | H15: =IF(A15="","",IFERROR(VLOOKUP(A15,'Job Operations'!$A$4:$AA$304,12,FALSE),"")) -> Evaluation | I15: =IF(A15="","",IFERROR(VLOOKUP(A15,'Job Operations'!$A$4:$AA$304,13,FALSE),"")) | J15: =IF(A15="","",IFERROR(VLOOKUP(A15,'Job Operations'!$A$4:$AA$304,15,FALSE),"")) | K15: =IF(A15="","",IFERROR(VLOOKUP(A15,'Job Operations'!$A$4:$AA$304,17,FALSE),"")) | L15: =IF(A15="","",IF(IFERROR(VLOOKUP(A15,Notes!A:B,2,FALSE),"")=0,"",VLOOKUP(A15,Notes!A:B,2,FALSE))) -> 04/16/2026…Evaluation
A16: 25010-RO06 | B16: =IF(A16="","",IFERROR(VLOOKUP(A16,'Job Operations'!$A$4:$AA$304,2,FALSE),"")) -> TOA Spring Hill MOB | C16: =IF(A16="","",IFERROR(VLOOKUP(A16,'Job Operations'!$A$4:$AA$304,3,FALSE),"")) -> Cole Norona | D16: =IF(A16="","",IFERROR(VLOOKUP(A16,'Job Operations'!$A$4:$AA$304,5,FALSE),"")) -> 6 | E16: =IF(A16="","",IFERROR(VLOOKUP(A16,'Job Operations'!$A$4:$AA$304,6,FALSE),"")) -> 0 | F16: =IF(A16="","",IFERROR(VLOOKUP(A16,'Job Operations'!$A$4:$AA$304,7,FALSE),"")) -> FR ACM | G16: =IF(A16="","",IFERROR(VLOOKUP(A16,'Job Operations'!$A$4:$AA$304,9,FALSE),"")) -> 46127 | H16: =IF(A16="","",IFERROR(VLOOKUP(A16,'Job Operations'!$A$4:$AA$304,12,FALSE),"")) -> LO | I16: =IF(A16="","",IFERROR(VLOOKUP(A16,'Job Operations'!$A$4:$AA$304,13,FALSE),"")) -> AXYZ | J16: =IF(A16="","",IFERROR(VLOOKUP(A16,'Job Operations'!$A$4:$AA$304,15,FALSE),"")) -> Clean and Brake | K16: =IF(A16="","",IFERROR(VLOOKUP(A16,'Job Operations'!$A$4:$AA$304,17,FALSE),"")) -> Fab | L16: =IF(A16="","",IF(IFERROR(VLOOKUP(A16,Notes!A:B,2,FALSE),"")=0,"",VLOOKUP(A16,Notes!A:B,2,FALSE))) -> 04/16/2026…LO
