Workbook

Sheet Tube Laser
J1: Estimate | R1: Actual | V1: Setup | X1: Results
A2: Date | B2: Job# | C2: Job Type | D2: Part# | E2: Start Time | F2: End Time | G2: Qty Required | H2: Qty Complete | I2: % Complete | J2: PPH | K2: # of men | L2: Total hours | M2: Adj. Total Hours | N2: Batch Hours | O2: Material ID | P2: Adj. Mat. Qty | Q2: Mat. Qty | R2: PPH Act | S2: # of men Act | T2: Total Hours Act | U2: Act. Mat. Qty | V2: Est. Hours | W2: Act. Hours | X2: Efficiency | Y2: Job Efficiency | Z2: Mat. Over/Under | AA2: Total Job Mat O/U | AB2: Notes | AC2: Employee 1 | AD2: Employee 2 | AE2: Employee 3 | AF2: Employee 4
A3: 46120 | B3: 143113 | C3: =IF(tbl_TubeLaser[[#This Row],[Part'#]]="", "Batch", "Part") -> Part | D3: NAS000056961 | E3: 0.2625 | F3: 0.27361111 | G3: 24 | H3: 2 | I3: =tbl_TubeLaser[[#This Row],[Qty Complete]]/tbl_TubeLaser[[#This Row],[Qty Required]] -> 0.083333333 | J3: 45 | K3: 1 | L3: =IF(tbl_TubeLaser[[#This Row],[Job Type]]="Batch",0,tbl_TubeLaser[[#This Row],[Qty Required]]/tbl_TubeLaser[[#This Row],[PPH]]*tbl_TubeLaser[[#This Row],['# of men]]) -> 0.53333333 | M3: =IF(tbl_TubeLaser[[#This Row],[Job Type]]="Batch",tbl_TubeLaser[[#This Row],[Batch Hours]]*tbl_TubeLaser[[#This Row],[% Complete]],tbl_TubeLaser[[#This Row],[Total hours]]*tbl_TubeLaser[[#This Row],[% Complete]]) -> 0.044444444 | O3: RECT TUBE 5 X 2 X 11GA X 303" A36 | P3: =tbl_TubeLaser[[#This Row],[Mat. Qty]]*tbl_TubeLaser[[#This Row],[% Complete]] -> 0.33333333 | Q3: 4 | R3: =IFERROR(tbl_TubeLaser[[#This Row],[Qty Complete]]/tbl_TubeLaser[[#This Row],[Total Hours Act]]*tbl_TubeLaser[[#This Row],['# of men Act]],"") -> 7.5 | S3: 1 | T3: =(MOD(tbl_TubeLaser[[#This Row],[End Time]]-tbl_TubeLaser[[#This Row],[Start Time]],1)*24*tbl_TubeLaser[[#This Row],['# of men Act]])- ( IF(AND(tbl_TubeLaser[[#This Row],[Start Time]]<=Data!$B$2+(Data!$B$2<tbl_TubeLaser[[#This Row],[Start Time]]),tbl_TubeLaser[[#This Row],[Start Time]]+MOD(tbl_TubeLaser[[#This Row],[End Time]]-tbl_TubeLaser[[#This Row],[Start Time]],1)>=Data!$C$2+(Data!$C$2<tbl_TubeLaser[[#This Row],[Start Time]])),0.5*tbl_TubeLaser[[#This Row],['# of men Act]],0) + IF(AND(tbl_TubeLaser[[#This Row],[Start Time]]<=Data!$B$3+(Data!$B$3<tbl_TubeLaser[[#This Row],[Start Time]]),tbl_TubeLaser[[#This Row],[Start Time]]+MOD(tbl_TubeLaser[[#This Row],[End Time]]-tbl_TubeLaser[[#This Row],[Start Time]],1)>=Data!$C$3+(Data!$C$3<tbl_TubeLaser[[#This Row],[Start Time]])),0.5*tbl_TubeLaser[[#This Row],['# of men Act]],0) ) -> 0.26666667 | U3: 1 | V3: 0.51 | W3: 0.23 | X3: =IFERROR((tbl_TubeLaser[[#This Row],[Adj. Total Hours]]+tbl_TubeLaser[[#This Row],[Est. Hours]])/(tbl_TubeLaser[[#This Row],[Total Hours Act]]+tbl_TubeLaser[[#This Row],[Act. Hours]]),"") -> 1.1163311 | Y3: =IF(AND(SUMIFS(tbl_TubeLaser[% Complete],tbl_TubeLaser[Job'#],tbl_TubeLaser[[#This Row],[Job'#]])>=1,COUNTIF(INDEX(tbl_TubeLaser[Job'#],1):tbl_TubeLaser[[#This Row],[Job'#]],tbl_TubeLaser[[#This Row],[Job'#]])=COUNTIF(tbl_TubeLaser[Job'#],tbl_TubeLaser[[#This Row],[Job'#]])),IFERROR((SUMIFS(tbl_TubeLaser[Adj. Total Hours],tbl_TubeLaser[Job'#],tbl_TubeLaser[[#This Row],[Job'#]])+SUMIFS(tbl_TubeLaser[Est. Hours],tbl_TubeLaser[Job'#],tbl_TubeLaser[[#This Row],[Job'#]]))/(SUMIFS(tbl_TubeLaser[Total Hours Act],tbl_TubeLaser[Job'#],tbl_TubeLaser[[#This Row],[Job'#]])+SUMIFS(tbl_TubeLaser[Act. Hours],tbl_TubeLaser[Job'#],tbl_TubeLaser[[#This Row],[Job'#]])),""),"") | Z3: =IFERROR(tbl_TubeLaser[[#This Row],[Act. Mat. Qty]]-tbl_TubeLaser[[#This Row],[Adj. Mat. Qty]],"") -> 0.66666667 | AA3: =IF(AND(SUMIFS(tbl_TubeLaser[% Complete],tbl_TubeLaser[Job'#],tbl_TubeLaser[[#This Row],[Job'#]])>=1,COUNTIF(INDEX(tbl_TubeLaser[Job'#],1):tbl_TubeLaser[[#This Row],[Job'#]],tbl_TubeLaser[[#This Row],[Job'#]])=COUNTIF(tbl_TubeLaser[Job'#],tbl_TubeLaser[[#This Row],[Job'#]])),(SUMIFS(tbl_TubeLaser[Act. Mat. Qty],tbl_TubeLaser[Job'#],tbl_TubeLaser[[#This Row],[Job'#]]))-(SUMIFS(tbl_TubeLaser[Adj. Mat. Qty],tbl_TubeLaser[Job'#],tbl_TubeLaser[[#This Row],[Job'#]])),"") | AC3: Jarett Matlock
A4: 46120 | B4: 152593-1-1 | C4: =IF(tbl_TubeLaser[[#This Row],[Part'#]]="", "Batch", "Part") -> Part | D4: 15024304 | E4: 0.35694444 | F4: 0.47291667 | G4: 30 | H4: 20 | I4: =tbl_TubeLaser[[#This Row],[Qty Complete]]/tbl_TubeLaser[[#This Row],[Qty Required]] -> 0.66666667 | J4: 9 | K4: 1 | L4: 3.33 | M4: =IF(tbl_TubeLaser[[#This Row],[Job Type]]="Batch",tbl_TubeLaser[[#This Row],[Batch Hours]]*tbl_TubeLaser[[#This Row],[% Complete]],tbl_TubeLaser[[#This Row],[Total hours]]*tbl_TubeLaser[[#This Row],[% Complete]]) -> 2.22 | O4: HR ANGLE 2" X 2" X 1/4" X 20' A36 | P4: =tbl_TubeLaser[[#This Row],[Mat. Qty]]*tbl_TubeLaser[[#This Row],[% Complete]] -> 20 | Q4: 30 | R4: =IFERROR(tbl_TubeLaser[[#This Row],[Qty Complete]]/tbl_TubeLaser[[#This Row],[Total Hours Act]]*tbl_TubeLaser[[#This Row],['# of men Act]],"") -> 7.1856287 | S4: 1 | T4: =(MOD(tbl_TubeLaser[[#This Row],[End Time]]-tbl_TubeLaser[[#This Row],[Start Time]],1)*24*tbl_TubeLaser[[#This Row],['# of men Act]])- ( IF(AND(tbl_TubeLaser[[#This Row],[Start Time]]<=Data!$B$2+(Data!$B$2<tbl_TubeLaser[[#This Row],[Start Time]]),tbl_TubeLaser[[#This Row],[Start Time]]+MOD(tbl_TubeLaser[[#This Row],[End Time]]-tbl_TubeLaser[[#This Row],[Start Time]],1)>=Data!$C$2+(Data!$C$2<tbl_TubeLaser[[#This Row],[Start Time]])),0.5*tbl_TubeLaser[[#This Row],['# of men Act]],0) + IF(AND(tbl_TubeLaser[[#This Row],[Start Time]]<=Data!$B$3+(Data!$B$3<tbl_TubeLaser[[#This Row],[Start Time]]),tbl_TubeLaser[[#This Row],[Start Time]]+MOD(tbl_TubeLaser[[#This Row],[End Time]]-tbl_TubeLaser[[#This Row],[Start Time]],1)>=Data!$C$3+(Data!$C$3<tbl_TubeLaser[[#This Row],[Start Time]])),0.5*tbl_TubeLaser[[#This Row],['# of men Act]],0) ) -> 2.7833333 | U4: 20 | V4: 0.5 | W4: 1.97 | X4: =IFERROR((tbl_TubeLaser[[#This Row],[Adj. Total Hours]]+tbl_TubeLaser[[#This Row],[Est. Hours]])/(tbl_TubeLaser[[#This Row],[Total Hours Act]]+tbl_TubeLaser[[#This Row],[Act. Hours]]),"") -> 0.57223001 | Y4: =IF(AND(SUMIFS(tbl_TubeLaser[% Complete],tbl_TubeLaser[Job'#],tbl_TubeLaser[[#This Row],[Job'#]])>=1,COUNTIF(INDEX(tbl_TubeLaser[Job'#],1):tbl_TubeLaser[[#This Row],[Job'#]],tbl_TubeLaser[[#This Row],[Job'#]])=COUNTIF(tbl_TubeLaser[Job'#],tbl_TubeLaser[[#This Row],[Job'#]])),IFERROR((SUMIFS(tbl_TubeLaser[Adj. Total Hours],tbl_TubeLaser[Job'#],tbl_TubeLaser[[#This Row],[Job'#]])+SUMIFS(tbl_TubeLaser[Est. Hours],tbl_TubeLaser[Job'#],tbl_TubeLaser[[#This Row],[Job'#]]))/(SUMIFS(tbl_TubeLaser[Total Hours Act],tbl_TubeLaser[Job'#],tbl_TubeLaser[[#This Row],[Job'#]])+SUMIFS(tbl_TubeLaser[Act. Hours],tbl_TubeLaser[Job'#],tbl_TubeLaser[[#This Row],[Job'#]])),""),"") | Z4: =IFERROR(tbl_TubeLaser[[#This Row],[Act. Mat. Qty]]-tbl_TubeLaser[[#This Row],[Adj. Mat. Qty]],"") -> 0 | AA4: =IF(AND(SUMIFS(tbl_TubeLaser[% Complete],tbl_TubeLaser[Job'#],tbl_TubeLaser[[#This Row],[Job'#]])>=1,COUNTIF(INDEX(tbl_TubeLaser[Job'#],1):tbl_TubeLaser[[#This Row],[Job'#]],tbl_TubeLaser[[#This Row],[Job'#]])=COUNTIF(tbl_TubeLaser[Job'#],tbl_TubeLaser[[#This Row],[Job'#]])),(SUMIFS(tbl_TubeLaser[Act. Mat. Qty],tbl_TubeLaser[Job'#],tbl_TubeLaser[[#This Row],[Job'#]]))-(SUMIFS(tbl_TubeLaser[Adj. Mat. Qty],tbl_TubeLaser[Job'#],tbl_TubeLaser[[#This Row],[Job'#]])),"") | AB4: Issues with hole tolerance. Cody came from meeting and went to programmer to allow keft adjustment then made the adjustment to fix hole size. | AC4: Jarett Matlock
A5: 46120 | B5: 152732-1-1 | C5: =IF(tbl_TubeLaser[[#This Row],[Part'#]]="", "Batch", "Part") -> Part | D5: v2832 | E5: 0.68055556 | F5: 0.68611111 | G5: 60 | H5: 30 | I5: =tbl_TubeLaser[[#This Row],[Qty Complete]]/tbl_TubeLaser[[#This Row],[Qty Required]] -> 0.5 | J5: 60 | K5: 1 | L5: 1 | M5: =IF(tbl_TubeLaser[[#This Row],[Job Type]]="Batch",tbl_TubeLaser[[#This Row],[Batch Hours]]*tbl_TubeLaser[[#This Row],[% Complete]],tbl_TubeLaser[[#This Row],[Total hours]]*tbl_TubeLaser[[#This Row],[% Complete]]) -> 0.5 | O5: C4 X 5.4 CHANNEL 20' | P5: =tbl_TubeLaser[[#This Row],[Mat. Qty]]*tbl_TubeLaser[[#This Row],[% Complete]] -> 1.5 | Q5: 3 | R5: =IFERROR(tbl_TubeLaser[[#This Row],[Qty Complete]]/tbl_TubeLaser[[#This Row],[Total Hours Act]]*tbl_TubeLaser[[#This Row],['# of men Act]],"") -> 225 | S5: 1 | T5: =(MOD(tbl_TubeLaser[[#This Row],[End Time]]-tbl_TubeLaser[[#This Row],[Start Time]],1)*24*tbl_TubeLaser[[#This Row],['# of men Act]])- ( IF(AND(tbl_TubeLaser[[#This Row],[Start Time]]<=Data!$B$2+(Data!$B$2<tbl_TubeLaser[[#This Row],[Start Time]]),tbl_TubeLaser[[#This Row],[Start Time]]+MOD(tbl_TubeLaser[[#This Row],[End Time]]-tbl_TubeLaser[[#This Row],[Start Time]],1)>=Data!$C$2+(Data!$C$2<tbl_TubeLaser[[#This Row],[Start Time]])),0.5*tbl_TubeLaser[[#This Row],['# of men Act]],0) + IF(AND(tbl_TubeLaser[[#This Row],[Start Time]]<=Data!$B$3+(Data!$B$3<tbl_TubeLaser[[#This Row],[Start Time]]),tbl_TubeLaser[[#This Row],[Start Time]]+MOD(tbl_TubeLaser[[#This Row],[End Time]]-tbl_TubeLaser[[#This Row],[Start Time]],1)>=Data!$C$3+(Data!$C$3<tbl_TubeLaser[[#This Row],[Start Time]])),0.5*tbl_TubeLaser[[#This Row],['# of men Act]],0) ) -> 0.13333333 | U5: 2 | V5: 0.5 | W5: 2.8 | X5: =IFERROR((tbl_TubeLaser[[#This Row],[Adj. Total Hours]]+tbl_TubeLaser[[#This Row],[Est. Hours]])/(tbl_TubeLaser[[#This Row],[Total Hours Act]]+tbl_TubeLaser[[#This Row],[Act. Hours]]),"") -> 0.34090909 | Y5: =IF(AND(SUMIFS(tbl_TubeLaser[% Complete],tbl_TubeLaser[Job'#],tbl_TubeLaser[[#This Row],[Job'#]])>=1,COUNTIF(INDEX(tbl_TubeLaser[Job'#],1):tbl_TubeLaser[[#This Row],[Job'#]],tbl_TubeLaser[[#This Row],[Job'#]])=COUNTIF(tbl_TubeLaser[Job'#],tbl_TubeLaser[[#This Row],[Job'#]])),IFERROR((SUMIFS(tbl_TubeLaser[Adj. Total Hours],tbl_TubeLaser[Job'#],tbl_TubeLaser[[#This Row],[Job'#]])+SUMIFS(tbl_TubeLaser[Est. Hours],tbl_TubeLaser[Job'#],tbl_TubeLaser[[#This Row],[Job'#]]))/(SUMIFS(tbl_TubeLaser[Total Hours Act],tbl_TubeLaser[Job'#],tbl_TubeLaser[[#This Row],[Job'#]])+SUMIFS(tbl_TubeLaser[Act. Hours],tbl_TubeLaser[Job'#],tbl_TubeLaser[[#This Row],[Job'#]])),""),"") | Z5: =IFERROR(tbl_TubeLaser[[#This Row],[Act. Mat. Qty]]-tbl_TubeLaser[[#This Row],[Adj. Mat. Qty]],"") -> 0.5 | AA5: =IF(AND(SUMIFS(tbl_TubeLaser[% Complete],tbl_TubeLaser[Job'#],tbl_TubeLaser[[#This Row],[Job'#]])>=1,COUNTIF(INDEX(tbl_TubeLaser[Job'#],1):tbl_TubeLaser[[#This Row],[Job'#]],tbl_TubeLaser[[#This Row],[Job'#]])=COUNTIF(tbl_TubeLaser[Job'#],tbl_TubeLaser[[#This Row],[Job'#]])),(SUMIFS(tbl_TubeLaser[Act. Mat. Qty],tbl_TubeLaser[Job'#],tbl_TubeLaser[[#This Row],[Job'#]]))-(SUMIFS(tbl_TubeLaser[Adj. Mat. Qty],tbl_TubeLaser[Job'#],tbl_TubeLaser[[#This Row],[Job'#]])),"") | AB5: issues with program and tech table. made adjustments no benefit. involved leadership no benefit, troubeshot finally asked programming to make the adjustment. worked but not actually how the machine should be operated for longer periods of time . switching from N2 to O2 | AC5: Jarett Matlock
A6: 46120 | B6: 152739-4-1 | C6: =IF(tbl_TubeLaser[[#This Row],[Part'#]]="", "Batch", "Part") -> Part | D6: 2403141 | E6: 0.30555556 | F6: 0.31875 | G6: 332 | H6: 3 | I6: =tbl_TubeLaser[[#This Row],[Qty Complete]]/tbl_TubeLaser[[#This Row],[Qty Required]] -> 0.0090361446 | J6: 24 | K6: 1 | L6: 13.83 | M6: =IF(tbl_TubeLaser[[#This Row],[Job Type]]="Batch",tbl_TubeLaser[[#This Row],[Batch Hours]]*tbl_TubeLaser[[#This Row],[% Complete]],tbl_TubeLaser[[#This Row],[Total hours]]*tbl_TubeLaser[[#This Row],[% Complete]]) -> 0.12496988 | O6: AL CHANNEL 2.00 X 2.50 X .190 21' LONG -- CUSTOMER SUPPLIED MATERIAL | P6: =tbl_TubeLaser[[#This Row],[Mat. Qty]]*tbl_TubeLaser[[#This Row],[% Complete]] -> 1.5 | Q6: 166 | R6: =IFERROR(tbl_TubeLaser[[#This Row],[Qty Complete]]/tbl_TubeLaser[[#This Row],[Total Hours Act]]*tbl_TubeLaser[[#This Row],['# of men Act]],"") -> 9.4736842 | S6: 1 | T6: =(MOD(tbl_TubeLaser[[#This Row],[End Time]]-tbl_TubeLaser[[#This Row],[Start Time]],1)*24*tbl_TubeLaser[[#This Row],['# of men Act]])- ( IF(AND(tbl_TubeLaser[[#This Row],[Start Time]]<=Data!$B$2+(Data!$B$2<tbl_TubeLaser[[#This Row],[Start Time]]),tbl_TubeLaser[[#This Row],[Start Time]]+MOD(tbl_TubeLaser[[#This Row],[End Time]]-tbl_TubeLaser[[#This Row],[Start Time]],1)>=Data!$C$2+(Data!$C$2<tbl_TubeLaser[[#This Row],[Start Time]])),0.5*tbl_TubeLaser[[#This Row],['# of men Act]],0) + IF(AND(tbl_TubeLaser[[#This Row],[Start Time]]<=Data!$B$3+(Data!$B$3<tbl_TubeLaser[[#This Row],[Start Time]]),tbl_TubeLaser[[#This Row],[Start Time]]+MOD(tbl_TubeLaser[[#This Row],[End Time]]-tbl_TubeLaser[[#This Row],[Start Time]],1)>=Data!$C$3+(Data!$C$3<tbl_TubeLaser[[#This Row],[Start Time]])),0.5*tbl_TubeLaser[[#This Row],['# of men Act]],0) ) -> 0.31666667 | U6: 3 | V6: 0.5 | W6: 0.43 | X6: =IFERROR((tbl_TubeLaser[[#This Row],[Adj. Total Hours]]+tbl_TubeLaser[[#This Row],[Est. Hours]])/(tbl_TubeLaser[[#This Row],[Total Hours Act]]+tbl_TubeLaser[[#This Row],[Act. Hours]]),"") -> 0.83701323 | Y6: =IF(AND(SUMIFS(tbl_TubeLaser[% Complete],tbl_TubeLaser[Job'#],tbl_TubeLaser[[#This Row],[Job'#]])>=1,COUNTIF(INDEX(tbl_TubeLaser[Job'#],1):tbl_TubeLaser[[#This Row],[Job'#]],tbl_TubeLaser[[#This Row],[Job'#]])=COUNTIF(tbl_TubeLaser[Job'#],tbl_TubeLaser[[#This Row],[Job'#]])),IFERROR((SUMIFS(tbl_TubeLaser[Adj. Total Hours],tbl_TubeLaser[Job'#],tbl_TubeLaser[[#This Row],[Job'#]])+SUMIFS(tbl_TubeLaser[Est. Hours],tbl_TubeLaser[Job'#],tbl_TubeLaser[[#This Row],[Job'#]]))/(SUMIFS(tbl_TubeLaser[Total Hours Act],tbl_TubeLaser[Job'#],tbl_TubeLaser[[#This Row],[Job'#]])+SUMIFS(tbl_TubeLaser[Act. Hours],tbl_TubeLaser[Job'#],tbl_TubeLaser[[#This Row],[Job'#]])),""),"") | Z6: =IFERROR(tbl_TubeLaser[[#This Row],[Act. Mat. Qty]]-tbl_TubeLaser[[#This Row],[Adj. Mat. Qty]],"") -> 1.5 | AA6: =IF(AND(SUMIFS(tbl_TubeLaser[% Complete],tbl_TubeLaser[Job'#],tbl_TubeLaser[[#This Row],[Job'#]])>=1,COUNTIF(INDEX(tbl_TubeLaser[Job'#],1):tbl_TubeLaser[[#This Row],[Job'#]],tbl_TubeLaser[[#This Row],[Job'#]])=COUNTIF(tbl_TubeLaser[Job'#],tbl_TubeLaser[[#This Row],[Job'#]])),(SUMIFS(tbl_TubeLaser[Act. Mat. Qty],tbl_TubeLaser[Job'#],tbl_TubeLaser[[#This Row],[Job'#]]))-(SUMIFS(tbl_TubeLaser[Adj. Mat. Qty],tbl_TubeLaser[Job'#],tbl_TubeLaser[[#This Row],[Job'#]])),"") | AB6: I misread the blue print and had to wait for Cody to get out of a meeting to examine the part, ran with part below | AC6: Sterling Caldwell
A7: 46120 | B7: 152739-1-1 | C7: =IF(tbl_TubeLaser[[#This Row],[Part'#]]="", "Batch", "Part") -> Part | D7: 2403130 | E7: 0.30625 | F7: 0.31944444 | G7: 328 | H7: 3 | I7: =tbl_TubeLaser[[#This Row],[Qty Complete]]/tbl_TubeLaser[[#This Row],[Qty Required]] -> 0.0091463415 | J7: 21 | K7: 1 | L7: 15.62 | M7: =IF(tbl_TubeLaser[[#This Row],[Job Type]]="Batch",tbl_TubeLaser[[#This Row],[Batch Hours]]*tbl_TubeLaser[[#This Row],[% Complete]],tbl_TubeLaser[[#This Row],[Total hours]]*tbl_TubeLaser[[#This Row],[% Complete]]) -> 0.14286585 | O7: AL CHANNEL 2.00 X 2.50 X .190 21' LONG -- CUSTOMER SUPPLIED MATERIAL | P7: =tbl_TubeLaser[[#This Row],[Mat. Qty]]*tbl_TubeLaser[[#This Row],[% Complete]] -> 1.5 | Q7: 164 | R7: =IFERROR(tbl_TubeLaser[[#This Row],[Qty Complete]]/tbl_TubeLaser[[#This Row],[Total Hours Act]]*tbl_TubeLaser[[#This Row],['# of men Act]],"") -> 9.4736842 | S7: 1 | T7: =(MOD(tbl_TubeLaser[[#This Row],[End Time]]-tbl_TubeLaser[[#This Row],[Start Time]],1)*24*tbl_TubeLaser[[#This Row],['# of men Act]])- ( IF(AND(tbl_TubeLaser[[#This Row],[Start Time]]<=Data!$B$2+(Data!$B$2<tbl_TubeLaser[[#This Row],[Start Time]]),tbl_TubeLaser[[#This Row],[Start Time]]+MOD(tbl_TubeLaser[[#This Row],[End Time]]-tbl_TubeLaser[[#This Row],[Start Time]],1)>=Data!$C$2+(Data!$C$2<tbl_TubeLaser[[#This Row],[Start Time]])),0.5*tbl_TubeLaser[[#This Row],['# of men Act]],0) + IF(AND(tbl_TubeLaser[[#This Row],[Start Time]]<=Data!$B$3+(Data!$B$3<tbl_TubeLaser[[#This Row],[Start Time]]),tbl_TubeLaser[[#This Row],[Start Time]]+MOD(tbl_TubeLaser[[#This Row],[End Time]]-tbl_TubeLaser[[#This Row],[Start Time]],1)>=Data!$C$3+(Data!$C$3<tbl_TubeLaser[[#This Row],[Start Time]])),0.5*tbl_TubeLaser[[#This Row],['# of men Act]],0) ) -> 0.31666667 | U7: 3 | V7: 0.5 | W7: 0.84 | X7: =IFERROR((tbl_TubeLaser[[#This Row],[Adj. Total Hours]]+tbl_TubeLaser[[#This Row],[Est. Hours]])/(tbl_TubeLaser[[#This Row],[Total Hours Act]]+tbl_TubeLaser[[#This Row],[Act. Hours]]),"") -> 0.5557918 | Y7: =IF(AND(SUMIFS(tbl_TubeLaser[% Complete],tbl_TubeLaser[Job'#],tbl_TubeLaser[[#This Row],[Job'#]])>=1,COUNTIF(INDEX(tbl_TubeLaser[Job'#],1):tbl_TubeLaser[[#This Row],[Job'#]],tbl_TubeLaser[[#This Row],[Job'#]])=COUNTIF(tbl_TubeLaser[Job'#],tbl_TubeLaser[[#This Row],[Job'#]])),IFERROR((SUMIFS(tbl_TubeLaser[Adj. Total Hours],tbl_TubeLaser[Job'#],tbl_TubeLaser[[#This Row],[Job'#]])+SUMIFS(tbl_TubeLaser[Est. Hours],tbl_TubeLaser[Job'#],tbl_TubeLaser[[#This Row],[Job'#]]))/(SUMIFS(tbl_TubeLaser[Total Hours Act],tbl_TubeLaser[Job'#],tbl_TubeLaser[[#This Row],[Job'#]])+SUMIFS(tbl_TubeLaser[Act. Hours],tbl_TubeLaser[Job'#],tbl_TubeLaser[[#This Row],[Job'#]])),""),"") | Z7: =IFERROR(tbl_TubeLaser[[#This Row],[Act. Mat. Qty]]-tbl_TubeLaser[[#This Row],[Adj. Mat. Qty]],"") -> 1.5 | AA7: =IF(AND(SUMIFS(tbl_TubeLaser[% Complete],tbl_TubeLaser[Job'#],tbl_TubeLaser[[#This Row],[Job'#]])>=1,COUNTIF(INDEX(tbl_TubeLaser[Job'#],1):tbl_TubeLaser[[#This Row],[Job'#]],tbl_TubeLaser[[#This Row],[Job'#]])=COUNTIF(tbl_TubeLaser[Job'#],tbl_TubeLaser[[#This Row],[Job'#]])),(SUMIFS(tbl_TubeLaser[Act. Mat. Qty],tbl_TubeLaser[Job'#],tbl_TubeLaser[[#This Row],[Job'#]]))-(SUMIFS(tbl_TubeLaser[Adj. Mat. Qty],tbl_TubeLaser[Job'#],tbl_TubeLaser[[#This Row],[Job'#]])),"") | AB7: Ran with job above then pulled off due to hot parts of other jobs | AC7: Sterling Caldwell
A8: 46120 | B8: 152759-1-1 | C8: =IF(tbl_TubeLaser[[#This Row],[Part'#]]="", "Batch", "Part") -> Part | D8: 13871--Upper Pipe | E8: 0.33055556 | F8: 0.38263889 | G8: 28 | H8: 28 | I8: =tbl_TubeLaser[[#This Row],[Qty Complete]]/tbl_TubeLaser[[#This Row],[Qty Required]] -> 1 | J8: 36 | K8: 1 | L8: 0.78 | M8: =IF(tbl_TubeLaser[[#This Row],[Job Type]]="Batch",tbl_TubeLaser[[#This Row],[Batch Hours]]*tbl_TubeLaser[[#This Row],[% Complete]],tbl_TubeLaser[[#This Row],[Total hours]]*tbl_TubeLaser[[#This Row],[% Complete]]) -> 0.78 | O8: HR ROUND TUBE 4" OD X 0.188" WALL X 20' DOM -- Customer Supplied Material | P8: =tbl_TubeLaser[[#This Row],[Mat. Qty]]*tbl_TubeLaser[[#This Row],[% Complete]] -> 3 | Q8: 3 | R8: =IFERROR(tbl_TubeLaser[[#This Row],[Qty Complete]]/tbl_TubeLaser[[#This Row],[Total Hours Act]]*tbl_TubeLaser[[#This Row],['# of men Act]],"") -> 22.4 | S8: 1 | T8: =(MOD(tbl_TubeLaser[[#This Row],[End Time]]-tbl_TubeLaser[[#This Row],[Start Time]],1)*24*tbl_TubeLaser[[#This Row],['# of men Act]])- ( IF(AND(tbl_TubeLaser[[#This Row],[Start Time]]<=Data!$B$2+(Data!$B$2<tbl_TubeLaser[[#This Row],[Start Time]]),tbl_TubeLaser[[#This Row],[Start Time]]+MOD(tbl_TubeLaser[[#This Row],[End Time]]-tbl_TubeLaser[[#This Row],[Start Time]],1)>=Data!$C$2+(Data!$C$2<tbl_TubeLaser[[#This Row],[Start Time]])),0.5*tbl_TubeLaser[[#This Row],['# of men Act]],0) + IF(AND(tbl_TubeLaser[[#This Row],[Start Time]]<=Data!$B$3+(Data!$B$3<tbl_TubeLaser[[#This Row],[Start Time]]),tbl_TubeLaser[[#This Row],[Start Time]]+MOD(tbl_TubeLaser[[#This Row],[End Time]]-tbl_TubeLaser[[#This Row],[Start Time]],1)>=Data!$C$3+(Data!$C$3<tbl_TubeLaser[[#This Row],[Start Time]])),0.5*tbl_TubeLaser[[#This Row],['# of men Act]],0) ) -> 1.25 | U8: 3 | V8: 0.5 | W8: 0.27 | X8: =IFERROR((tbl_TubeLaser[[#This Row],[Adj. Total Hours]]+tbl_TubeLaser[[#This Row],[Est. Hours]])/(tbl_TubeLaser[[#This Row],[Total Hours Act]]+tbl_TubeLaser[[#This Row],[Act. Hours]]),"") -> 0.84210526 | Y8: =IF(AND(SUMIFS(tbl_TubeLaser[% Complete],tbl_TubeLaser[Job'#],tbl_TubeLaser[[#This Row],[Job'#]])>=1,COUNTIF(INDEX(tbl_TubeLaser[Job'#],1):tbl_TubeLaser[[#This Row],[Job'#]],tbl_TubeLaser[[#This Row],[Job'#]])=COUNTIF(tbl_TubeLaser[Job'#],tbl_TubeLaser[[#This Row],[Job'#]])),IFERROR((SUMIFS(tbl_TubeLaser[Adj. Total Hours],tbl_TubeLaser[Job'#],tbl_TubeLaser[[#This Row],[Job'#]])+SUMIFS(tbl_TubeLaser[Est. Hours],tbl_TubeLaser[Job'#],tbl_TubeLaser[[#This Row],[Job'#]]))/(SUMIFS(tbl_TubeLaser[Total Hours Act],tbl_TubeLaser[Job'#],tbl_TubeLaser[[#This Row],[Job'#]])+SUMIFS(tbl_TubeLaser[Act. Hours],tbl_TubeLaser[Job'#],tbl_TubeLaser[[#This Row],[Job'#]])),""),"") -> 0.84210526 | Z8: =IFERROR(tbl_TubeLaser[[#This Row],[Act. Mat. Qty]]-tbl_TubeLaser[[#This Row],[Adj. Mat. Qty]],"") -> 0 | AA8: =IF(AND(SUMIFS(tbl_TubeLaser[% Complete],tbl_TubeLaser[Job'#],tbl_TubeLaser[[#This Row],[Job'#]])>=1,COUNTIF(INDEX(tbl_TubeLaser[Job'#],1):tbl_TubeLaser[[#This Row],[Job'#]],tbl_TubeLaser[[#This Row],[Job'#]])=COUNTIF(tbl_TubeLaser[Job'#],tbl_TubeLaser[[#This Row],[Job'#]])),(SUMIFS(tbl_TubeLaser[Act. Mat. Qty],tbl_TubeLaser[Job'#],tbl_TubeLaser[[#This Row],[Job'#]]))-(SUMIFS(tbl_TubeLaser[Adj. Mat. Qty],tbl_TubeLaser[Job'#],tbl_TubeLaser[[#This Row],[Job'#]])),"") -> 0 | AB8: Pallet needed added to in order to hold parts but nail gun was missing battery then broken just hand nailed it. | AC8: Sterling Caldwell
A9: 46120 | B9: 152731-1-1 | C9: =IF(tbl_TubeLaser[[#This Row],[Part'#]]="", "Batch", "Part") -> Part | D9: 033472-009-00820DD4 | E9: 0.40833333 | F9: 0.41388889 | G9: 8 | H9: 2 | I9: =tbl_TubeLaser[[#This Row],[Qty Complete]]/tbl_TubeLaser[[#This Row],[Qty Required]] -> 0.25 | J9: 18 | K9: 1 | L9: 0.44 | M9: =IF(tbl_TubeLaser[[#This Row],[Job Type]]="Batch",tbl_TubeLaser[[#This Row],[Batch Hours]]*tbl_TubeLaser[[#This Row],[% Complete]],tbl_TubeLaser[[#This Row],[Total hours]]*tbl_TubeLaser[[#This Row],[% Complete]]) -> 0.11 | O9: RT211214GA-24 | P9: =tbl_TubeLaser[[#This Row],[Mat. Qty]]*tbl_TubeLaser[[#This Row],[% Complete]] -> 0.25 | Q9: 1 | R9: =IFERROR(tbl_TubeLaser[[#This Row],[Qty Complete]]/tbl_TubeLaser[[#This Row],[Total Hours Act]]*tbl_TubeLaser[[#This Row],['# of men Act]],"") -> 15 | S9: 1 | T9: =(MOD(tbl_TubeLaser[[#This Row],[End Time]]-tbl_TubeLaser[[#This Row],[Start Time]],1)*24*tbl_TubeLaser[[#This Row],['# of men Act]])- ( IF(AND(tbl_TubeLaser[[#This Row],[Start Time]]<=Data!$B$2+(Data!$B$2<tbl_TubeLaser[[#This Row],[Start Time]]),tbl_TubeLaser[[#This Row],[Start Time]]+MOD(tbl_TubeLaser[[#This Row],[End Time]]-tbl_TubeLaser[[#This Row],[Start Time]],1)>=Data!$C$2+(Data!$C$2<tbl_TubeLaser[[#This Row],[Start Time]])),0.5*tbl_TubeLaser[[#This Row],['# of men Act]],0) + IF(AND(tbl_TubeLaser[[#This Row],[Start Time]]<=Data!$B$3+(Data!$B$3<tbl_TubeLaser[[#This Row],[Start Time]]),tbl_TubeLaser[[#This Row],[Start Time]]+MOD(tbl_TubeLaser[[#This Row],[End Time]]-tbl_TubeLaser[[#This Row],[Start Time]],1)>=Data!$C$3+(Data!$C$3<tbl_TubeLaser[[#This Row],[Start Time]])),0.5*tbl_TubeLaser[[#This Row],['# of men Act]],0) ) -> 0.13333333 | U9: 1 | V9: 0.5 | W9: 0.6 | X9: =IFERROR((tbl_TubeLaser[[#This Row],[Adj. Total Hours]]+tbl_TubeLaser[[#This Row],[Est. Hours]])/(tbl_TubeLaser[[#This Row],[Total Hours Act]]+tbl_TubeLaser[[#This Row],[Act. Hours]]),"") -> 0.83181818 | Y9: =IF(AND(SUMIFS(tbl_TubeLaser[% Complete],tbl_TubeLaser[Job'#],tbl_TubeLaser[[#This Row],[Job'#]])>=1,COUNTIF(INDEX(tbl_TubeLaser[Job'#],1):tbl_TubeLaser[[#This Row],[Job'#]],tbl_TubeLaser[[#This Row],[Job'#]])=COUNTIF(tbl_TubeLaser[Job'#],tbl_TubeLaser[[#This Row],[Job'#]])),IFERROR((SUMIFS(tbl_TubeLaser[Adj. Total Hours],tbl_TubeLaser[Job'#],tbl_TubeLaser[[#This Row],[Job'#]])+SUMIFS(tbl_TubeLaser[Est. Hours],tbl_TubeLaser[Job'#],tbl_TubeLaser[[#This Row],[Job'#]]))/(SUMIFS(tbl_TubeLaser[Total Hours Act],tbl_TubeLaser[Job'#],tbl_TubeLaser[[#This Row],[Job'#]])+SUMIFS(tbl_TubeLaser[Act. Hours],tbl_TubeLaser[Job'#],tbl_TubeLaser[[#This Row],[Job'#]])),""),"") | Z9: =IFERROR(tbl_TubeLaser[[#This Row],[Act. Mat. Qty]]-tbl_TubeLaser[[#This Row],[Adj. Mat. Qty]],"") -> 0.75 | AA9: =IF(AND(SUMIFS(tbl_TubeLaser[% Complete],tbl_TubeLaser[Job'#],tbl_TubeLaser[[#This Row],[Job'#]])>=1,COUNTIF(INDEX(tbl_TubeLaser[Job'#],1):tbl_TubeLaser[[#This Row],[Job'#]],tbl_TubeLaser[[#This Row],[Job'#]])=COUNTIF(tbl_TubeLaser[Job'#],tbl_TubeLaser[[#This Row],[Job'#]])),(SUMIFS(tbl_TubeLaser[Act. Mat. Qty],tbl_TubeLaser[Job'#],tbl_TubeLaser[[#This Row],[Job'#]]))-(SUMIFS(tbl_TubeLaser[Adj. Mat. Qty],tbl_TubeLaser[Job'#],tbl_TubeLaser[[#This Row],[Job'#]])),"") | AB9: Job name on traveler didn't match lead went to programming to get issue sorted | AC9: Sterling Caldwell
A10: 46120 | B10: 152690-1-1 | C10: =IF(tbl_TubeLaser[[#This Row],[Part'#]]="", "Batch", "Part") -> Part | D10: 300032 | E10: 0.47847222 | F10: 0.55416667 | G10: 200 | H10: 49 | I10: =tbl_TubeLaser[[#This Row],[Qty Complete]]/tbl_TubeLaser[[#This Row],[Qty Required]] -> 0.245 | J10: 19 | K10: 1 | L10: 10.53 | M10: =IF(tbl_TubeLaser[[#This Row],[Job Type]]="Batch",tbl_TubeLaser[[#This Row],[Batch Hours]]*tbl_TubeLaser[[#This Row],[% Complete]],tbl_TubeLaser[[#This Row],[Total hours]]*tbl_TubeLaser[[#This Row],[% Complete]]) -> 2.57985 | O10: 5 X 5 X 1/2 20 A36 ANGLE | P10: =tbl_TubeLaser[[#This Row],[Mat. Qty]]*tbl_TubeLaser[[#This Row],[% Complete]] -> 2.94 | Q10: 12 | R10: =IFERROR(tbl_TubeLaser[[#This Row],[Qty Complete]]/tbl_TubeLaser[[#This Row],[Total Hours Act]]*tbl_TubeLaser[[#This Row],['# of men Act]],"") -> 37.21519 | S10: 1 | T10: =(MOD(tbl_TubeLaser[[#This Row],[End Time]]-tbl_TubeLaser[[#This Row],[Start Time]],1)*24*tbl_TubeLaser[[#This Row],['# of men Act]])- ( IF(AND(tbl_TubeLaser[[#This Row],[Start Time]]<=Data!$B$2+(Data!$B$2<tbl_TubeLaser[[#This Row],[Start Time]]),tbl_TubeLaser[[#This Row],[Start Time]]+MOD(tbl_TubeLaser[[#This Row],[End Time]]-tbl_TubeLaser[[#This Row],[Start Time]],1)>=Data!$C$2+(Data!$C$2<tbl_TubeLaser[[#This Row],[Start Time]])),0.5*tbl_TubeLaser[[#This Row],['# of men Act]],0) + IF(AND(tbl_TubeLaser[[#This Row],[Start Time]]<=Data!$B$3+(Data!$B$3<tbl_TubeLaser[[#This Row],[Start Time]]),tbl_TubeLaser[[#This Row],[Start Time]]+MOD(tbl_TubeLaser[[#This Row],[End Time]]-tbl_TubeLaser[[#This Row],[Start Time]],1)>=Data!$C$3+(Data!$C$3<tbl_TubeLaser[[#This Row],[Start Time]])),0.5*tbl_TubeLaser[[#This Row],['# of men Act]],0) ) -> 1.3166667 | U10: 3 | V10: 0.5 | W10: 1.53 | X10: =IFERROR((tbl_TubeLaser[[#This Row],[Adj. Total Hours]]+tbl_TubeLaser[[#This Row],[Est. Hours]])/(tbl_TubeLaser[[#This Row],[Total Hours Act]]+tbl_TubeLaser[[#This Row],[Act. Hours]]),"") -> 1.0819145 | Y10: =IF(AND(SUMIFS(tbl_TubeLaser[% Complete],tbl_TubeLaser[Job'#],tbl_TubeLaser[[#This Row],[Job'#]])>=1,COUNTIF(INDEX(tbl_TubeLaser[Job'#],1):tbl_TubeLaser[[#This Row],[Job'#]],tbl_TubeLaser[[#This Row],[Job'#]])=COUNTIF(tbl_TubeLaser[Job'#],tbl_TubeLaser[[#This Row],[Job'#]])),IFERROR((SUMIFS(tbl_TubeLaser[Adj. Total Hours],tbl_TubeLaser[Job'#],tbl_TubeLaser[[#This Row],[Job'#]])+SUMIFS(tbl_TubeLaser[Est. Hours],tbl_TubeLaser[Job'#],tbl_TubeLaser[[#This Row],[Job'#]]))/(SUMIFS(tbl_TubeLaser[Total Hours Act],tbl_TubeLaser[Job'#],tbl_TubeLaser[[#This Row],[Job'#]])+SUMIFS(tbl_TubeLaser[Act. Hours],tbl_TubeLaser[Job'#],tbl_TubeLaser[[#This Row],[Job'#]])),""),"") | Z10: =IFERROR(tbl_TubeLaser[[#This Row],[Act. Mat. Qty]]-tbl_TubeLaser[[#This Row],[Adj. Mat. Qty]],"") -> 0.06 | AA10: =IF(AND(SUMIFS(tbl_TubeLaser[% Complete],tbl_TubeLaser[Job'#],tbl_TubeLaser[[#This Row],[Job'#]])>=1,COUNTIF(INDEX(tbl_TubeLaser[Job'#],1):tbl_TubeLaser[[#This Row],[Job'#]],tbl_TubeLaser[[#This Row],[Job'#]])=COUNTIF(tbl_TubeLaser[Job'#],tbl_TubeLaser[[#This Row],[Job'#]])),(SUMIFS(tbl_TubeLaser[Act. Mat. Qty],tbl_TubeLaser[Job'#],tbl_TubeLaser[[#This Row],[Job'#]]))-(SUMIFS(tbl_TubeLaser[Adj. Mat. Qty],tbl_TubeLaser[Job'#],tbl_TubeLaser[[#This Row],[Job'#]])),"") | AB10: Had to manually load the laser with forklift due to loader being down and not having a crane on the 20' tube laser | AC10: Sterling Caldwell
A11: 46121 | B11: 152739-4-1 | C11: =IF(tbl_TubeLaser[[#This Row],[Part'#]]="", "Batch", "Part") -> Part | D11: 2403141 | E11: 0.22916667 | F11: 0.34375 | G11: 332 | H11: 80 | I11: =tbl_TubeLaser[[#This Row],[Qty Complete]]/tbl_TubeLaser[[#This Row],[Qty Required]] -> 0.24096386 | J11: 24 | K11: 1 | L11: =IF(tbl_TubeLaser[[#This Row],[Job Type]]="Batch",0,tbl_TubeLaser[[#This Row],[Qty Required]]/tbl_TubeLaser[[#This Row],[PPH]]*tbl_TubeLaser[[#This Row],['# of men]]) -> 13.833333 | M11: =IF(tbl_TubeLaser[[#This Row],[Job Type]]="Batch",tbl_TubeLaser[[#This Row],[Batch Hours]]*tbl_TubeLaser[[#This Row],[% Complete]],tbl_TubeLaser[[#This Row],[Total hours]]*tbl_TubeLaser[[#This Row],[% Complete]]) -> 3.3333333 | O11: CSM-ACH2212190-21 | P11: =tbl_TubeLaser[[#This Row],[Mat. Qty]]*tbl_TubeLaser[[#This Row],[% Complete]] -> 9.6385542 | Q11: 40 | R11: =IFERROR(tbl_TubeLaser[[#This Row],[Qty Complete]]/tbl_TubeLaser[[#This Row],[Total Hours Act]]*tbl_TubeLaser[[#This Row],['# of men Act]],"") -> 29.090909 | S11: 1 | T11: =(MOD(tbl_TubeLaser[[#This Row],[End Time]]-tbl_TubeLaser[[#This Row],[Start Time]],1)*24*tbl_TubeLaser[[#This Row],['# of men Act]])- ( IF(AND(tbl_TubeLaser[[#This Row],[Start Time]]<=Data!$B$2+(Data!$B$2<tbl_TubeLaser[[#This Row],[Start Time]]),tbl_TubeLaser[[#This Row],[Start Time]]+MOD(tbl_TubeLaser[[#This Row],[End Time]]-tbl_TubeLaser[[#This Row],[Start Time]],1)>=Data!$C$2+(Data!$C$2<tbl_TubeLaser[[#This Row],[Start Time]])),0.5*tbl_TubeLaser[[#This Row],['# of men Act]],0) + IF(AND(tbl_TubeLaser[[#This Row],[Start Time]]<=Data!$B$3+(Data!$B$3<tbl_TubeLaser[[#This Row],[Start Time]]),tbl_TubeLaser[[#This Row],[Start Time]]+MOD(tbl_TubeLaser[[#This Row],[End Time]]-tbl_TubeLaser[[#This Row],[Start Time]],1)>=Data!$C$3+(Data!$C$3<tbl_TubeLaser[[#This Row],[Start Time]])),0.5*tbl_TubeLaser[[#This Row],['# of men Act]],0) ) -> 2.75 | U11: 166 | V11: 0.5 | W11: 0.32 | X11: =IFERROR((tbl_TubeLaser[[#This Row],[Adj. Total Hours]]+tbl_TubeLaser[[#This Row],[Est. Hours]])/(tbl_TubeLaser[[#This Row],[Total Hours Act]]+tbl_TubeLaser[[#This Row],[Act. Hours]]),"") -> 1.2486428 | Y11: =IF(AND(SUMIFS(tbl_TubeLaser[% Complete],tbl_TubeLaser[Job'#],tbl_TubeLaser[[#This Row],[Job'#]])>=1,COUNTIF(INDEX(tbl_TubeLaser[Job'#],1):tbl_TubeLaser[[#This Row],[Job'#]],tbl_TubeLaser[[#This Row],[Job'#]])=COUNTIF(tbl_TubeLaser[Job'#],tbl_TubeLaser[[#This Row],[Job'#]])),IFERROR((SUMIFS(tbl_TubeLaser[Adj. Total Hours],tbl_TubeLaser[Job'#],tbl_TubeLaser[[#This Row],[Job'#]])+SUMIFS(tbl_TubeLaser[Est. Hours],tbl_TubeLaser[Job'#],tbl_TubeLaser[[#This Row],[Job'#]]))/(SUMIFS(tbl_TubeLaser[Total Hours Act],tbl_TubeLaser[Job'#],tbl_TubeLaser[[#This Row],[Job'#]])+SUMIFS(tbl_TubeLaser[Act. Hours],tbl_TubeLaser[Job'#],tbl_TubeLaser[[#This Row],[Job'#]])),""),"") | Z11: =IFERROR(tbl_TubeLaser[[#This Row],[Act. Mat. Qty]]-tbl_TubeLaser[[#This Row],[Adj. Mat. Qty]],"") -> 156.36145 | AA11: =IF(AND(SUMIFS(tbl_TubeLaser[% Complete],tbl_TubeLaser[Job'#],tbl_TubeLaser[[#This Row],[Job'#]])>=1,COUNTIF(INDEX(tbl_TubeLaser[Job'#],1):tbl_TubeLaser[[#This Row],[Job'#]],tbl_TubeLaser[[#This Row],[Job'#]])=COUNTIF(tbl_TubeLaser[Job'#],tbl_TubeLaser[[#This Row],[Job'#]])),(SUMIFS(tbl_TubeLaser[Act. Mat. Qty],tbl_TubeLaser[Job'#],tbl_TubeLaser[[#This Row],[Job'#]]))-(SUMIFS(tbl_TubeLaser[Adj. Mat. Qty],tbl_TubeLaser[Job'#],tbl_TubeLaser[[#This Row],[Job'#]])),"") | AC11: Jarett Matlock
A12: 46121 | B12: 143036 | C12: =IF(tbl_TubeLaser[[#This Row],[Part'#]]="", "Batch", "Part") -> Part | D12: NAS000055513 | E12: 0.35694444 | F12: 0.41319444 | G12: 255 | H12: 47 | I12: =tbl_TubeLaser[[#This Row],[Qty Complete]]/tbl_TubeLaser[[#This Row],[Qty Required]] -> 0.18431373 | J12: 30 | K12: 1 | L12: =IF(tbl_TubeLaser[[#This Row],[Job Type]]="Batch",0,tbl_TubeLaser[[#This Row],[Qty Required]]/tbl_TubeLaser[[#This Row],[PPH]]*tbl_TubeLaser[[#This Row],['# of men]]) -> 8.5 | M12: =IF(tbl_TubeLaser[[#This Row],[Job Type]]="Batch",tbl_TubeLaser[[#This Row],[Batch Hours]]*tbl_TubeLaser[[#This Row],[% Complete]],tbl_TubeLaser[[#This Row],[Total hours]]*tbl_TubeLaser[[#This Row],[% Complete]]) -> 1.5666667 | O12: RT4211GA-303 | P12: =tbl_TubeLaser[[#This Row],[Mat. Qty]]*tbl_TubeLaser[[#This Row],[% Complete]] -> 23.592157 | Q12: 128 | R12: =IFERROR(tbl_TubeLaser[[#This Row],[Qty Complete]]/tbl_TubeLaser[[#This Row],[Total Hours Act]]*tbl_TubeLaser[[#This Row],['# of men Act]],"") -> 34.814815 | S12: 1 | T12: =(MOD(tbl_TubeLaser[[#This Row],[End Time]]-tbl_TubeLaser[[#This Row],[Start Time]],1)*24*tbl_TubeLaser[[#This Row],['# of men Act]])- ( IF(AND(tbl_TubeLaser[[#This Row],[Start Time]]<=Data!$B$2+(Data!$B$2<tbl_TubeLaser[[#This Row],[Start Time]]),tbl_TubeLaser[[#This Row],[Start Time]]+MOD(tbl_TubeLaser[[#This Row],[End Time]]-tbl_TubeLaser[[#This Row],[Start Time]],1)>=Data!$C$2+(Data!$C$2<tbl_TubeLaser[[#This Row],[Start Time]])),0.5*tbl_TubeLaser[[#This Row],['# of men Act]],0) + IF(AND(tbl_TubeLaser[[#This Row],[Start Time]]<=Data!$B$3+(Data!$B$3<tbl_TubeLaser[[#This Row],[Start Time]]),tbl_TubeLaser[[#This Row],[Start Time]]+MOD(tbl_TubeLaser[[#This Row],[End Time]]-tbl_TubeLaser[[#This Row],[Start Time]],1)>=Data!$C$3+(Data!$C$3<tbl_TubeLaser[[#This Row],[Start Time]])),0.5*tbl_TubeLaser[[#This Row],['# of men Act]],0) ) -> 1.35 | U12: 24 | V12: 0.51 | W12: 3.15 | X12: =IFERROR((tbl_TubeLaser[[#This Row],[Adj. Total Hours]]+tbl_TubeLaser[[#This Row],[Est. Hours]])/(tbl_TubeLaser[[#This Row],[Total Hours Act]]+tbl_TubeLaser[[#This Row],[Act. Hours]]),"") -> 0.46148148 | Y12: =IF(AND(SUMIFS(tbl_TubeLaser[% Complete],tbl_TubeLaser[Job'#],tbl_TubeLaser[[#This Row],[Job'#]])>=1,COUNTIF(INDEX(tbl_TubeLaser[Job'#],1):tbl_TubeLaser[[#This Row],[Job'#]],tbl_TubeLaser[[#This Row],[Job'#]])=COUNTIF(tbl_TubeLaser[Job'#],tbl_TubeLaser[[#This Row],[Job'#]])),IFERROR((SUMIFS(tbl_TubeLaser[Adj. Total Hours],tbl_TubeLaser[Job'#],tbl_TubeLaser[[#This Row],[Job'#]])+SUMIFS(tbl_TubeLaser[Est. Hours],tbl_TubeLaser[Job'#],tbl_TubeLaser[[#This Row],[Job'#]]))/(SUMIFS(tbl_TubeLaser[Total Hours Act],tbl_TubeLaser[Job'#],tbl_TubeLaser[[#This Row],[Job'#]])+SUMIFS(tbl_TubeLaser[Act. Hours],tbl_TubeLaser[Job'#],tbl_TubeLaser[[#This Row],[Job'#]])),""),"") | Z12: =IFERROR(tbl_TubeLaser[[#This Row],[Act. Mat. Qty]]-tbl_TubeLaser[[#This Row],[Adj. Mat. Qty]],"") -> 0.40784314 | AA12: =IF(AND(SUMIFS(tbl_TubeLaser[% Complete],tbl_TubeLaser[Job'#],tbl_TubeLaser[[#This Row],[Job'#]])>=1,COUNTIF(INDEX(tbl_TubeLaser[Job'#],1):tbl_TubeLaser[[#This Row],[Job'#]],tbl_TubeLaser[[#This Row],[Job'#]])=COUNTIF(tbl_TubeLaser[Job'#],tbl_TubeLaser[[#This Row],[Job'#]])),(SUMIFS(tbl_TubeLaser[Act. Mat. Qty],tbl_TubeLaser[Job'#],tbl_TubeLaser[[#This Row],[Job'#]]))-(SUMIFS(tbl_TubeLaser[Adj. Mat. Qty],tbl_TubeLaser[Job'#],tbl_TubeLaser[[#This Row],[Job'#]])),"") | AB12: Issues with waste conveyor belt worked on for some time operator did not clock out i've told him previously will get this dealt with monday. | AC12: Jarett Matlock
A13: 46121 | B13: 143200 | C13: =IF(tbl_TubeLaser[[#This Row],[Part'#]]="", "Batch", "Part") -> Batch | E13: 0.46041667 | F13: 0.59930556 | G13: 48 | H13: 48 | I13: =tbl_TubeLaser[[#This Row],[Qty Complete]]/tbl_TubeLaser[[#This Row],[Qty Required]] -> 1 | J13: 6 | K13: 1 | L13: =IF(tbl_TubeLaser[[#This Row],[Job Type]]="Batch",0,tbl_TubeLaser[[#This Row],[Qty Required]]/tbl_TubeLaser[[#This Row],[PPH]]*tbl_TubeLaser[[#This Row],['# of men]]) -> 0 | M13: =IF(tbl_TubeLaser[[#This Row],[Job Type]]="Batch",tbl_TubeLaser[[#This Row],[Batch Hours]]*tbl_TubeLaser[[#This Row],[% Complete]],tbl_TubeLaser[[#This Row],[Total hours]]*tbl_TubeLaser[[#This Row],[% Complete]]) -> 8 | N13: 8 | O13: RT5211GA-330 | P13: =tbl_TubeLaser[[#This Row],[Mat. Qty]]*tbl_TubeLaser[[#This Row],[% Complete]] -> 24 | Q13: 24 | R13: =IFERROR(tbl_TubeLaser[[#This Row],[Qty Complete]]/tbl_TubeLaser[[#This Row],[Total Hours Act]]*tbl_TubeLaser[[#This Row],['# of men Act]],"") -> 16.941176 | S13: 1 | T13: =(MOD(tbl_TubeLaser[[#This Row],[End Time]]-tbl_TubeLaser[[#This Row],[Start Time]],1)*24*tbl_TubeLaser[[#This Row],['# of men Act]])- ( IF(AND(tbl_TubeLaser[[#This Row],[Start Time]]<=Data!$B$2+(Data!$B$2<tbl_TubeLaser[[#This Row],[Start Time]]),tbl_TubeLaser[[#This Row],[Start Time]]+MOD(tbl_TubeLaser[[#This Row],[End Time]]-tbl_TubeLaser[[#This Row],[Start Time]],1)>=Data!$C$2+(Data!$C$2<tbl_TubeLaser[[#This Row],[Start Time]])),0.5*tbl_TubeLaser[[#This Row],['# of men Act]],0) + IF(AND(tbl_TubeLaser[[#This Row],[Start Time]]<=Data!$B$3+(Data!$B$3<tbl_TubeLaser[[#This Row],[Start Time]]),tbl_TubeLaser[[#This Row],[Start Time]]+MOD(tbl_TubeLaser[[#This Row],[End Time]]-tbl_TubeLaser[[#This Row],[Start Time]],1)>=Data!$C$3+(Data!$C$3<tbl_TubeLaser[[#This Row],[Start Time]])),0.5*tbl_TubeLaser[[#This Row],['# of men Act]],0) ) -> 2.8333333 | U13: 24 | V13: 0.5 | W13: 1.13 | X13: =IFERROR((tbl_TubeLaser[[#This Row],[Adj. Total Hours]]+tbl_TubeLaser[[#This Row],[Est. Hours]])/(tbl_TubeLaser[[#This Row],[Total Hours Act]]+tbl_TubeLaser[[#This Row],[Act. Hours]]),"") -> 2.1446594 | Y13: =IF(AND(SUMIFS(tbl_TubeLaser[% Complete],tbl_TubeLaser[Job'#],tbl_TubeLaser[[#This Row],[Job'#]])>=1,COUNTIF(INDEX(tbl_TubeLaser[Job'#],1):tbl_TubeLaser[[#This Row],[Job'#]],tbl_TubeLaser[[#This Row],[Job'#]])=COUNTIF(tbl_TubeLaser[Job'#],tbl_TubeLaser[[#This Row],[Job'#]])),IFERROR((SUMIFS(tbl_TubeLaser[Adj. Total Hours],tbl_TubeLaser[Job'#],tbl_TubeLaser[[#This Row],[Job'#]])+SUMIFS(tbl_TubeLaser[Est. Hours],tbl_TubeLaser[Job'#],tbl_TubeLaser[[#This Row],[Job'#]]))/(SUMIFS(tbl_TubeLaser[Total Hours Act],tbl_TubeLaser[Job'#],tbl_TubeLaser[[#This Row],[Job'#]])+SUMIFS(tbl_TubeLaser[Act. Hours],tbl_TubeLaser[Job'#],tbl_TubeLaser[[#This Row],[Job'#]])),""),"") -> 2.1446594 | Z13: =IFERROR(tbl_TubeLaser[[#This Row],[Act. Mat. Qty]]-tbl_TubeLaser[[#This Row],[Adj. Mat. Qty]],"") -> 0 | AA13: =IF(AND(SUMIFS(tbl_TubeLaser[% Complete],tbl_TubeLaser[Job'#],tbl_TubeLaser[[#This Row],[Job'#]])>=1,COUNTIF(INDEX(tbl_TubeLaser[Job'#],1):tbl_TubeLaser[[#This Row],[Job'#]],tbl_TubeLaser[[#This Row],[Job'#]])=COUNTIF(tbl_TubeLaser[Job'#],tbl_TubeLaser[[#This Row],[Job'#]])),(SUMIFS(tbl_TubeLaser[Act. Mat. Qty],tbl_TubeLaser[Job'#],tbl_TubeLaser[[#This Row],[Job'#]]))-(SUMIFS(tbl_TubeLaser[Adj. Mat. Qty],tbl_TubeLaser[Job'#],tbl_TubeLaser[[#This Row],[Job'#]])),"") -> 0 | AC13: Jarett Matlock
A14: 46121 | B14: 152787-1-1 | C14: =IF(tbl_TubeLaser[[#This Row],[Part'#]]="", "Batch", "Part") -> Part | D14: 11101EA1 | E14: 0.70555556 | F14: 0.98611111 | G14: 280 | H14: 280 | I14: =tbl_TubeLaser[[#This Row],[Qty Complete]]/tbl_TubeLaser[[#This Row],[Qty Required]] -> 1 | J14: 30 | K14: 1 | L14: =IF(tbl_TubeLaser[[#This Row],[Job Type]]="Batch",0,tbl_TubeLaser[[#This Row],[Qty Required]]/tbl_TubeLaser[[#This Row],[PPH]]*tbl_TubeLaser[[#This Row],['# of men]]) -> 9.3333333 | M14: =IF(tbl_TubeLaser[[#This Row],[Job Type]]="Batch",tbl_TubeLaser[[#This Row],[Batch Hours]]*tbl_TubeLaser[[#This Row],[% Complete]],tbl_TubeLaser[[#This Row],[Total hours]]*tbl_TubeLaser[[#This Row],[% Complete]]) -> 9.3333333 | O14: AN4414-20 | P14: =tbl_TubeLaser[[#This Row],[Mat. Qty]]*tbl_TubeLaser[[#This Row],[% Complete]] -> 15 | Q14: 15 | R14: =IFERROR(tbl_TubeLaser[[#This Row],[Qty Complete]]/tbl_TubeLaser[[#This Row],[Total Hours Act]]*tbl_TubeLaser[[#This Row],['# of men Act]],"") -> 41.584158 | S14: 1 | T14: =(MOD(tbl_TubeLaser[[#This Row],[End Time]]-tbl_TubeLaser[[#This Row],[Start Time]],1)*24*tbl_TubeLaser[[#This Row],['# of men Act]])- ( IF(AND(tbl_TubeLaser[[#This Row],[Start Time]]<=Data!$B$2+(Data!$B$2<tbl_TubeLaser[[#This Row],[Start Time]]),tbl_TubeLaser[[#This Row],[Start Time]]+MOD(tbl_TubeLaser[[#This Row],[End Time]]-tbl_TubeLaser[[#This Row],[Start Time]],1)>=Data!$C$2+(Data!$C$2<tbl_TubeLaser[[#This Row],[Start Time]])),0.5*tbl_TubeLaser[[#This Row],['# of men Act]],0) + IF(AND(tbl_TubeLaser[[#This Row],[Start Time]]<=Data!$B$3+(Data!$B$3<tbl_TubeLaser[[#This Row],[Start Time]]),tbl_TubeLaser[[#This Row],[Start Time]]+MOD(tbl_TubeLaser[[#This Row],[End Time]]-tbl_TubeLaser[[#This Row],[Start Time]],1)>=Data!$C$3+(Data!$C$3<tbl_TubeLaser[[#This Row],[Start Time]])),0.5*tbl_TubeLaser[[#This Row],['# of men Act]],0) ) -> 6.7333333 | U14: 15 | V14: 0.5 | W14: 0.3 | X14: =IFERROR((tbl_TubeLaser[[#This Row],[Adj. Total Hours]]+tbl_TubeLaser[[#This Row],[Est. Hours]])/(tbl_TubeLaser[[#This Row],[Total Hours Act]]+tbl_TubeLaser[[#This Row],[Act. Hours]]),"") -> 1.3981043 | Y14: =IF(AND(SUMIFS(tbl_TubeLaser[% Complete],tbl_TubeLaser[Job'#],tbl_TubeLaser[[#This Row],[Job'#]])>=1,COUNTIF(INDEX(tbl_TubeLaser[Job'#],1):tbl_TubeLaser[[#This Row],[Job'#]],tbl_TubeLaser[[#This Row],[Job'#]])=COUNTIF(tbl_TubeLaser[Job'#],tbl_TubeLaser[[#This Row],[Job'#]])),IFERROR((SUMIFS(tbl_TubeLaser[Adj. Total Hours],tbl_TubeLaser[Job'#],tbl_TubeLaser[[#This Row],[Job'#]])+SUMIFS(tbl_TubeLaser[Est. Hours],tbl_TubeLaser[Job'#],tbl_TubeLaser[[#This Row],[Job'#]]))/(SUMIFS(tbl_TubeLaser[Total Hours Act],tbl_TubeLaser[Job'#],tbl_TubeLaser[[#This Row],[Job'#]])+SUMIFS(tbl_TubeLaser[Act. Hours],tbl_TubeLaser[Job'#],tbl_TubeLaser[[#This Row],[Job'#]])),""),"") -> 1.3981043 | Z14: =IFERROR(tbl_TubeLaser[[#This Row],[Act. Mat. Qty]]-tbl_TubeLaser[[#This Row],[Adj. Mat. Qty]],"") -> 0 | AA14: =IF(AND(SUMIFS(tbl_TubeLaser[% Complete],tbl_TubeLaser[Job'#],tbl_TubeLaser[[#This Row],[Job'#]])>=1,COUNTIF(INDEX(tbl_TubeLaser[Job'#],1):tbl_TubeLaser[[#This Row],[Job'#]],tbl_TubeLaser[[#This Row],[Job'#]])=COUNTIF(tbl_TubeLaser[Job'#],tbl_TubeLaser[[#This Row],[Job'#]])),(SUMIFS(tbl_TubeLaser[Act. Mat. Qty],tbl_TubeLaser[Job'#],tbl_TubeLaser[[#This Row],[Job'#]]))-(SUMIFS(tbl_TubeLaser[Adj. Mat. Qty],tbl_TubeLaser[Job'#],tbl_TubeLaser[[#This Row],[Job'#]])),"") -> 0 | AC14: BRAD OLIVER
A15: 46121 | B15: 143201 | C15: 143201 | D15: NAS100003006 | E15: 0.72916667 | F15: 0.79791667 | G15: 24 | H15: 18 | I15: =tbl_TubeLaser[[#This Row],[Qty Complete]]/tbl_TubeLaser[[#This Row],[Qty Required]] -> 0.75 | J15: 18 | K15: 1 | L15: =IF(tbl_TubeLaser[[#This Row],[Job Type]]="Batch",0,tbl_TubeLaser[[#This Row],[Qty Required]]/tbl_TubeLaser[[#This Row],[PPH]]*tbl_TubeLaser[[#This Row],['# of men]]) -> 1.3333333 | M15: =IF(tbl_TubeLaser[[#This Row],[Job Type]]="Batch",tbl_TubeLaser[[#This Row],[Batch Hours]]*tbl_TubeLaser[[#This Row],[% Complete]],tbl_TubeLaser[[#This Row],[Total hours]]*tbl_TubeLaser[[#This Row],[% Complete]]) -> 1 | O15: RT5211GA-303 | P15: =tbl_TubeLaser[[#This Row],[Mat. Qty]]*tbl_TubeLaser[[#This Row],[% Complete]] -> 9 | Q15: 12 | R15: =IFERROR(tbl_TubeLaser[[#This Row],[Qty Complete]]/tbl_TubeLaser[[#This Row],[Total Hours Act]]*tbl_TubeLaser[[#This Row],['# of men Act]],"") -> 10.909091 | S15: 1 | T15: =(MOD(tbl_TubeLaser[[#This Row],[End Time]]-tbl_TubeLaser[[#This Row],[Start Time]],1)*24*tbl_TubeLaser[[#This Row],['# of men Act]])- ( IF(AND(tbl_TubeLaser[[#This Row],[Start Time]]<=Data!$B$2+(Data!$B$2<tbl_TubeLaser[[#This Row],[Start Time]]),tbl_TubeLaser[[#This Row],[Start Time]]+MOD(tbl_TubeLaser[[#This Row],[End Time]]-tbl_TubeLaser[[#This Row],[Start Time]],1)>=Data!$C$2+(Data!$C$2<tbl_TubeLaser[[#This Row],[Start Time]])),0.5*tbl_TubeLaser[[#This Row],['# of men Act]],0) + IF(AND(tbl_TubeLaser[[#This Row],[Start Time]]<=Data!$B$3+(Data!$B$3<tbl_TubeLaser[[#This Row],[Start Time]]),tbl_TubeLaser[[#This Row],[Start Time]]+MOD(tbl_TubeLaser[[#This Row],[End Time]]-tbl_TubeLaser[[#This Row],[Start Time]],1)>=Data!$C$3+(Data!$C$3<tbl_TubeLaser[[#This Row],[Start Time]])),0.5*tbl_TubeLaser[[#This Row],['# of men Act]],0) ) -> 1.65 | U15: 9 | V15: 0.5 | W15: 0.3 | X15: =IFERROR((tbl_TubeLaser[[#This Row],[Adj. Total Hours]]+tbl_TubeLaser[[#This Row],[Est. Hours]])/(tbl_TubeLaser[[#This Row],[Total Hours Act]]+tbl_TubeLaser[[#This Row],[Act. Hours]]),"") -> 0.76923077 | Y15: =IF(AND(SUMIFS(tbl_TubeLaser[% Complete],tbl_TubeLaser[Job'#],tbl_TubeLaser[[#This Row],[Job'#]])>=1,COUNTIF(INDEX(tbl_TubeLaser[Job'#],1):tbl_TubeLaser[[#This Row],[Job'#]],tbl_TubeLaser[[#This Row],[Job'#]])=COUNTIF(tbl_TubeLaser[Job'#],tbl_TubeLaser[[#This Row],[Job'#]])),IFERROR((SUMIFS(tbl_TubeLaser[Adj. Total Hours],tbl_TubeLaser[Job'#],tbl_TubeLaser[[#This Row],[Job'#]])+SUMIFS(tbl_TubeLaser[Est. Hours],tbl_TubeLaser[Job'#],tbl_TubeLaser[[#This Row],[Job'#]]))/(SUMIFS(tbl_TubeLaser[Total Hours Act],tbl_TubeLaser[Job'#],tbl_TubeLaser[[#This Row],[Job'#]])+SUMIFS(tbl_TubeLaser[Act. Hours],tbl_TubeLaser[Job'#],tbl_TubeLaser[[#This Row],[Job'#]])),""),"") | Z15: =IFERROR(tbl_TubeLaser[[#This Row],[Act. Mat. Qty]]-tbl_TubeLaser[[#This Row],[Adj. Mat. Qty]],"") -> 0 | AA15: =IF(AND(SUMIFS(tbl_TubeLaser[% Complete],tbl_TubeLaser[Job'#],tbl_TubeLaser[[#This Row],[Job'#]])>=1,COUNTIF(INDEX(tbl_TubeLaser[Job'#],1):tbl_TubeLaser[[#This Row],[Job'#]],tbl_TubeLaser[[#This Row],[Job'#]])=COUNTIF(tbl_TubeLaser[Job'#],tbl_TubeLaser[[#This Row],[Job'#]])),(SUMIFS(tbl_TubeLaser[Act. Mat. Qty],tbl_TubeLaser[Job'#],tbl_TubeLaser[[#This Row],[Job'#]]))-(SUMIFS(tbl_TubeLaser[Adj. Mat. Qty],tbl_TubeLaser[Job'#],tbl_TubeLaser[[#This Row],[Job'#]])),"") | AB15: MATERIAL HANDLING
A16: 46121 | B16: 143117 | C16: 143117 | D16: NAS100000134 | E16: 0.72986111 | F16: 0.79722222 | G16: 12 | H16: 18 | I16: =tbl_TubeLaser[[#This Row],[Qty Complete]]/tbl_TubeLaser[[#This Row],[Qty Required]] -> 1.5 | J16: 30 | K16: 1 | L16: =IF(tbl_TubeLaser[[#This Row],[Job Type]]="Batch",0,tbl_TubeLaser[[#This Row],[Qty Required]]/tbl_TubeLaser[[#This Row],[PPH]]*tbl_TubeLaser[[#This Row],['# of men]]) -> 0.4 | M16: =IF(tbl_TubeLaser[[#This Row],[Job Type]]="Batch",tbl_TubeLaser[[#This Row],[Batch Hours]]*tbl_TubeLaser[[#This Row],[% Complete]],tbl_TubeLaser[[#This Row],[Total hours]]*tbl_TubeLaser[[#This Row],[% Complete]]) -> 0.6 | O16: RT5211GA-303 | P16: =tbl_TubeLaser[[#This Row],[Mat. Qty]]*tbl_TubeLaser[[#This Row],[% Complete]] -> 9 | Q16: 6 | R16: =IFERROR(tbl_TubeLaser[[#This Row],[Qty Complete]]/tbl_TubeLaser[[#This Row],[Total Hours Act]]*tbl_TubeLaser[[#This Row],['# of men Act]],"") -> 11.134021 | S16: 1 | T16: =(MOD(tbl_TubeLaser[[#This Row],[End Time]]-tbl_TubeLaser[[#This Row],[Start Time]],1)*24*tbl_TubeLaser[[#This Row],['# of men Act]])- ( IF(AND(tbl_TubeLaser[[#This Row],[Start Time]]<=Data!$B$2+(Data!$B$2<tbl_TubeLaser[[#This Row],[Start Time]]),tbl_TubeLaser[[#This Row],[Start Time]]+MOD(tbl_TubeLaser[[#This Row],[End Time]]-tbl_TubeLaser[[#This Row],[Start Time]],1)>=Data!$C$2+(Data!$C$2<tbl_TubeLaser[[#This Row],[Start Time]])),0.5*tbl_TubeLaser[[#This Row],['# of men Act]],0) + IF(AND(tbl_TubeLaser[[#This Row],[Start Time]]<=Data!$B$3+(Data!$B$3<tbl_TubeLaser[[#This Row],[Start Time]]),tbl_TubeLaser[[#This Row],[Start Time]]+MOD(tbl_TubeLaser[[#This Row],[End Time]]-tbl_TubeLaser[[#This Row],[Start Time]],1)>=Data!$C$3+(Data!$C$3<tbl_TubeLaser[[#This Row],[Start Time]])),0.5*tbl_TubeLaser[[#This Row],['# of men Act]],0) ) -> 1.6166667 | U16: 9 | V16: 0.5 | W16: 0.09 | X16: =IFERROR((tbl_TubeLaser[[#This Row],[Adj. Total Hours]]+tbl_TubeLaser[[#This Row],[Est. Hours]])/(tbl_TubeLaser[[#This Row],[Total Hours Act]]+tbl_TubeLaser[[#This Row],[Act. Hours]]),"") -> 0.64453125 | Y16: =IF(AND(SUMIFS(tbl_TubeLaser[% Complete],tbl_TubeLaser[Job'#],tbl_TubeLaser[[#This Row],[Job'#]])>=1,COUNTIF(INDEX(tbl_TubeLaser[Job'#],1):tbl_TubeLaser[[#This Row],[Job'#]],tbl_TubeLaser[[#This Row],[Job'#]])=COUNTIF(tbl_TubeLaser[Job'#],tbl_TubeLaser[[#This Row],[Job'#]])),IFERROR((SUMIFS(tbl_TubeLaser[Adj. Total Hours],tbl_TubeLaser[Job'#],tbl_TubeLaser[[#This Row],[Job'#]])+SUMIFS(tbl_TubeLaser[Est. Hours],tbl_TubeLaser[Job'#],tbl_TubeLaser[[#This Row],[Job'#]]))/(SUMIFS(tbl_TubeLaser[Total Hours Act],tbl_TubeLaser[Job'#],tbl_TubeLaser[[#This Row],[Job'#]])+SUMIFS(tbl_TubeLaser[Act. Hours],tbl_TubeLaser[Job'#],tbl_TubeLaser[[#This Row],[Job'#]])),""),"") -> 0.64453125 | Z16: =IFERROR(tbl_TubeLaser[[#This Row],[Act. Mat. Qty]]-tbl_TubeLaser[[#This Row],[Adj. Mat. Qty]],"") -> 0 | AA16: =IF(AND(SUMIFS(tbl_TubeLaser[% Complete],tbl_TubeLaser[Job'#],tbl_TubeLaser[[#This Row],[Job'#]])>=1,COUNTIF(INDEX(tbl_TubeLaser[Job'#],1):tbl_TubeLaser[[#This Row],[Job'#]],tbl_TubeLaser[[#This Row],[Job'#]])=COUNTIF(tbl_TubeLaser[Job'#],tbl_TubeLaser[[#This Row],[Job'#]])),(SUMIFS(tbl_TubeLaser[Act. Mat. Qty],tbl_TubeLaser[Job'#],tbl_TubeLaser[[#This Row],[Job'#]]))-(SUMIFS(tbl_TubeLaser[Adj. Mat. Qty],tbl_TubeLaser[Job'#],tbl_TubeLaser[[#This Row],[Job'#]])),"") -> 0 | AB16: HC instructed operator to keep running from first shift, parts would be allocated later. | AC16: Jason Thomason
A17: 46121 | B17: 143205 | C17: 143205 | D17: NAS100000119 | E17: 0.83055556 | F17: 0.97916667 | G17: 24 | H17: 24 | I17: =tbl_TubeLaser[[#This Row],[Qty Complete]]/tbl_TubeLaser[[#This Row],[Qty Required]] -> 1 | J17: 24 | K17: 1 | L17: =IF(tbl_TubeLaser[[#This Row],[Job Type]]="Batch",0,tbl_TubeLaser[[#This Row],[Qty Required]]/tbl_TubeLaser[[#This Row],[PPH]]*tbl_TubeLaser[[#This Row],['# of men]]) -> 1 | M17: =IF(tbl_TubeLaser[[#This Row],[Job Type]]="Batch",tbl_TubeLaser[[#This Row],[Batch Hours]]*tbl_TubeLaser[[#This Row],[% Complete]],tbl_TubeLaser[[#This Row],[Total hours]]*tbl_TubeLaser[[#This Row],[% Complete]]) -> 1 | O17: RT5211GA-330 | P17: =tbl_TubeLaser[[#This Row],[Mat. Qty]]*tbl_TubeLaser[[#This Row],[% Complete]] -> 12 | Q17: 12 | R17: =IFERROR(tbl_TubeLaser[[#This Row],[Qty Complete]]/tbl_TubeLaser[[#This Row],[Total Hours Act]]*tbl_TubeLaser[[#This Row],['# of men Act]],"") -> 6.728972 | S17: 1 | T17: =(MOD(tbl_TubeLaser[[#This Row],[End Time]]-tbl_TubeLaser[[#This Row],[Start Time]],1)*24*tbl_TubeLaser[[#This Row],['# of men Act]])- ( IF(AND(tbl_TubeLaser[[#This Row],[Start Time]]<=Data!$B$2+(Data!$B$2<tbl_TubeLaser[[#This Row],[Start Time]]),tbl_TubeLaser[[#This Row],[Start Time]]+MOD(tbl_TubeLaser[[#This Row],[End Time]]-tbl_TubeLaser[[#This Row],[Start Time]],1)>=Data!$C$2+(Data!$C$2<tbl_TubeLaser[[#This Row],[Start Time]])),0.5*tbl_TubeLaser[[#This Row],['# of men Act]],0) + IF(AND(tbl_TubeLaser[[#This Row],[Start Time]]<=Data!$B$3+(Data!$B$3<tbl_TubeLaser[[#This Row],[Start Time]]),tbl_TubeLaser[[#This Row],[Start Time]]+MOD(tbl_TubeLaser[[#This Row],[End Time]]-tbl_TubeLaser[[#This Row],[Start Time]],1)>=Data!$C$3+(Data!$C$3<tbl_TubeLaser[[#This Row],[Start Time]])),0.5*tbl_TubeLaser[[#This Row],['# of men Act]],0) ) -> 3.5666667 | V17: 0.5 | X17: =IFERROR((tbl_TubeLaser[[#This Row],[Adj. Total Hours]]+tbl_TubeLaser[[#This Row],[Est. Hours]])/(tbl_TubeLaser[[#This Row],[Total Hours Act]]+tbl_TubeLaser[[#This Row],[Act. Hours]]),"") -> 0.42056075 | Y17: =IF(AND(SUMIFS(tbl_TubeLaser[% Complete],tbl_TubeLaser[Job'#],tbl_TubeLaser[[#This Row],[Job'#]])>=1,COUNTIF(INDEX(tbl_TubeLaser[Job'#],1):tbl_TubeLaser[[#This Row],[Job'#]],tbl_TubeLaser[[#This Row],[Job'#]])=COUNTIF(tbl_TubeLaser[Job'#],tbl_TubeLaser[[#This Row],[Job'#]])),IFERROR((SUMIFS(tbl_TubeLaser[Adj. Total Hours],tbl_TubeLaser[Job'#],tbl_TubeLaser[[#This Row],[Job'#]])+SUMIFS(tbl_TubeLaser[Est. Hours],tbl_TubeLaser[Job'#],tbl_TubeLaser[[#This Row],[Job'#]]))/(SUMIFS(tbl_TubeLaser[Total Hours Act],tbl_TubeLaser[Job'#],tbl_TubeLaser[[#This Row],[Job'#]])+SUMIFS(tbl_TubeLaser[Act. Hours],tbl_TubeLaser[Job'#],tbl_TubeLaser[[#This Row],[Job'#]])),""),"") -> 0.42056075 | Z17: =IFERROR(tbl_TubeLaser[[#This Row],[Act. Mat. Qty]]-tbl_TubeLaser[[#This Row],[Adj. Mat. Qty]],"") -> -12 | AA17: =IF(AND(SUMIFS(tbl_TubeLaser[% Complete],tbl_TubeLaser[Job'#],tbl_TubeLaser[[#This Row],[Job'#]])>=1,COUNTIF(INDEX(tbl_TubeLaser[Job'#],1):tbl_TubeLaser[[#This Row],[Job'#]],tbl_TubeLaser[[#This Row],[Job'#]])=COUNTIF(tbl_TubeLaser[Job'#],tbl_TubeLaser[[#This Row],[Job'#]])),(SUMIFS(tbl_TubeLaser[Act. Mat. Qty],tbl_TubeLaser[Job'#],tbl_TubeLaser[[#This Row],[Job'#]]))-(SUMIFS(tbl_TubeLaser[Adj. Mat. Qty],tbl_TubeLaser[Job'#],tbl_TubeLaser[[#This Row],[Job'#]])),"") -> -12 | AB17: signed into other jobs that can run on same material | AC17: Jason Thomason
A18: 46121 | B18: 143203 | C18: 143203 | D18: NAS000055516 | E18: 0.83055556 | F18: 0.90069444 | G18: 16 | H18: 16 | I18: =tbl_TubeLaser[[#This Row],[Qty Complete]]/tbl_TubeLaser[[#This Row],[Qty Required]] -> 1 | J18: 24 | K18: 1 | L18: =IF(tbl_TubeLaser[[#This Row],[Job Type]]="Batch",0,tbl_TubeLaser[[#This Row],[Qty Required]]/tbl_TubeLaser[[#This Row],[PPH]]*tbl_TubeLaser[[#This Row],['# of men]]) -> 0.66666667 | M18: =IF(tbl_TubeLaser[[#This Row],[Job Type]]="Batch",tbl_TubeLaser[[#This Row],[Batch Hours]]*tbl_TubeLaser[[#This Row],[% Complete]],tbl_TubeLaser[[#This Row],[Total hours]]*tbl_TubeLaser[[#This Row],[% Complete]]) -> 0.66666667 | O18: RT5211GA-20 | P18: =tbl_TubeLaser[[#This Row],[Mat. Qty]]*tbl_TubeLaser[[#This Row],[% Complete]] -> 16 | Q18: 16 | R18: =IFERROR(tbl_TubeLaser[[#This Row],[Qty Complete]]/tbl_TubeLaser[[#This Row],[Total Hours Act]]*tbl_TubeLaser[[#This Row],['# of men Act]],"") -> 9.5049505 | S18: 1 | T18: =(MOD(tbl_TubeLaser[[#This Row],[End Time]]-tbl_TubeLaser[[#This Row],[Start Time]],1)*24*tbl_TubeLaser[[#This Row],['# of men Act]])- ( IF(AND(tbl_TubeLaser[[#This Row],[Start Time]]<=Data!$B$2+(Data!$B$2<tbl_TubeLaser[[#This Row],[Start Time]]),tbl_TubeLaser[[#This Row],[Start Time]]+MOD(tbl_TubeLaser[[#This Row],[End Time]]-tbl_TubeLaser[[#This Row],[Start Time]],1)>=Data!$C$2+(Data!$C$2<tbl_TubeLaser[[#This Row],[Start Time]])),0.5*tbl_TubeLaser[[#This Row],['# of men Act]],0) + IF(AND(tbl_TubeLaser[[#This Row],[Start Time]]<=Data!$B$3+(Data!$B$3<tbl_TubeLaser[[#This Row],[Start Time]]),tbl_TubeLaser[[#This Row],[Start Time]]+MOD(tbl_TubeLaser[[#This Row],[End Time]]-tbl_TubeLaser[[#This Row],[Start Time]],1)>=Data!$C$3+(Data!$C$3<tbl_TubeLaser[[#This Row],[Start Time]])),0.5*tbl_TubeLaser[[#This Row],['# of men Act]],0) ) -> 1.6833333 | V18: 0.5 | X18: =IFERROR((tbl_TubeLaser[[#This Row],[Adj. Total Hours]]+tbl_TubeLaser[[#This Row],[Est. Hours]])/(tbl_TubeLaser[[#This Row],[Total Hours Act]]+tbl_TubeLaser[[#This Row],[Act. Hours]]),"") -> 0.69306931 | Y18: =IF(AND(SUMIFS(tbl_TubeLaser[% Complete],tbl_TubeLaser[Job'#],tbl_TubeLaser[[#This Row],[Job'#]])>=1,COUNTIF(INDEX(tbl_TubeLaser[Job'#],1):tbl_TubeLaser[[#This Row],[Job'#]],tbl_TubeLaser[[#This Row],[Job'#]])=COUNTIF(tbl_TubeLaser[Job'#],tbl_TubeLaser[[#This Row],[Job'#]])),IFERROR((SUMIFS(tbl_TubeLaser[Adj. Total Hours],tbl_TubeLaser[Job'#],tbl_TubeLaser[[#This Row],[Job'#]])+SUMIFS(tbl_TubeLaser[Est. Hours],tbl_TubeLaser[Job'#],tbl_TubeLaser[[#This Row],[Job'#]]))/(SUMIFS(tbl_TubeLaser[Total Hours Act],tbl_TubeLaser[Job'#],tbl_TubeLaser[[#This Row],[Job'#]])+SUMIFS(tbl_TubeLaser[Act. Hours],tbl_TubeLaser[Job'#],tbl_TubeLaser[[#This Row],[Job'#]])),""),"") -> 0.69306931 | Z18: =IFERROR(tbl_TubeLaser[[#This Row],[Act. Mat. Qty]]-tbl_TubeLaser[[#This Row],[Adj. Mat. Qty]],"") -> -16 | AA18: =IF(AND(SUMIFS(tbl_TubeLaser[% Complete],tbl_TubeLaser[Job'#],tbl_TubeLaser[[#This Row],[Job'#]])>=1,COUNTIF(INDEX(tbl_TubeLaser[Job'#],1):tbl_TubeLaser[[#This Row],[Job'#]],tbl_TubeLaser[[#This Row],[Job'#]])=COUNTIF(tbl_TubeLaser[Job'#],tbl_TubeLaser[[#This Row],[Job'#]])),(SUMIFS(tbl_TubeLaser[Act. Mat. Qty],tbl_TubeLaser[Job'#],tbl_TubeLaser[[#This Row],[Job'#]]))-(SUMIFS(tbl_TubeLaser[Adj. Mat. Qty],tbl_TubeLaser[Job'#],tbl_TubeLaser[[#This Row],[Job'#]])),"") -> -16 | AB18: signed into other jobs that can run on same material | AC18: Jason Thomason
A19: 46121 | B19: 143123 | C19: 143123 | D19: NAS100010979 | E19: 0.052083333 | F19: 0.10347222 | G19: 8 | H19: 8 | I19: =tbl_TubeLaser[[#This Row],[Qty Complete]]/tbl_TubeLaser[[#This Row],[Qty Required]] -> 1 | J19: 24 | K19: 1 | L19: =IF(tbl_TubeLaser[[#This Row],[Job Type]]="Batch",0,tbl_TubeLaser[[#This Row],[Qty Required]]/tbl_TubeLaser[[#This Row],[PPH]]*tbl_TubeLaser[[#This Row],['# of men]]) -> 0.33333333 | M19: =IF(tbl_TubeLaser[[#This Row],[Job Type]]="Batch",tbl_TubeLaser[[#This Row],[Batch Hours]]*tbl_TubeLaser[[#This Row],[% Complete]],tbl_TubeLaser[[#This Row],[Total hours]]*tbl_TubeLaser[[#This Row],[% Complete]]) -> 0.33333333 | P19: =tbl_TubeLaser[[#This Row],[Mat. Qty]]*tbl_TubeLaser[[#This Row],[% Complete]] -> 0 | R19: =IFERROR(tbl_TubeLaser[[#This Row],[Qty Complete]]/tbl_TubeLaser[[#This Row],[Total Hours Act]]*tbl_TubeLaser[[#This Row],['# of men Act]],"") -> 6.4864865 | S19: 1 | T19: =(MOD(tbl_TubeLaser[[#This Row],[End Time]]-tbl_TubeLaser[[#This Row],[Start Time]],1)*24*tbl_TubeLaser[[#This Row],['# of men Act]])- ( IF(AND(tbl_TubeLaser[[#This Row],[Start Time]]<=Data!$B$2+(Data!$B$2<tbl_TubeLaser[[#This Row],[Start Time]]),tbl_TubeLaser[[#This Row],[Start Time]]+MOD(tbl_TubeLaser[[#This Row],[End Time]]-tbl_TubeLaser[[#This Row],[Start Time]],1)>=Data!$C$2+(Data!$C$2<tbl_TubeLaser[[#This Row],[Start Time]])),0.5*tbl_TubeLaser[[#This Row],['# of men Act]],0) + IF(AND(tbl_TubeLaser[[#This Row],[Start Time]]<=Data!$B$3+(Data!$B$3<tbl_TubeLaser[[#This Row],[Start Time]]),tbl_TubeLaser[[#This Row],[Start Time]]+MOD(tbl_TubeLaser[[#This Row],[End Time]]-tbl_TubeLaser[[#This Row],[Start Time]],1)>=Data!$C$3+(Data!$C$3<tbl_TubeLaser[[#This Row],[Start Time]])),0.5*tbl_TubeLaser[[#This Row],['# of men Act]],0) ) -> 1.2333333 | V19: 0.5 | X19: =IFERROR((tbl_TubeLaser[[#This Row],[Adj. Total Hours]]+tbl_TubeLaser[[#This Row],[Est. Hours]])/(tbl_TubeLaser[[#This Row],[Total Hours Act]]+tbl_TubeLaser[[#This Row],[Act. Hours]]),"") -> 0.67567568 | Y19: =IF(AND(SUMIFS(tbl_TubeLaser[% Complete],tbl_TubeLaser[Job'#],tbl_TubeLaser[[#This Row],[Job'#]])>=1,COUNTIF(INDEX(tbl_TubeLaser[Job'#],1):tbl_TubeLaser[[#This Row],[Job'#]],tbl_TubeLaser[[#This Row],[Job'#]])=COUNTIF(tbl_TubeLaser[Job'#],tbl_TubeLaser[[#This Row],[Job'#]])),IFERROR((SUMIFS(tbl_TubeLaser[Adj. Total Hours],tbl_TubeLaser[Job'#],tbl_TubeLaser[[#This Row],[Job'#]])+SUMIFS(tbl_TubeLaser[Est. Hours],tbl_TubeLaser[Job'#],tbl_TubeLaser[[#This Row],[Job'#]]))/(SUMIFS(tbl_TubeLaser[Total Hours Act],tbl_TubeLaser[Job'#],tbl_TubeLaser[[#This Row],[Job'#]])+SUMIFS(tbl_TubeLaser[Act. Hours],tbl_TubeLaser[Job'#],tbl_TubeLaser[[#This Row],[Job'#]])),""),"") -> 0.67567568 | Z19: =IFERROR(tbl_TubeLaser[[#This Row],[Act. Mat. Qty]]-tbl_TubeLaser[[#This Row],[Adj. Mat. Qty]],"") -> 0 | AA19: =IF(AND(SUMIFS(tbl_TubeLaser[% Complete],tbl_TubeLaser[Job'#],tbl_TubeLaser[[#This Row],[Job'#]])>=1,COUNTIF(INDEX(tbl_TubeLaser[Job'#],1):tbl_TubeLaser[[#This Row],[Job'#]],tbl_TubeLaser[[#This Row],[Job'#]])=COUNTIF(tbl_TubeLaser[Job'#],tbl_TubeLaser[[#This Row],[Job'#]])),(SUMIFS(tbl_TubeLaser[Act. Mat. Qty],tbl_TubeLaser[Job'#],tbl_TubeLaser[[#This Row],[Job'#]]))-(SUMIFS(tbl_TubeLaser[Adj. Mat. Qty],tbl_TubeLaser[Job'#],tbl_TubeLaser[[#This Row],[Job'#]])),"") -> 0 | AB19: Jobs run concurrently, information pulled from Epicor
A20: 46121 | B20: 143188 | C20: 143188 | D20: NAS100018881 | E20: 0.077083333 | F20: 0.1875 | G20: 18 | H20: 16 | I20: =tbl_TubeLaser[[#This Row],[Qty Complete]]/tbl_TubeLaser[[#This Row],[Qty Required]] -> 0.88888889 | J20: 36 | K20: 1 | L20: =IF(tbl_TubeLaser[[#This Row],[Job Type]]="Batch",0,tbl_TubeLaser[[#This Row],[Qty Required]]/tbl_TubeLaser[[#This Row],[PPH]]*tbl_TubeLaser[[#This Row],['# of men]]) -> 0.5 | M20: =IF(tbl_TubeLaser[[#This Row],[Job Type]]="Batch",tbl_TubeLaser[[#This Row],[Batch Hours]]*tbl_TubeLaser[[#This Row],[% Complete]],tbl_TubeLaser[[#This Row],[Total hours]]*tbl_TubeLaser[[#This Row],[% Complete]]) -> 0.44444444 | P20: =tbl_TubeLaser[[#This Row],[Mat. Qty]]*tbl_TubeLaser[[#This Row],[% Complete]] -> 0 | R20: =IFERROR(tbl_TubeLaser[[#This Row],[Qty Complete]]/tbl_TubeLaser[[#This Row],[Total Hours Act]]*tbl_TubeLaser[[#This Row],['# of men Act]],"") -> 6.0377358 | S20: 1 | T20: =(MOD(tbl_TubeLaser[[#This Row],[End Time]]-tbl_TubeLaser[[#This Row],[Start Time]],1)*24*tbl_TubeLaser[[#This Row],['# of men Act]])- ( IF(AND(tbl_TubeLaser[[#This Row],[Start Time]]<=Data!$B$2+(Data!$B$2<tbl_TubeLaser[[#This Row],[Start Time]]),tbl_TubeLaser[[#This Row],[Start Time]]+MOD(tbl_TubeLaser[[#This Row],[End Time]]-tbl_TubeLaser[[#This Row],[Start Time]],1)>=Data!$C$2+(Data!$C$2<tbl_TubeLaser[[#This Row],[Start Time]])),0.5*tbl_TubeLaser[[#This Row],['# of men Act]],0) + IF(AND(tbl_TubeLaser[[#This Row],[Start Time]]<=Data!$B$3+(Data!$B$3<tbl_TubeLaser[[#This Row],[Start Time]]),tbl_TubeLaser[[#This Row],[Start Time]]+MOD(tbl_TubeLaser[[#This Row],[End Time]]-tbl_TubeLaser[[#This Row],[Start Time]],1)>=Data!$C$3+(Data!$C$3<tbl_TubeLaser[[#This Row],[Start Time]])),0.5*tbl_TubeLaser[[#This Row],['# of men Act]],0) ) -> 2.65 | V20: 0.5 | X20: =IFERROR((tbl_TubeLaser[[#This Row],[Adj. Total Hours]]+tbl_TubeLaser[[#This Row],[Est. Hours]])/(tbl_TubeLaser[[#This Row],[Total Hours Act]]+tbl_TubeLaser[[#This Row],[Act. Hours]]),"") -> 0.35639413 | Y20: =IF(AND(SUMIFS(tbl_TubeLaser[% Complete],tbl_TubeLaser[Job'#],tbl_TubeLaser[[#This Row],[Job'#]])>=1,COUNTIF(INDEX(tbl_TubeLaser[Job'#],1):tbl_TubeLaser[[#This Row],[Job'#]],tbl_TubeLaser[[#This Row],[Job'#]])=COUNTIF(tbl_TubeLaser[Job'#],tbl_TubeLaser[[#This Row],[Job'#]])),IFERROR((SUMIFS(tbl_TubeLaser[Adj. Total Hours],tbl_TubeLaser[Job'#],tbl_TubeLaser[[#This Row],[Job'#]])+SUMIFS(tbl_TubeLaser[Est. Hours],tbl_TubeLaser[Job'#],tbl_TubeLaser[[#This Row],[Job'#]]))/(SUMIFS(tbl_TubeLaser[Total Hours Act],tbl_TubeLaser[Job'#],tbl_TubeLaser[[#This Row],[Job'#]])+SUMIFS(tbl_TubeLaser[Act. Hours],tbl_TubeLaser[Job'#],tbl_TubeLaser[[#This Row],[Job'#]])),""),"") | Z20: =IFERROR(tbl_TubeLaser[[#This Row],[Act. Mat. Qty]]-tbl_TubeLaser[[#This Row],[Adj. Mat. Qty]],"") -> 0 | AA20: =IF(AND(SUMIFS(tbl_TubeLaser[% Complete],tbl_TubeLaser[Job'#],tbl_TubeLaser[[#This Row],[Job'#]])>=1,COUNTIF(INDEX(tbl_TubeLaser[Job'#],1):tbl_TubeLaser[[#This Row],[Job'#]],tbl_TubeLaser[[#This Row],[Job'#]])=COUNTIF(tbl_TubeLaser[Job'#],tbl_TubeLaser[[#This Row],[Job'#]])),(SUMIFS(tbl_TubeLaser[Act. Mat. Qty],tbl_TubeLaser[Job'#],tbl_TubeLaser[[#This Row],[Job'#]]))-(SUMIFS(tbl_TubeLaser[Adj. Mat. Qty],tbl_TubeLaser[Job'#],tbl_TubeLaser[[#This Row],[Job'#]])),"") | AB20: Jobs run concurrently, information pulled from Epicor
A21: 46121 | B21: 143121 | C21: 143121 | D21: NAS100017572 | E21: 0.10694444 | F21: 0.12291667 | G21: 8 | H21: 8 | I21: =tbl_TubeLaser[[#This Row],[Qty Complete]]/tbl_TubeLaser[[#This Row],[Qty Required]] -> 1 | J21: 24 | K21: 1 | L21: =IF(tbl_TubeLaser[[#This Row],[Job Type]]="Batch",0,tbl_TubeLaser[[#This Row],[Qty Required]]/tbl_TubeLaser[[#This Row],[PPH]]*tbl_TubeLaser[[#This Row],['# of men]]) -> 0.33333333 | M21: =IF(tbl_TubeLaser[[#This Row],[Job Type]]="Batch",tbl_TubeLaser[[#This Row],[Batch Hours]]*tbl_TubeLaser[[#This Row],[% Complete]],tbl_TubeLaser[[#This Row],[Total hours]]*tbl_TubeLaser[[#This Row],[% Complete]]) -> 0.33333333 | P21: =tbl_TubeLaser[[#This Row],[Mat. Qty]]*tbl_TubeLaser[[#This Row],[% Complete]] -> 0 | R21: =IFERROR(tbl_TubeLaser[[#This Row],[Qty Complete]]/tbl_TubeLaser[[#This Row],[Total Hours Act]]*tbl_TubeLaser[[#This Row],['# of men Act]],"") -> 20.869565 | S21: 1 | T21: =(MOD(tbl_TubeLaser[[#This Row],[End Time]]-tbl_TubeLaser[[#This Row],[Start Time]],1)*24*tbl_TubeLaser[[#This Row],['# of men Act]])- ( IF(AND(tbl_TubeLaser[[#This Row],[Start Time]]<=Data!$B$2+(Data!$B$2<tbl_TubeLaser[[#This Row],[Start Time]]),tbl_TubeLaser[[#This Row],[Start Time]]+MOD(tbl_TubeLaser[[#This Row],[End Time]]-tbl_TubeLaser[[#This Row],[Start Time]],1)>=Data!$C$2+(Data!$C$2<tbl_TubeLaser[[#This Row],[Start Time]])),0.5*tbl_TubeLaser[[#This Row],['# of men Act]],0) + IF(AND(tbl_TubeLaser[[#This Row],[Start Time]]<=Data!$B$3+(Data!$B$3<tbl_TubeLaser[[#This Row],[Start Time]]),tbl_TubeLaser[[#This Row],[Start Time]]+MOD(tbl_TubeLaser[[#This Row],[End Time]]-tbl_TubeLaser[[#This Row],[Start Time]],1)>=Data!$C$3+(Data!$C$3<tbl_TubeLaser[[#This Row],[Start Time]])),0.5*tbl_TubeLaser[[#This Row],['# of men Act]],0) ) -> 0.38333333 | V21: 0.5 | X21: =IFERROR((tbl_TubeLaser[[#This Row],[Adj. Total Hours]]+tbl_TubeLaser[[#This Row],[Est. Hours]])/(tbl_TubeLaser[[#This Row],[Total Hours Act]]+tbl_TubeLaser[[#This Row],[Act. Hours]]),"") -> 2.173913 | Y21: =IF(AND(SUMIFS(tbl_TubeLaser[% Complete],tbl_TubeLaser[Job'#],tbl_TubeLaser[[#This Row],[Job'#]])>=1,COUNTIF(INDEX(tbl_TubeLaser[Job'#],1):tbl_TubeLaser[[#This Row],[Job'#]],tbl_TubeLaser[[#This Row],[Job'#]])=COUNTIF(tbl_TubeLaser[Job'#],tbl_TubeLaser[[#This Row],[Job'#]])),IFERROR((SUMIFS(tbl_TubeLaser[Adj. Total Hours],tbl_TubeLaser[Job'#],tbl_TubeLaser[[#This Row],[Job'#]])+SUMIFS(tbl_TubeLaser[Est. Hours],tbl_TubeLaser[Job'#],tbl_TubeLaser[[#This Row],[Job'#]]))/(SUMIFS(tbl_TubeLaser[Total Hours Act],tbl_TubeLaser[Job'#],tbl_TubeLaser[[#This Row],[Job'#]])+SUMIFS(tbl_TubeLaser[Act. Hours],tbl_TubeLaser[Job'#],tbl_TubeLaser[[#This Row],[Job'#]])),""),"") -> 2.173913 | Z21: =IFERROR(tbl_TubeLaser[[#This Row],[Act. Mat. Qty]]-tbl_TubeLaser[[#This Row],[Adj. Mat. Qty]],"") -> 0 | AA21: =IF(AND(SUMIFS(tbl_TubeLaser[% Complete],tbl_TubeLaser[Job'#],tbl_TubeLaser[[#This Row],[Job'#]])>=1,COUNTIF(INDEX(tbl_TubeLaser[Job'#],1):tbl_TubeLaser[[#This Row],[Job'#]],tbl_TubeLaser[[#This Row],[Job'#]])=COUNTIF(tbl_TubeLaser[Job'#],tbl_TubeLaser[[#This Row],[Job'#]])),(SUMIFS(tbl_TubeLaser[Act. Mat. Qty],tbl_TubeLaser[Job'#],tbl_TubeLaser[[#This Row],[Job'#]]))-(SUMIFS(tbl_TubeLaser[Adj. Mat. Qty],tbl_TubeLaser[Job'#],tbl_TubeLaser[[#This Row],[Job'#]])),"") -> 0 | AB21: Jobs run concurrently, information pulled from Epicor
A22: 46122 | B22: 143194 | C22: =IF(tbl_TubeLaser[[#This Row],[Part'#]]="", "Batch", "Part") -> Part | D22: NAS100007289 | E22: 0.22777778 | F22: 0.40972222 | G22: 294 | H22: 294 | I22: =tbl_TubeLaser[[#This Row],[Qty Complete]]/tbl_TubeLaser[[#This Row],[Qty Required]] -> 1 | J22: 36 | K22: 1 | L22: =IF(tbl_TubeLaser[[#This Row],[Job Type]]="Batch",0,tbl_TubeLaser[[#This Row],[Qty Required]]/tbl_TubeLaser[[#This Row],[PPH]]*tbl_TubeLaser[[#This Row],['# of men]]) -> 8.1666667 | M22: =IF(tbl_TubeLaser[[#This Row],[Job Type]]="Batch",tbl_TubeLaser[[#This Row],[Batch Hours]]*tbl_TubeLaser[[#This Row],[% Complete]],tbl_TubeLaser[[#This Row],[Total hours]]*tbl_TubeLaser[[#This Row],[% Complete]]) -> 8.1666667 | O22: c4 X 5.4 CHANNEL 20' | P22: =tbl_TubeLaser[[#This Row],[Mat. Qty]]*tbl_TubeLaser[[#This Row],[% Complete]] -> 42 | Q22: 42 | R22: =IFERROR(tbl_TubeLaser[[#This Row],[Qty Complete]]/tbl_TubeLaser[[#This Row],[Total Hours Act]]*tbl_TubeLaser[[#This Row],['# of men Act]],"") -> 67.328244 | S22: 1 | T22: =(MOD(tbl_TubeLaser[[#This Row],[End Time]]-tbl_TubeLaser[[#This Row],[Start Time]],1)*24*tbl_TubeLaser[[#This Row],['# of men Act]])- ( IF(AND(tbl_TubeLaser[[#This Row],[Start Time]]<=Data!$B$2+(Data!$B$2<tbl_TubeLaser[[#This Row],[Start Time]]),tbl_TubeLaser[[#This Row],[Start Time]]+MOD(tbl_TubeLaser[[#This Row],[End Time]]-tbl_TubeLaser[[#This Row],[Start Time]],1)>=Data!$C$2+(Data!$C$2<tbl_TubeLaser[[#This Row],[Start Time]])),0.5*tbl_TubeLaser[[#This Row],['# of men Act]],0) + IF(AND(tbl_TubeLaser[[#This Row],[Start Time]]<=Data!$B$3+(Data!$B$3<tbl_TubeLaser[[#This Row],[Start Time]]),tbl_TubeLaser[[#This Row],[Start Time]]+MOD(tbl_TubeLaser[[#This Row],[End Time]]-tbl_TubeLaser[[#This Row],[Start Time]],1)>=Data!$C$3+(Data!$C$3<tbl_TubeLaser[[#This Row],[Start Time]])),0.5*tbl_TubeLaser[[#This Row],['# of men Act]],0) ) -> 4.3666667 | U22: 42 | V22: 0.5 | X22: =IFERROR((tbl_TubeLaser[[#This Row],[Adj. Total Hours]]+tbl_TubeLaser[[#This Row],[Est. Hours]])/(tbl_TubeLaser[[#This Row],[Total Hours Act]]+tbl_TubeLaser[[#This Row],[Act. Hours]]),"") -> 1.9847328 | Y22: =IF(AND(SUMIFS(tbl_TubeLaser[% Complete],tbl_TubeLaser[Job'#],tbl_TubeLaser[[#This Row],[Job'#]])>=1,COUNTIF(INDEX(tbl_TubeLaser[Job'#],1):tbl_TubeLaser[[#This Row],[Job'#]],tbl_TubeLaser[[#This Row],[Job'#]])=COUNTIF(tbl_TubeLaser[Job'#],tbl_TubeLaser[[#This Row],[Job'#]])),IFERROR((SUMIFS(tbl_TubeLaser[Adj. Total Hours],tbl_TubeLaser[Job'#],tbl_TubeLaser[[#This Row],[Job'#]])+SUMIFS(tbl_TubeLaser[Est. Hours],tbl_TubeLaser[Job'#],tbl_TubeLaser[[#This Row],[Job'#]]))/(SUMIFS(tbl_TubeLaser[Total Hours Act],tbl_TubeLaser[Job'#],tbl_TubeLaser[[#This Row],[Job'#]])+SUMIFS(tbl_TubeLaser[Act. Hours],tbl_TubeLaser[Job'#],tbl_TubeLaser[[#This Row],[Job'#]])),""),"") -> 1.9847328 | Z22: =IFERROR(tbl_TubeLaser[[#This Row],[Act. Mat. Qty]]-tbl_TubeLaser[[#This Row],[Adj. Mat. Qty]],"") -> 0 | AA22: =IF(AND(SUMIFS(tbl_TubeLaser[% Complete],tbl_TubeLaser[Job'#],tbl_TubeLaser[[#This Row],[Job'#]])>=1,COUNTIF(INDEX(tbl_TubeLaser[Job'#],1):tbl_TubeLaser[[#This Row],[Job'#]],tbl_TubeLaser[[#This Row],[Job'#]])=COUNTIF(tbl_TubeLaser[Job'#],tbl_TubeLaser[[#This Row],[Job'#]])),(SUMIFS(tbl_TubeLaser[Act. Mat. Qty],tbl_TubeLaser[Job'#],tbl_TubeLaser[[#This Row],[Job'#]]))-(SUMIFS(tbl_TubeLaser[Adj. Mat. Qty],tbl_TubeLaser[Job'#],tbl_TubeLaser[[#This Row],[Job'#]])),"") -> 0
A23: 46122 | B23: 143195 | C23: =IF(tbl_TubeLaser[[#This Row],[Part'#]]="", "Batch", "Part") -> Part | D23: NAS100007421 | E23: 0.41805556 | F23: 0.69027778 | G23: 108 | H23: 108 | I23: =tbl_TubeLaser[[#This Row],[Qty Complete]]/tbl_TubeLaser[[#This Row],[Qty Required]] -> 1 | J23: 36 | K23: 1 | L23: =IF(tbl_TubeLaser[[#This Row],[Job Type]]="Batch",0,tbl_TubeLaser[[#This Row],[Qty Required]]/tbl_TubeLaser[[#This Row],[PPH]]*tbl_TubeLaser[[#This Row],['# of men]]) -> 3 | M23: =IF(tbl_TubeLaser[[#This Row],[Job Type]]="Batch",tbl_TubeLaser[[#This Row],[Batch Hours]]*tbl_TubeLaser[[#This Row],[% Complete]],tbl_TubeLaser[[#This Row],[Total hours]]*tbl_TubeLaser[[#This Row],[% Complete]]) -> 3 | N23: 7 | O23: c4 X 5.4 CHANNEL 20' | P23: =tbl_TubeLaser[[#This Row],[Mat. Qty]]*tbl_TubeLaser[[#This Row],[% Complete]] -> 0 | R23: =IFERROR(tbl_TubeLaser[[#This Row],[Qty Complete]]/tbl_TubeLaser[[#This Row],[Total Hours Act]]*tbl_TubeLaser[[#This Row],['# of men Act]],"") -> 17.900552 | S23: 1 | T23: =(MOD(tbl_TubeLaser[[#This Row],[End Time]]-tbl_TubeLaser[[#This Row],[Start Time]],1)*24*tbl_TubeLaser[[#This Row],['# of men Act]])- ( IF(AND(tbl_TubeLaser[[#This Row],[Start Time]]<=Data!$B$2+(Data!$B$2<tbl_TubeLaser[[#This Row],[Start Time]]),tbl_TubeLaser[[#This Row],[Start Time]]+MOD(tbl_TubeLaser[[#This Row],[End Time]]-tbl_TubeLaser[[#This Row],[Start Time]],1)>=Data!$C$2+(Data!$C$2<tbl_TubeLaser[[#This Row],[Start Time]])),0.5*tbl_TubeLaser[[#This Row],['# of men Act]],0) + IF(AND(tbl_TubeLaser[[#This Row],[Start Time]]<=Data!$B$3+(Data!$B$3<tbl_TubeLaser[[#This Row],[Start Time]]),tbl_TubeLaser[[#This Row],[Start Time]]+MOD(tbl_TubeLaser[[#This Row],[End Time]]-tbl_TubeLaser[[#This Row],[Start Time]],1)>=Data!$C$3+(Data!$C$3<tbl_TubeLaser[[#This Row],[Start Time]])),0.5*tbl_TubeLaser[[#This Row],['# of men Act]],0) ) -> 6.0333333 | U23: 54 | V23: 0.5 | X23: =IFERROR((tbl_TubeLaser[[#This Row],[Adj. Total Hours]]+tbl_TubeLaser[[#This Row],[Est. Hours]])/(tbl_TubeLaser[[#This Row],[Total Hours Act]]+tbl_TubeLaser[[#This Row],[Act. Hours]]),"") -> 0.5801105 | Y23: =IF(AND(SUMIFS(tbl_TubeLaser[% Complete],tbl_TubeLaser[Job'#],tbl_TubeLaser[[#This Row],[Job'#]])>=1,COUNTIF(INDEX(tbl_TubeLaser[Job'#],1):tbl_TubeLaser[[#This Row],[Job'#]],tbl_TubeLaser[[#This Row],[Job'#]])=COUNTIF(tbl_TubeLaser[Job'#],tbl_TubeLaser[[#This Row],[Job'#]])),IFERROR((SUMIFS(tbl_TubeLaser[Adj. Total Hours],tbl_TubeLaser[Job'#],tbl_TubeLaser[[#This Row],[Job'#]])+SUMIFS(tbl_TubeLaser[Est. Hours],tbl_TubeLaser[Job'#],tbl_TubeLaser[[#This Row],[Job'#]]))/(SUMIFS(tbl_TubeLaser[Total Hours Act],tbl_TubeLaser[Job'#],tbl_TubeLaser[[#This Row],[Job'#]])+SUMIFS(tbl_TubeLaser[Act. Hours],tbl_TubeLaser[Job'#],tbl_TubeLaser[[#This Row],[Job'#]])),""),"") -> 0.5801105 | Z23: =IFERROR(tbl_TubeLaser[[#This Row],[Act. Mat. Qty]]-tbl_TubeLaser[[#This Row],[Adj. Mat. Qty]],"") -> 54 | AA23: =IF(AND(SUMIFS(tbl_TubeLaser[% Complete],tbl_TubeLaser[Job'#],tbl_TubeLaser[[#This Row],[Job'#]])>=1,COUNTIF(INDEX(tbl_TubeLaser[Job'#],1):tbl_TubeLaser[[#This Row],[Job'#]],tbl_TubeLaser[[#This Row],[Job'#]])=COUNTIF(tbl_TubeLaser[Job'#],tbl_TubeLaser[[#This Row],[Job'#]])),(SUMIFS(tbl_TubeLaser[Act. Mat. Qty],tbl_TubeLaser[Job'#],tbl_TubeLaser[[#This Row],[Job'#]]))-(SUMIFS(tbl_TubeLaser[Adj. Mat. Qty],tbl_TubeLaser[Job'#],tbl_TubeLaser[[#This Row],[Job'#]])),"") -> 54 | AB23: Ran job using same Material
A24: 46122 | B24: 143196 | C24: =IF(tbl_TubeLaser[[#This Row],[Part'#]]="", "Batch", "Part") -> Part | D24: NAS100007888 | E24: 0.41805556 | F24: 0.70555556 | G24: 260 | H24: 175 | I24: =tbl_TubeLaser[[#This Row],[Qty Complete]]/tbl_TubeLaser[[#This Row],[Qty Required]] -> 0.67307692 | J24: 36 | K24: 1 | L24: =IF(tbl_TubeLaser[[#This Row],[Job Type]]="Batch",0,tbl_TubeLaser[[#This Row],[Qty Required]]/tbl_TubeLaser[[#This Row],[PPH]]*tbl_TubeLaser[[#This Row],['# of men]]) -> 7.2222222 | M24: =IF(tbl_TubeLaser[[#This Row],[Job Type]]="Batch",tbl_TubeLaser[[#This Row],[Batch Hours]]*tbl_TubeLaser[[#This Row],[% Complete]],tbl_TubeLaser[[#This Row],[Total hours]]*tbl_TubeLaser[[#This Row],[% Complete]]) -> 4.8611111 | N24: 7 | O24: C4 X 5.4 CHANNEL 20' | P24: =tbl_TubeLaser[[#This Row],[Mat. Qty]]*tbl_TubeLaser[[#This Row],[% Complete]] -> 0 | R24: =IFERROR(tbl_TubeLaser[[#This Row],[Qty Complete]]/tbl_TubeLaser[[#This Row],[Total Hours Act]]*tbl_TubeLaser[[#This Row],['# of men Act]],"") -> 27.34375 | S24: 1 | T24: =(MOD(tbl_TubeLaser[[#This Row],[End Time]]-tbl_TubeLaser[[#This Row],[Start Time]],1)*24*tbl_TubeLaser[[#This Row],['# of men Act]])- ( IF(AND(tbl_TubeLaser[[#This Row],[Start Time]]<=Data!$B$2+(Data!$B$2<tbl_TubeLaser[[#This Row],[Start Time]]),tbl_TubeLaser[[#This Row],[Start Time]]+MOD(tbl_TubeLaser[[#This Row],[End Time]]-tbl_TubeLaser[[#This Row],[Start Time]],1)>=Data!$C$2+(Data!$C$2<tbl_TubeLaser[[#This Row],[Start Time]])),0.5*tbl_TubeLaser[[#This Row],['# of men Act]],0) + IF(AND(tbl_TubeLaser[[#This Row],[Start Time]]<=Data!$B$3+(Data!$B$3<tbl_TubeLaser[[#This Row],[Start Time]]),tbl_TubeLaser[[#This Row],[Start Time]]+MOD(tbl_TubeLaser[[#This Row],[End Time]]-tbl_TubeLaser[[#This Row],[Start Time]],1)>=Data!$C$3+(Data!$C$3<tbl_TubeLaser[[#This Row],[Start Time]])),0.5*tbl_TubeLaser[[#This Row],['# of men Act]],0) ) -> 6.4 | V24: 0.5 | X24: =IFERROR((tbl_TubeLaser[[#This Row],[Adj. Total Hours]]+tbl_TubeLaser[[#This Row],[Est. Hours]])/(tbl_TubeLaser[[#This Row],[Total Hours Act]]+tbl_TubeLaser[[#This Row],[Act. Hours]]),"") -> 0.83767361 | Y24: =IF(AND(SUMIFS(tbl_TubeLaser[% Complete],tbl_TubeLaser[Job'#],tbl_TubeLaser[[#This Row],[Job'#]])>=1,COUNTIF(INDEX(tbl_TubeLaser[Job'#],1):tbl_TubeLaser[[#This Row],[Job'#]],tbl_TubeLaser[[#This Row],[Job'#]])=COUNTIF(tbl_TubeLaser[Job'#],tbl_TubeLaser[[#This Row],[Job'#]])),IFERROR((SUMIFS(tbl_TubeLaser[Adj. Total Hours],tbl_TubeLaser[Job'#],tbl_TubeLaser[[#This Row],[Job'#]])+SUMIFS(tbl_TubeLaser[Est. Hours],tbl_TubeLaser[Job'#],tbl_TubeLaser[[#This Row],[Job'#]]))/(SUMIFS(tbl_TubeLaser[Total Hours Act],tbl_TubeLaser[Job'#],tbl_TubeLaser[[#This Row],[Job'#]])+SUMIFS(tbl_TubeLaser[Act. Hours],tbl_TubeLaser[Job'#],tbl_TubeLaser[[#This Row],[Job'#]])),""),"") | Z24: =IFERROR(tbl_TubeLaser[[#This Row],[Act. Mat. Qty]]-tbl_TubeLaser[[#This Row],[Adj. Mat. Qty]],"") -> 0 | AA24: =IF(AND(SUMIFS(tbl_TubeLaser[% Complete],tbl_TubeLaser[Job'#],tbl_TubeLaser[[#This Row],[Job'#]])>=1,COUNTIF(INDEX(tbl_TubeLaser[Job'#],1):tbl_TubeLaser[[#This Row],[Job'#]],tbl_TubeLaser[[#This Row],[Job'#]])=COUNTIF(tbl_TubeLaser[Job'#],tbl_TubeLaser[[#This Row],[Job'#]])),(SUMIFS(tbl_TubeLaser[Act. Mat. Qty],tbl_TubeLaser[Job'#],tbl_TubeLaser[[#This Row],[Job'#]]))-(SUMIFS(tbl_TubeLaser[Adj. Mat. Qty],tbl_TubeLaser[Job'#],tbl_TubeLaser[[#This Row],[Job'#]])),"")
A25: 46122 | B25: 143155 | C25: =IF(tbl_TubeLaser[[#This Row],[Part'#]]="", "Batch", "Part") -> Part | D25: NAS100007888 | E25: 0.94097222 | F25: 0.20833333 | G25: 230 | H25: 230 | I25: =tbl_TubeLaser[[#This Row],[Qty Complete]]/tbl_TubeLaser[[#This Row],[Qty Required]] -> 1 | J25: 36 | K25: 1 | L25: =IF(tbl_TubeLaser[[#This Row],[Job Type]]="Batch",0,tbl_TubeLaser[[#This Row],[Qty Required]]/tbl_TubeLaser[[#This Row],[PPH]]*tbl_TubeLaser[[#This Row],['# of men]]) -> 6.3888889 | M25: =IF(tbl_TubeLaser[[#This Row],[Job Type]]="Batch",tbl_TubeLaser[[#This Row],[Batch Hours]]*tbl_TubeLaser[[#This Row],[% Complete]],tbl_TubeLaser[[#This Row],[Total hours]]*tbl_TubeLaser[[#This Row],[% Complete]]) -> 6.3888889 | O25: CH454-20 | P25: =tbl_TubeLaser[[#This Row],[Mat. Qty]]*tbl_TubeLaser[[#This Row],[% Complete]] -> 23 | Q25: 23 | R25: =IFERROR(tbl_TubeLaser[[#This Row],[Qty Complete]]/tbl_TubeLaser[[#This Row],[Total Hours Act]]*tbl_TubeLaser[[#This Row],['# of men Act]],"") -> 38.873239 | S25: 1 | T25: =(MOD(tbl_TubeLaser[[#This Row],[End Time]]-tbl_TubeLaser[[#This Row],[Start Time]],1)*24*tbl_TubeLaser[[#This Row],['# of men Act]])- ( IF(AND(tbl_TubeLaser[[#This Row],[Start Time]]<=Data!$B$2+(Data!$B$2<tbl_TubeLaser[[#This Row],[Start Time]]),tbl_TubeLaser[[#This Row],[Start Time]]+MOD(tbl_TubeLaser[[#This Row],[End Time]]-tbl_TubeLaser[[#This Row],[Start Time]],1)>=Data!$C$2+(Data!$C$2<tbl_TubeLaser[[#This Row],[Start Time]])),0.5*tbl_TubeLaser[[#This Row],['# of men Act]],0) + IF(AND(tbl_TubeLaser[[#This Row],[Start Time]]<=Data!$B$3+(Data!$B$3<tbl_TubeLaser[[#This Row],[Start Time]]),tbl_TubeLaser[[#This Row],[Start Time]]+MOD(tbl_TubeLaser[[#This Row],[End Time]]-tbl_TubeLaser[[#This Row],[Start Time]],1)>=Data!$C$3+(Data!$C$3<tbl_TubeLaser[[#This Row],[Start Time]])),0.5*tbl_TubeLaser[[#This Row],['# of men Act]],0) ) -> 5.9166667 | U25: 23 | V25: 0.5 | W25: 0.5 | X25: =IFERROR((tbl_TubeLaser[[#This Row],[Adj. Total Hours]]+tbl_TubeLaser[[#This Row],[Est. Hours]])/(tbl_TubeLaser[[#This Row],[Total Hours Act]]+tbl_TubeLaser[[#This Row],[Act. Hours]]),"") -> 1.0735931 | Y25: =IF(AND(SUMIFS(tbl_TubeLaser[% Complete],tbl_TubeLaser[Job'#],tbl_TubeLaser[[#This Row],[Job'#]])>=1,COUNTIF(INDEX(tbl_TubeLaser[Job'#],1):tbl_TubeLaser[[#This Row],[Job'#]],tbl_TubeLaser[[#This Row],[Job'#]])=COUNTIF(tbl_TubeLaser[Job'#],tbl_TubeLaser[[#This Row],[Job'#]])),IFERROR((SUMIFS(tbl_TubeLaser[Adj. Total Hours],tbl_TubeLaser[Job'#],tbl_TubeLaser[[#This Row],[Job'#]])+SUMIFS(tbl_TubeLaser[Est. Hours],tbl_TubeLaser[Job'#],tbl_TubeLaser[[#This Row],[Job'#]]))/(SUMIFS(tbl_TubeLaser[Total Hours Act],tbl_TubeLaser[Job'#],tbl_TubeLaser[[#This Row],[Job'#]])+SUMIFS(tbl_TubeLaser[Act. Hours],tbl_TubeLaser[Job'#],tbl_TubeLaser[[#This Row],[Job'#]])),""),"") -> 1.0735931 | Z25: =IFERROR(tbl_TubeLaser[[#This Row],[Act. Mat. Qty]]-tbl_TubeLaser[[#This Row],[Adj. Mat. Qty]],"") -> 0 | AA25: =IF(AND(SUMIFS(tbl_TubeLaser[% Complete],tbl_TubeLaser[Job'#],tbl_TubeLaser[[#This Row],[Job'#]])>=1,COUNTIF(INDEX(tbl_TubeLaser[Job'#],1):tbl_TubeLaser[[#This Row],[Job'#]],tbl_TubeLaser[[#This Row],[Job'#]])=COUNTIF(tbl_TubeLaser[Job'#],tbl_TubeLaser[[#This Row],[Job'#]])),(SUMIFS(tbl_TubeLaser[Act. Mat. Qty],tbl_TubeLaser[Job'#],tbl_TubeLaser[[#This Row],[Job'#]]))-(SUMIFS(tbl_TubeLaser[Adj. Mat. Qty],tbl_TubeLaser[Job'#],tbl_TubeLaser[[#This Row],[Job'#]])),"") -> 0
A26: 46122 | B26: 143196 | C26: =IF(tbl_TubeLaser[[#This Row],[Part'#]]="", "Batch", "Part") -> Part | D26: NAS100007888 | E26: 0.70833333 | F26: 0.79166667 | G26: 260 | H26: 85 | I26: =tbl_TubeLaser[[#This Row],[Qty Complete]]/tbl_TubeLaser[[#This Row],[Qty Required]] -> 0.32692308 | J26: 36 | K26: 1 | L26: =IF(tbl_TubeLaser[[#This Row],[Job Type]]="Batch",0,tbl_TubeLaser[[#This Row],[Qty Required]]/tbl_TubeLaser[[#This Row],[PPH]]*tbl_TubeLaser[[#This Row],['# of men]]) -> 7.2222222 | M26: =IF(tbl_TubeLaser[[#This Row],[Job Type]]="Batch",tbl_TubeLaser[[#This Row],[Batch Hours]]*tbl_TubeLaser[[#This Row],[% Complete]],tbl_TubeLaser[[#This Row],[Total hours]]*tbl_TubeLaser[[#This Row],[% Complete]]) -> 2.3611111 | O26: CH454-20 | P26: =tbl_TubeLaser[[#This Row],[Mat. Qty]]*tbl_TubeLaser[[#This Row],[% Complete]] -> 8.5 | Q26: 26 | R26: =IFERROR(tbl_TubeLaser[[#This Row],[Qty Complete]]/tbl_TubeLaser[[#This Row],[Total Hours Act]]*tbl_TubeLaser[[#This Row],['# of men Act]],"") -> 42.5 | S26: 1 | T26: =(MOD(tbl_TubeLaser[[#This Row],[End Time]]-tbl_TubeLaser[[#This Row],[Start Time]],1)*24*tbl_TubeLaser[[#This Row],['# of men Act]])- ( IF(AND(tbl_TubeLaser[[#This Row],[Start Time]]<=Data!$B$2+(Data!$B$2<tbl_TubeLaser[[#This Row],[Start Time]]),tbl_TubeLaser[[#This Row],[Start Time]]+MOD(tbl_TubeLaser[[#This Row],[End Time]]-tbl_TubeLaser[[#This Row],[Start Time]],1)>=Data!$C$2+(Data!$C$2<tbl_TubeLaser[[#This Row],[Start Time]])),0.5*tbl_TubeLaser[[#This Row],['# of men Act]],0) + IF(AND(tbl_TubeLaser[[#This Row],[Start Time]]<=Data!$B$3+(Data!$B$3<tbl_TubeLaser[[#This Row],[Start Time]]),tbl_TubeLaser[[#This Row],[Start Time]]+MOD(tbl_TubeLaser[[#This Row],[End Time]]-tbl_TubeLaser[[#This Row],[Start Time]],1)>=Data!$C$3+(Data!$C$3<tbl_TubeLaser[[#This Row],[Start Time]])),0.5*tbl_TubeLaser[[#This Row],['# of men Act]],0) ) -> 2 | U26: 26 | V26: 0.5 | X26: =IFERROR((tbl_TubeLaser[[#This Row],[Adj. Total Hours]]+tbl_TubeLaser[[#This Row],[Est. Hours]])/(tbl_TubeLaser[[#This Row],[Total Hours Act]]+tbl_TubeLaser[[#This Row],[Act. Hours]]),"") -> 1.4305556 | Y26: =IF(AND(SUMIFS(tbl_TubeLaser[% Complete],tbl_TubeLaser[Job'#],tbl_TubeLaser[[#This Row],[Job'#]])>=1,COUNTIF(INDEX(tbl_TubeLaser[Job'#],1):tbl_TubeLaser[[#This Row],[Job'#]],tbl_TubeLaser[[#This Row],[Job'#]])=COUNTIF(tbl_TubeLaser[Job'#],tbl_TubeLaser[[#This Row],[Job'#]])),IFERROR((SUMIFS(tbl_TubeLaser[Adj. Total Hours],tbl_TubeLaser[Job'#],tbl_TubeLaser[[#This Row],[Job'#]])+SUMIFS(tbl_TubeLaser[Est. Hours],tbl_TubeLaser[Job'#],tbl_TubeLaser[[#This Row],[Job'#]]))/(SUMIFS(tbl_TubeLaser[Total Hours Act],tbl_TubeLaser[Job'#],tbl_TubeLaser[[#This Row],[Job'#]])+SUMIFS(tbl_TubeLaser[Act. Hours],tbl_TubeLaser[Job'#],tbl_TubeLaser[[#This Row],[Job'#]])),""),"") -> 0.97883598 | Z26: =IFERROR(tbl_TubeLaser[[#This Row],[Act. Mat. Qty]]-tbl_TubeLaser[[#This Row],[Adj. Mat. Qty]],"") -> 17.5 | AA26: =IF(AND(SUMIFS(tbl_TubeLaser[% Complete],tbl_TubeLaser[Job'#],tbl_TubeLaser[[#This Row],[Job'#]])>=1,COUNTIF(INDEX(tbl_TubeLaser[Job'#],1):tbl_TubeLaser[[#This Row],[Job'#]],tbl_TubeLaser[[#This Row],[Job'#]])=COUNTIF(tbl_TubeLaser[Job'#],tbl_TubeLaser[[#This Row],[Job'#]])),(SUMIFS(tbl_TubeLaser[Act. Mat. Qty],tbl_TubeLaser[Job'#],tbl_TubeLaser[[#This Row],[Job'#]]))-(SUMIFS(tbl_TubeLaser[Adj. Mat. Qty],tbl_TubeLaser[Job'#],tbl_TubeLaser[[#This Row],[Job'#]])),"") -> 17.5
A27: 46122 | B27: 152742-1-1 | C27: =IF(tbl_TubeLaser[[#This Row],[Part'#]]="", "Batch", "Part") -> Part | D27: 13413 lighttube | E27: 0.79583333 | F27: 0.20833333 | G27: 80 | H27: 66 | I27: =tbl_TubeLaser[[#This Row],[Qty Complete]]/tbl_TubeLaser[[#This Row],[Qty Required]] -> 0.825 | J27: 12 | K27: 1 | L27: =IF(tbl_TubeLaser[[#This Row],[Job Type]]="Batch",0,tbl_TubeLaser[[#This Row],[Qty Required]]/tbl_TubeLaser[[#This Row],[PPH]]*tbl_TubeLaser[[#This Row],['# of men]]) -> 6.6666667 | M27: =IF(tbl_TubeLaser[[#This Row],[Job Type]]="Batch",tbl_TubeLaser[[#This Row],[Batch Hours]]*tbl_TubeLaser[[#This Row],[% Complete]],tbl_TubeLaser[[#This Row],[Total hours]]*tbl_TubeLaser[[#This Row],[% Complete]]) -> 5.5 | O27: RT64316-20 | P27: =tbl_TubeLaser[[#This Row],[Mat. Qty]]*tbl_TubeLaser[[#This Row],[% Complete]] -> 33 | Q27: 40 | R27: =IFERROR(tbl_TubeLaser[[#This Row],[Qty Complete]]/tbl_TubeLaser[[#This Row],[Total Hours Act]]*tbl_TubeLaser[[#This Row],['# of men Act]],"") -> 7.0212766 | S27: 1 | T27: =(MOD(tbl_TubeLaser[[#This Row],[End Time]]-tbl_TubeLaser[[#This Row],[Start Time]],1)*24*tbl_TubeLaser[[#This Row],['# of men Act]])- ( IF(AND(tbl_TubeLaser[[#This Row],[Start Time]]<=Data!$B$2+(Data!$B$2<tbl_TubeLaser[[#This Row],[Start Time]]),tbl_TubeLaser[[#This Row],[Start Time]]+MOD(tbl_TubeLaser[[#This Row],[End Time]]-tbl_TubeLaser[[#This Row],[Start Time]],1)>=Data!$C$2+(Data!$C$2<tbl_TubeLaser[[#This Row],[Start Time]])),0.5*tbl_TubeLaser[[#This Row],['# of men Act]],0) + IF(AND(tbl_TubeLaser[[#This Row],[Start Time]]<=Data!$B$3+(Data!$B$3<tbl_TubeLaser[[#This Row],[Start Time]]),tbl_TubeLaser[[#This Row],[Start Time]]+MOD(tbl_TubeLaser[[#This Row],[End Time]]-tbl_TubeLaser[[#This Row],[Start Time]],1)>=Data!$C$3+(Data!$C$3<tbl_TubeLaser[[#This Row],[Start Time]])),0.5*tbl_TubeLaser[[#This Row],['# of men Act]],0) ) -> 9.4 | U27: 33 | V27: 0.5 | W27: 1 | X27: =IFERROR((tbl_TubeLaser[[#This Row],[Adj. Total Hours]]+tbl_TubeLaser[[#This Row],[Est. Hours]])/(tbl_TubeLaser[[#This Row],[Total Hours Act]]+tbl_TubeLaser[[#This Row],[Act. Hours]]),"") -> 0.57692308 | Y27: =IF(AND(SUMIFS(tbl_TubeLaser[% Complete],tbl_TubeLaser[Job'#],tbl_TubeLaser[[#This Row],[Job'#]])>=1,COUNTIF(INDEX(tbl_TubeLaser[Job'#],1):tbl_TubeLaser[[#This Row],[Job'#]],tbl_TubeLaser[[#This Row],[Job'#]])=COUNTIF(tbl_TubeLaser[Job'#],tbl_TubeLaser[[#This Row],[Job'#]])),IFERROR((SUMIFS(tbl_TubeLaser[Adj. Total Hours],tbl_TubeLaser[Job'#],tbl_TubeLaser[[#This Row],[Job'#]])+SUMIFS(tbl_TubeLaser[Est. Hours],tbl_TubeLaser[Job'#],tbl_TubeLaser[[#This Row],[Job'#]]))/(SUMIFS(tbl_TubeLaser[Total Hours Act],tbl_TubeLaser[Job'#],tbl_TubeLaser[[#This Row],[Job'#]])+SUMIFS(tbl_TubeLaser[Act. Hours],tbl_TubeLaser[Job'#],tbl_TubeLaser[[#This Row],[Job'#]])),""),"") | Z27: =IFERROR(tbl_TubeLaser[[#This Row],[Act. Mat. Qty]]-tbl_TubeLaser[[#This Row],[Adj. Mat. Qty]],"") -> 0 | AA27: =IF(AND(SUMIFS(tbl_TubeLaser[% Complete],tbl_TubeLaser[Job'#],tbl_TubeLaser[[#This Row],[Job'#]])>=1,COUNTIF(INDEX(tbl_TubeLaser[Job'#],1):tbl_TubeLaser[[#This Row],[Job'#]],tbl_TubeLaser[[#This Row],[Job'#]])=COUNTIF(tbl_TubeLaser[Job'#],tbl_TubeLaser[[#This Row],[Job'#]])),(SUMIFS(tbl_TubeLaser[Act. Mat. Qty],tbl_TubeLaser[Job'#],tbl_TubeLaser[[#This Row],[Job'#]]))-(SUMIFS(tbl_TubeLaser[Adj. Mat. Qty],tbl_TubeLaser[Job'#],tbl_TubeLaser[[#This Row],[Job'#]])),"") | AB27: alot of time spent digging out material
A28: 46123 | B28: 152742-1-1 | C28: =IF(tbl_TubeLaser[[#This Row],[Part'#]]="", "Batch", "Part") -> Part | D28: 13413 lighttube | E28: 0.20833333 | F28: 0.31666667 | G28: 80 | H28: 14 | I28: =tbl_TubeLaser[[#This Row],[Qty Complete]]/tbl_TubeLaser[[#This Row],[Qty Required]] -> 0.175 | J28: 12 | K28: 1 | L28: =IF(tbl_TubeLaser[[#This Row],[Job Type]]="Batch",0,tbl_TubeLaser[[#This Row],[Qty Required]]/tbl_TubeLaser[[#This Row],[PPH]]*tbl_TubeLaser[[#This Row],['# of men]]) -> 6.6666667 | M28: =IF(tbl_TubeLaser[[#This Row],[Job Type]]="Batch",tbl_TubeLaser[[#This Row],[Batch Hours]]*tbl_TubeLaser[[#This Row],[% Complete]],tbl_TubeLaser[[#This Row],[Total hours]]*tbl_TubeLaser[[#This Row],[% Complete]]) -> 1.1666667 | O28: RT64316-20 | P28: =tbl_TubeLaser[[#This Row],[Mat. Qty]]*tbl_TubeLaser[[#This Row],[% Complete]] -> 1.575 | Q28: 9 | R28: =IFERROR(tbl_TubeLaser[[#This Row],[Qty Complete]]/tbl_TubeLaser[[#This Row],[Total Hours Act]]*tbl_TubeLaser[[#This Row],['# of men Act]],"") -> 5.3846154 | S28: 1 | T28: =(MOD(tbl_TubeLaser[[#This Row],[End Time]]-tbl_TubeLaser[[#This Row],[Start Time]],1)*24*tbl_TubeLaser[[#This Row],['# of men Act]])- ( IF(AND(tbl_TubeLaser[[#This Row],[Start Time]]<=Data!$B$2+(Data!$B$2<tbl_TubeLaser[[#This Row],[Start Time]]),tbl_TubeLaser[[#This Row],[Start Time]]+MOD(tbl_TubeLaser[[#This Row],[End Time]]-tbl_TubeLaser[[#This Row],[Start Time]],1)>=Data!$C$2+(Data!$C$2<tbl_TubeLaser[[#This Row],[Start Time]])),0.5*tbl_TubeLaser[[#This Row],['# of men Act]],0) + IF(AND(tbl_TubeLaser[[#This Row],[Start Time]]<=Data!$B$3+(Data!$B$3<tbl_TubeLaser[[#This Row],[Start Time]]),tbl_TubeLaser[[#This Row],[Start Time]]+MOD(tbl_TubeLaser[[#This Row],[End Time]]-tbl_TubeLaser[[#This Row],[Start Time]],1)>=Data!$C$3+(Data!$C$3<tbl_TubeLaser[[#This Row],[Start Time]])),0.5*tbl_TubeLaser[[#This Row],['# of men Act]],0) ) -> 2.6 | V28: 0.5 | X28: =IFERROR((tbl_TubeLaser[[#This Row],[Adj. Total Hours]]+tbl_TubeLaser[[#This Row],[Est. Hours]])/(tbl_TubeLaser[[#This Row],[Total Hours Act]]+tbl_TubeLaser[[#This Row],[Act. Hours]]),"") -> 0.64102564 | Y28: =IF(AND(SUMIFS(tbl_TubeLaser[% Complete],tbl_TubeLaser[Job'#],tbl_TubeLaser[[#This Row],[Job'#]])>=1,COUNTIF(INDEX(tbl_TubeLaser[Job'#],1):tbl_TubeLaser[[#This Row],[Job'#]],tbl_TubeLaser[[#This Row],[Job'#]])=COUNTIF(tbl_TubeLaser[Job'#],tbl_TubeLaser[[#This Row],[Job'#]])),IFERROR((SUMIFS(tbl_TubeLaser[Adj. Total Hours],tbl_TubeLaser[Job'#],tbl_TubeLaser[[#This Row],[Job'#]])+SUMIFS(tbl_TubeLaser[Est. Hours],tbl_TubeLaser[Job'#],tbl_TubeLaser[[#This Row],[Job'#]]))/(SUMIFS(tbl_TubeLaser[Total Hours Act],tbl_TubeLaser[Job'#],tbl_TubeLaser[[#This Row],[Job'#]])+SUMIFS(tbl_TubeLaser[Act. Hours],tbl_TubeLaser[Job'#],tbl_TubeLaser[[#This Row],[Job'#]])),""),"") -> 0.58974359 | Z28: =IFERROR(tbl_TubeLaser[[#This Row],[Act. Mat. Qty]]-tbl_TubeLaser[[#This Row],[Adj. Mat. Qty]],"") -> -1.575 | AA28: =IF(AND(SUMIFS(tbl_TubeLaser[% Complete],tbl_TubeLaser[Job'#],tbl_TubeLaser[[#This Row],[Job'#]])>=1,COUNTIF(INDEX(tbl_TubeLaser[Job'#],1):tbl_TubeLaser[[#This Row],[Job'#]],tbl_TubeLaser[[#This Row],[Job'#]])=COUNTIF(tbl_TubeLaser[Job'#],tbl_TubeLaser[[#This Row],[Job'#]])),(SUMIFS(tbl_TubeLaser[Act. Mat. Qty],tbl_TubeLaser[Job'#],tbl_TubeLaser[[#This Row],[Job'#]]))-(SUMIFS(tbl_TubeLaser[Adj. Mat. Qty],tbl_TubeLaser[Job'#],tbl_TubeLaser[[#This Row],[Job'#]])),"") -> -1.575
A29: 46123 | B29: 152739-4-1 | C29: =IF(tbl_TubeLaser[[#This Row],[Part'#]]="", "Batch", "Part") -> Part | D29: 2403141 | E29: 0.35486111 | F29: 0.48958333 | G29: 332 | H29: 57 | I29: =tbl_TubeLaser[[#This Row],[Qty Complete]]/tbl_TubeLaser[[#This Row],[Qty Required]] -> 0.17168675 | J29: 24 | K29: 1 | L29: =IF(tbl_TubeLaser[[#This Row],[Job Type]]="Batch",0,tbl_TubeLaser[[#This Row],[Qty Required]]/tbl_TubeLaser[[#This Row],[PPH]]*tbl_TubeLaser[[#This Row],['# of men]]) -> 13.833333 | M29: =IF(tbl_TubeLaser[[#This Row],[Job Type]]="Batch",tbl_TubeLaser[[#This Row],[Batch Hours]]*tbl_TubeLaser[[#This Row],[% Complete]],tbl_TubeLaser[[#This Row],[Total hours]]*tbl_TubeLaser[[#This Row],[% Complete]]) -> 2.375 | O29: AL CHANNEL 2.00 X 2.50 X .190 21' LONG -- CUSTOMER SUPPLIED MATERIAL | P29: =tbl_TubeLaser[[#This Row],[Mat. Qty]]*tbl_TubeLaser[[#This Row],[% Complete]] -> 4.9789157 | Q29: 29 | R29: =IFERROR(tbl_TubeLaser[[#This Row],[Qty Complete]]/tbl_TubeLaser[[#This Row],[Total Hours Act]]*tbl_TubeLaser[[#This Row],['# of men Act]],"") -> 17.628866 | S29: 1 | T29: =(MOD(tbl_TubeLaser[[#This Row],[End Time]]-tbl_TubeLaser[[#This Row],[Start Time]],1)*24*tbl_TubeLaser[[#This Row],['# of men Act]])- ( IF(AND(tbl_TubeLaser[[#This Row],[Start Time]]<=Data!$B$2+(Data!$B$2<tbl_TubeLaser[[#This Row],[Start Time]]),tbl_TubeLaser[[#This Row],[Start Time]]+MOD(tbl_TubeLaser[[#This Row],[End Time]]-tbl_TubeLaser[[#This Row],[Start Time]],1)>=Data!$C$2+(Data!$C$2<tbl_TubeLaser[[#This Row],[Start Time]])),0.5*tbl_TubeLaser[[#This Row],['# of men Act]],0) + IF(AND(tbl_TubeLaser[[#This Row],[Start Time]]<=Data!$B$3+(Data!$B$3<tbl_TubeLaser[[#This Row],[Start Time]]),tbl_TubeLaser[[#This Row],[Start Time]]+MOD(tbl_TubeLaser[[#This Row],[End Time]]-tbl_TubeLaser[[#This Row],[Start Time]],1)>=Data!$C$3+(Data!$C$3<tbl_TubeLaser[[#This Row],[Start Time]])),0.5*tbl_TubeLaser[[#This Row],['# of men Act]],0) ) -> 3.2333333 | V29: 0.5 | W29: 0.75 | X29: =IFERROR((tbl_TubeLaser[[#This Row],[Adj. Total Hours]]+tbl_TubeLaser[[#This Row],[Est. Hours]])/(tbl_TubeLaser[[#This Row],[Total Hours Act]]+tbl_TubeLaser[[#This Row],[Act. Hours]]),"") -> 0.72175732 | Y29: =IF(AND(SUMIFS(tbl_TubeLaser[% Complete],tbl_TubeLaser[Job'#],tbl_TubeLaser[[#This Row],[Job'#]])>=1,COUNTIF(INDEX(tbl_TubeLaser[Job'#],1):tbl_TubeLaser[[#This Row],[Job'#]],tbl_TubeLaser[[#This Row],[Job'#]])=COUNTIF(tbl_TubeLaser[Job'#],tbl_TubeLaser[[#This Row],[Job'#]])),IFERROR((SUMIFS(tbl_TubeLaser[Adj. Total Hours],tbl_TubeLaser[Job'#],tbl_TubeLaser[[#This Row],[Job'#]])+SUMIFS(tbl_TubeLaser[Est. Hours],tbl_TubeLaser[Job'#],tbl_TubeLaser[[#This Row],[Job'#]]))/(SUMIFS(tbl_TubeLaser[Total Hours Act],tbl_TubeLaser[Job'#],tbl_TubeLaser[[#This Row],[Job'#]])+SUMIFS(tbl_TubeLaser[Act. Hours],tbl_TubeLaser[Job'#],tbl_TubeLaser[[#This Row],[Job'#]])),""),"") | Z29: =IFERROR(tbl_TubeLaser[[#This Row],[Act. Mat. Qty]]-tbl_TubeLaser[[#This Row],[Adj. Mat. Qty]],"") -> -4.9789157 | AA29: =IF(AND(SUMIFS(tbl_TubeLaser[% Complete],tbl_TubeLaser[Job'#],tbl_TubeLaser[[#This Row],[Job'#]])>=1,COUNTIF(INDEX(tbl_TubeLaser[Job'#],1):tbl_TubeLaser[[#This Row],[Job'#]],tbl_TubeLaser[[#This Row],[Job'#]])=COUNTIF(tbl_TubeLaser[Job'#],tbl_TubeLaser[[#This Row],[Job'#]])),(SUMIFS(tbl_TubeLaser[Act. Mat. Qty],tbl_TubeLaser[Job'#],tbl_TubeLaser[[#This Row],[Job'#]]))-(SUMIFS(tbl_TubeLaser[Adj. Mat. Qty],tbl_TubeLaser[Job'#],tbl_TubeLaser[[#This Row],[Job'#]])),"")
A30: 46124 | B30: 152751-4-1 | C30: =IF(tbl_TubeLaser[[#This Row],[Part'#]]="", "Batch", "Part") -> Part | D30: 240316 | E30: 0.20902778 | F30: 0.27361111 | G30: 166 | H30: 103 | I30: =tbl_TubeLaser[[#This Row],[Qty Complete]]/tbl_TubeLaser[[#This Row],[Qty Required]] -> 0.62048193 | J30: 18 | K30: 1 | L30: =IF(tbl_TubeLaser[[#This Row],[Job Type]]="Batch",0,tbl_TubeLaser[[#This Row],[Qty Required]]/tbl_TubeLaser[[#This Row],[PPH]]*tbl_TubeLaser[[#This Row],['# of men]]) -> 9.2222222 | M30: =IF(tbl_TubeLaser[[#This Row],[Job Type]]="Batch",tbl_TubeLaser[[#This Row],[Batch Hours]]*tbl_TubeLaser[[#This Row],[% Complete]],tbl_TubeLaser[[#This Row],[Total hours]]*tbl_TubeLaser[[#This Row],[% Complete]]) -> 5.7222222 | O30: RT32316-20 | P30: =tbl_TubeLaser[[#This Row],[Mat. Qty]]*tbl_TubeLaser[[#This Row],[% Complete]] -> 3.7228916 | Q30: 6 | R30: =IFERROR(tbl_TubeLaser[[#This Row],[Qty Complete]]/tbl_TubeLaser[[#This Row],[Total Hours Act]]*tbl_TubeLaser[[#This Row],['# of men Act]],"") -> 66.451613 | S30: 1 | T30: =(MOD(tbl_TubeLaser[[#This Row],[End Time]]-tbl_TubeLaser[[#This Row],[Start Time]],1)*24*tbl_TubeLaser[[#This Row],['# of men Act]])- ( IF(AND(tbl_TubeLaser[[#This Row],[Start Time]]<=Data!$B$2+(Data!$B$2<tbl_TubeLaser[[#This Row],[Start Time]]),tbl_TubeLaser[[#This Row],[Start Time]]+MOD(tbl_TubeLaser[[#This Row],[End Time]]-tbl_TubeLaser[[#This Row],[Start Time]],1)>=Data!$C$2+(Data!$C$2<tbl_TubeLaser[[#This Row],[Start Time]])),0.5*tbl_TubeLaser[[#This Row],['# of men Act]],0) + IF(AND(tbl_TubeLaser[[#This Row],[Start Time]]<=Data!$B$3+(Data!$B$3<tbl_TubeLaser[[#This Row],[Start Time]]),tbl_TubeLaser[[#This Row],[Start Time]]+MOD(tbl_TubeLaser[[#This Row],[End Time]]-tbl_TubeLaser[[#This Row],[Start Time]],1)>=Data!$C$3+(Data!$C$3<tbl_TubeLaser[[#This Row],[Start Time]])),0.5*tbl_TubeLaser[[#This Row],['# of men Act]],0) ) -> 1.55 | U30: 6 | X30: =IFERROR((tbl_TubeLaser[[#This Row],[Adj. Total Hours]]+tbl_TubeLaser[[#This Row],[Est. Hours]])/(tbl_TubeLaser[[#This Row],[Total Hours Act]]+tbl_TubeLaser[[#This Row],[Act. Hours]]),"") -> 3.6917563 | Y30: =IF(AND(SUMIFS(tbl_TubeLaser[% Complete],tbl_TubeLaser[Job'#],tbl_TubeLaser[[#This Row],[Job'#]])>=1,COUNTIF(INDEX(tbl_TubeLaser[Job'#],1):tbl_TubeLaser[[#This Row],[Job'#]],tbl_TubeLaser[[#This Row],[Job'#]])=COUNTIF(tbl_TubeLaser[Job'#],tbl_TubeLaser[[#This Row],[Job'#]])),IFERROR((SUMIFS(tbl_TubeLaser[Adj. Total Hours],tbl_TubeLaser[Job'#],tbl_TubeLaser[[#This Row],[Job'#]])+SUMIFS(tbl_TubeLaser[Est. Hours],tbl_TubeLaser[Job'#],tbl_TubeLaser[[#This Row],[Job'#]]))/(SUMIFS(tbl_TubeLaser[Total Hours Act],tbl_TubeLaser[Job'#],tbl_TubeLaser[[#This Row],[Job'#]])+SUMIFS(tbl_TubeLaser[Act. Hours],tbl_TubeLaser[Job'#],tbl_TubeLaser[[#This Row],[Job'#]])),""),"") | Z30: =IFERROR(tbl_TubeLaser[[#This Row],[Act. Mat. Qty]]-tbl_TubeLaser[[#This Row],[Adj. Mat. Qty]],"") -> 2.2771084 | AA30: =IF(AND(SUMIFS(tbl_TubeLaser[% Complete],tbl_TubeLaser[Job'#],tbl_TubeLaser[[#This Row],[Job'#]])>=1,COUNTIF(INDEX(tbl_TubeLaser[Job'#],1):tbl_TubeLaser[[#This Row],[Job'#]],tbl_TubeLaser[[#This Row],[Job'#]])=COUNTIF(tbl_TubeLaser[Job'#],tbl_TubeLaser[[#This Row],[Job'#]])),(SUMIFS(tbl_TubeLaser[Act. Mat. Qty],tbl_TubeLaser[Job'#],tbl_TubeLaser[[#This Row],[Job'#]]))-(SUMIFS(tbl_TubeLaser[Adj. Mat. Qty],tbl_TubeLaser[Job'#],tbl_TubeLaser[[#This Row],[Job'#]])),"")
A31: 46124 | B31: 152757-3-1 | C31: =IF(tbl_TubeLaser[[#This Row],[Part'#]]="", "Batch", "Part") -> Part | D31: 251353 | E31: 0.31736111 | F31: 0.53611111 | G31: 84 | H31: 84 | I31: =tbl_TubeLaser[[#This Row],[Qty Complete]]/tbl_TubeLaser[[#This Row],[Qty Required]] -> 1 | J31: 15 | K31: 1 | L31: =IF(tbl_TubeLaser[[#This Row],[Job Type]]="Batch",0,tbl_TubeLaser[[#This Row],[Qty Required]]/tbl_TubeLaser[[#This Row],[PPH]]*tbl_TubeLaser[[#This Row],['# of men]]) -> 5.6 | M31: =IF(tbl_TubeLaser[[#This Row],[Job Type]]="Batch",tbl_TubeLaser[[#This Row],[Batch Hours]]*tbl_TubeLaser[[#This Row],[% Complete]],tbl_TubeLaser[[#This Row],[Total hours]]*tbl_TubeLaser[[#This Row],[% Complete]]) -> 5.6 | O31: CSM-RT42316-24 | P31: =tbl_TubeLaser[[#This Row],[Mat. Qty]]*tbl_TubeLaser[[#This Row],[% Complete]] -> 84 | Q31: 84 | R31: =IFERROR(tbl_TubeLaser[[#This Row],[Qty Complete]]/tbl_TubeLaser[[#This Row],[Total Hours Act]]*tbl_TubeLaser[[#This Row],['# of men Act]],"") -> 17.684211 | S31: 1 | T31: =(MOD(tbl_TubeLaser[[#This Row],[End Time]]-tbl_TubeLaser[[#This Row],[Start Time]],1)*24*tbl_TubeLaser[[#This Row],['# of men Act]])- ( IF(AND(tbl_TubeLaser[[#This Row],[Start Time]]<=Data!$B$2+(Data!$B$2<tbl_TubeLaser[[#This Row],[Start Time]]),tbl_TubeLaser[[#This Row],[Start Time]]+MOD(tbl_TubeLaser[[#This Row],[End Time]]-tbl_TubeLaser[[#This Row],[Start Time]],1)>=Data!$C$2+(Data!$C$2<tbl_TubeLaser[[#This Row],[Start Time]])),0.5*tbl_TubeLaser[[#This Row],['# of men Act]],0) + IF(AND(tbl_TubeLaser[[#This Row],[Start Time]]<=Data!$B$3+(Data!$B$3<tbl_TubeLaser[[#This Row],[Start Time]]),tbl_TubeLaser[[#This Row],[Start Time]]+MOD(tbl_TubeLaser[[#This Row],[End Time]]-tbl_TubeLaser[[#This Row],[Start Time]],1)>=Data!$C$3+(Data!$C$3<tbl_TubeLaser[[#This Row],[Start Time]])),0.5*tbl_TubeLaser[[#This Row],['# of men Act]],0) ) -> 4.75 | V31: 0.5 | X31: =IFERROR((tbl_TubeLaser[[#This Row],[Adj. Total Hours]]+tbl_TubeLaser[[#This Row],[Est. Hours]])/(tbl_TubeLaser[[#This Row],[Total Hours Act]]+tbl_TubeLaser[[#This Row],[Act. Hours]]),"") -> 1.2842105 | Y31: =IF(AND(SUMIFS(tbl_TubeLaser[% Complete],tbl_TubeLaser[Job'#],tbl_TubeLaser[[#This Row],[Job'#]])>=1,COUNTIF(INDEX(tbl_TubeLaser[Job'#],1):tbl_TubeLaser[[#This Row],[Job'#]],tbl_TubeLaser[[#This Row],[Job'#]])=COUNTIF(tbl_TubeLaser[Job'#],tbl_TubeLaser[[#This Row],[Job'#]])),IFERROR((SUMIFS(tbl_TubeLaser[Adj. Total Hours],tbl_TubeLaser[Job'#],tbl_TubeLaser[[#This Row],[Job'#]])+SUMIFS(tbl_TubeLaser[Est. Hours],tbl_TubeLaser[Job'#],tbl_TubeLaser[[#This Row],[Job'#]]))/(SUMIFS(tbl_TubeLaser[Total Hours Act],tbl_TubeLaser[Job'#],tbl_TubeLaser[[#This Row],[Job'#]])+SUMIFS(tbl_TubeLaser[Act. Hours],tbl_TubeLaser[Job'#],tbl_TubeLaser[[#This Row],[Job'#]])),""),"") -> 1.2842105 | Z31: =IFERROR(tbl_TubeLaser[[#This Row],[Act. Mat. Qty]]-tbl_TubeLaser[[#This Row],[Adj. Mat. Qty]],"") -> -84 | AA31: =IF(AND(SUMIFS(tbl_TubeLaser[% Complete],tbl_TubeLaser[Job'#],tbl_TubeLaser[[#This Row],[Job'#]])>=1,COUNTIF(INDEX(tbl_TubeLaser[Job'#],1):tbl_TubeLaser[[#This Row],[Job'#]],tbl_TubeLaser[[#This Row],[Job'#]])=COUNTIF(tbl_TubeLaser[Job'#],tbl_TubeLaser[[#This Row],[Job'#]])),(SUMIFS(tbl_TubeLaser[Act. Mat. Qty],tbl_TubeLaser[Job'#],tbl_TubeLaser[[#This Row],[Job'#]]))-(SUMIFS(tbl_TubeLaser[Adj. Mat. Qty],tbl_TubeLaser[Job'#],tbl_TubeLaser[[#This Row],[Job'#]])),"") -> -84
A32: 46124 | B32: 152757-2-1 | C32: =IF(tbl_TubeLaser[[#This Row],[Part'#]]="", "Batch", "Part") -> Part | D32: 251353 | E32: 0.54305556 | F32: 0.58194444 | G32: 84 | H32: 24 | I32: =tbl_TubeLaser[[#This Row],[Qty Complete]]/tbl_TubeLaser[[#This Row],[Qty Required]] -> 0.28571429 | J32: 15 | K32: 1 | L32: =IF(tbl_TubeLaser[[#This Row],[Job Type]]="Batch",0,tbl_TubeLaser[[#This Row],[Qty Required]]/tbl_TubeLaser[[#This Row],[PPH]]*tbl_TubeLaser[[#This Row],['# of men]]) -> 5.6 | M32: =IF(tbl_TubeLaser[[#This Row],[Job Type]]="Batch",tbl_TubeLaser[[#This Row],[Batch Hours]]*tbl_TubeLaser[[#This Row],[% Complete]],tbl_TubeLaser[[#This Row],[Total hours]]*tbl_TubeLaser[[#This Row],[% Complete]]) -> 1.6 | O32: CSM-RT42316-24 | P32: =tbl_TubeLaser[[#This Row],[Mat. Qty]]*tbl_TubeLaser[[#This Row],[% Complete]] -> 6.8571429 | Q32: 24 | R32: =IFERROR(tbl_TubeLaser[[#This Row],[Qty Complete]]/tbl_TubeLaser[[#This Row],[Total Hours Act]]*tbl_TubeLaser[[#This Row],['# of men Act]],"") -> 25.714286 | S32: 1 | T32: =(MOD(tbl_TubeLaser[[#This Row],[End Time]]-tbl_TubeLaser[[#This Row],[Start Time]],1)*24*tbl_TubeLaser[[#This Row],['# of men Act]])- ( IF(AND(tbl_TubeLaser[[#This Row],[Start Time]]<=Data!$B$2+(Data!$B$2<tbl_TubeLaser[[#This Row],[Start Time]]),tbl_TubeLaser[[#This Row],[Start Time]]+MOD(tbl_TubeLaser[[#This Row],[End Time]]-tbl_TubeLaser[[#This Row],[Start Time]],1)>=Data!$C$2+(Data!$C$2<tbl_TubeLaser[[#This Row],[Start Time]])),0.5*tbl_TubeLaser[[#This Row],['# of men Act]],0) + IF(AND(tbl_TubeLaser[[#This Row],[Start Time]]<=Data!$B$3+(Data!$B$3<tbl_TubeLaser[[#This Row],[Start Time]]),tbl_TubeLaser[[#This Row],[Start Time]]+MOD(tbl_TubeLaser[[#This Row],[End Time]]-tbl_TubeLaser[[#This Row],[Start Time]],1)>=Data!$C$3+(Data!$C$3<tbl_TubeLaser[[#This Row],[Start Time]])),0.5*tbl_TubeLaser[[#This Row],['# of men Act]],0) ) -> 0.93333333 | X32: =IFERROR((tbl_TubeLaser[[#This Row],[Adj. Total Hours]]+tbl_TubeLaser[[#This Row],[Est. Hours]])/(tbl_TubeLaser[[#This Row],[Total Hours Act]]+tbl_TubeLaser[[#This Row],[Act. Hours]]),"") -> 1.7142857 | Y32: =IF(AND(SUMIFS(tbl_TubeLaser[% Complete],tbl_TubeLaser[Job'#],tbl_TubeLaser[[#This Row],[Job'#]])>=1,COUNTIF(INDEX(tbl_TubeLaser[Job'#],1):tbl_TubeLaser[[#This Row],[Job'#]],tbl_TubeLaser[[#This Row],[Job'#]])=COUNTIF(tbl_TubeLaser[Job'#],tbl_TubeLaser[[#This Row],[Job'#]])),IFERROR((SUMIFS(tbl_TubeLaser[Adj. Total Hours],tbl_TubeLaser[Job'#],tbl_TubeLaser[[#This Row],[Job'#]])+SUMIFS(tbl_TubeLaser[Est. Hours],tbl_TubeLaser[Job'#],tbl_TubeLaser[[#This Row],[Job'#]]))/(SUMIFS(tbl_TubeLaser[Total Hours Act],tbl_TubeLaser[Job'#],tbl_TubeLaser[[#This Row],[Job'#]])+SUMIFS(tbl_TubeLaser[Act. Hours],tbl_TubeLaser[Job'#],tbl_TubeLaser[[#This Row],[Job'#]])),""),"") | Z32: =IFERROR(tbl_TubeLaser[[#This Row],[Act. Mat. Qty]]-tbl_TubeLaser[[#This Row],[Adj. Mat. Qty]],"") -> -6.8571429 | AA32: =IF(AND(SUMIFS(tbl_TubeLaser[% Complete],tbl_TubeLaser[Job'#],tbl_TubeLaser[[#This Row],[Job'#]])>=1,COUNTIF(INDEX(tbl_TubeLaser[Job'#],1):tbl_TubeLaser[[#This Row],[Job'#]],tbl_TubeLaser[[#This Row],[Job'#]])=COUNTIF(tbl_TubeLaser[Job'#],tbl_TubeLaser[[#This Row],[Job'#]])),(SUMIFS(tbl_TubeLaser[Act. Mat. Qty],tbl_TubeLaser[Job'#],tbl_TubeLaser[[#This Row],[Job'#]]))-(SUMIFS(tbl_TubeLaser[Adj. Mat. Qty],tbl_TubeLaser[Job'#],tbl_TubeLaser[[#This Row],[Job'#]])),"")
A33: 46124 | B33: 152763-5-1 | C33: =IF(tbl_TubeLaser[[#This Row],[Part'#]]="", "Batch", "Part") -> Part | D33: 250618 | E33: 0.62569444 | F33: 0.675 | G33: 30 | H33: 30 | I33: =tbl_TubeLaser[[#This Row],[Qty Complete]]/tbl_TubeLaser[[#This Row],[Qty Required]] -> 1 | J33: 12 | K33: 1 | L33: =IF(tbl_TubeLaser[[#This Row],[Job Type]]="Batch",0,tbl_TubeLaser[[#This Row],[Qty Required]]/tbl_TubeLaser[[#This Row],[PPH]]*tbl_TubeLaser[[#This Row],['# of men]]) -> 2.5 | M33: =IF(tbl_TubeLaser[[#This Row],[Job Type]]="Batch",tbl_TubeLaser[[#This Row],[Batch Hours]]*tbl_TubeLaser[[#This Row],[% Complete]],tbl_TubeLaser[[#This Row],[Total hours]]*tbl_TubeLaser[[#This Row],[% Complete]]) -> 2.5 | O33: RT8311GA | P33: =tbl_TubeLaser[[#This Row],[Mat. Qty]]*tbl_TubeLaser[[#This Row],[% Complete]] -> 30 | Q33: 30 | R33: =IFERROR(tbl_TubeLaser[[#This Row],[Qty Complete]]/tbl_TubeLaser[[#This Row],[Total Hours Act]]*tbl_TubeLaser[[#This Row],['# of men Act]],"") -> 25.352113 | S33: 1 | T33: =(MOD(tbl_TubeLaser[[#This Row],[End Time]]-tbl_TubeLaser[[#This Row],[Start Time]],1)*24*tbl_TubeLaser[[#This Row],['# of men Act]])- ( IF(AND(tbl_TubeLaser[[#This Row],[Start Time]]<=Data!$B$2+(Data!$B$2<tbl_TubeLaser[[#This Row],[Start Time]]),tbl_TubeLaser[[#This Row],[Start Time]]+MOD(tbl_TubeLaser[[#This Row],[End Time]]-tbl_TubeLaser[[#This Row],[Start Time]],1)>=Data!$C$2+(Data!$C$2<tbl_TubeLaser[[#This Row],[Start Time]])),0.5*tbl_TubeLaser[[#This Row],['# of men Act]],0) + IF(AND(tbl_TubeLaser[[#This Row],[Start Time]]<=Data!$B$3+(Data!$B$3<tbl_TubeLaser[[#This Row],[Start Time]]),tbl_TubeLaser[[#This Row],[Start Time]]+MOD(tbl_TubeLaser[[#This Row],[End Time]]-tbl_TubeLaser[[#This Row],[Start Time]],1)>=Data!$C$3+(Data!$C$3<tbl_TubeLaser[[#This Row],[Start Time]])),0.5*tbl_TubeLaser[[#This Row],['# of men Act]],0) ) -> 1.1833333 | X33: =IFERROR((tbl_TubeLaser[[#This Row],[Adj. Total Hours]]+tbl_TubeLaser[[#This Row],[Est. Hours]])/(tbl_TubeLaser[[#This Row],[Total Hours Act]]+tbl_TubeLaser[[#This Row],[Act. Hours]]),"") -> 2.1126761 | Y33: =IF(AND(SUMIFS(tbl_TubeLaser[% Complete],tbl_TubeLaser[Job'#],tbl_TubeLaser[[#This Row],[Job'#]])>=1,COUNTIF(INDEX(tbl_TubeLaser[Job'#],1):tbl_TubeLaser[[#This Row],[Job'#]],tbl_TubeLaser[[#This Row],[Job'#]])=COUNTIF(tbl_TubeLaser[Job'#],tbl_TubeLaser[[#This Row],[Job'#]])),IFERROR((SUMIFS(tbl_TubeLaser[Adj. Total Hours],tbl_TubeLaser[Job'#],tbl_TubeLaser[[#This Row],[Job'#]])+SUMIFS(tbl_TubeLaser[Est. Hours],tbl_TubeLaser[Job'#],tbl_TubeLaser[[#This Row],[Job'#]]))/(SUMIFS(tbl_TubeLaser[Total Hours Act],tbl_TubeLaser[Job'#],tbl_TubeLaser[[#This Row],[Job'#]])+SUMIFS(tbl_TubeLaser[Act. Hours],tbl_TubeLaser[Job'#],tbl_TubeLaser[[#This Row],[Job'#]])),""),"") -> 2.1126761 | Z33: =IFERROR(tbl_TubeLaser[[#This Row],[Act. Mat. Qty]]-tbl_TubeLaser[[#This Row],[Adj. Mat. Qty]],"") -> -30 | AA33: =IF(AND(SUMIFS(tbl_TubeLaser[% Complete],tbl_TubeLaser[Job'#],tbl_TubeLaser[[#This Row],[Job'#]])>=1,COUNTIF(INDEX(tbl_TubeLaser[Job'#],1):tbl_TubeLaser[[#This Row],[Job'#]],tbl_TubeLaser[[#This Row],[Job'#]])=COUNTIF(tbl_TubeLaser[Job'#],tbl_TubeLaser[[#This Row],[Job'#]])),(SUMIFS(tbl_TubeLaser[Act. Mat. Qty],tbl_TubeLaser[Job'#],tbl_TubeLaser[[#This Row],[Job'#]]))-(SUMIFS(tbl_TubeLaser[Adj. Mat. Qty],tbl_TubeLaser[Job'#],tbl_TubeLaser[[#This Row],[Job'#]])),"") -> -30
A34: 46124 | B34: 152763-6-1 | C34: =IF(tbl_TubeLaser[[#This Row],[Part'#]]="", "Batch", "Part") -> Part | D34: 250590 | E34: 0.68472222 | F34: 0.70833333 | G34: 50 | H34: 2 | I34: =tbl_TubeLaser[[#This Row],[Qty Complete]]/tbl_TubeLaser[[#This Row],[Qty Required]] -> 0.04 | J34: 12 | L34: =IF(tbl_TubeLaser[[#This Row],[Job Type]]="Batch",0,tbl_TubeLaser[[#This Row],[Qty Required]]/tbl_TubeLaser[[#This Row],[PPH]]*tbl_TubeLaser[[#This Row],['# of men]]) -> 0 | M34: =IF(tbl_TubeLaser[[#This Row],[Job Type]]="Batch",tbl_TubeLaser[[#This Row],[Batch Hours]]*tbl_TubeLaser[[#This Row],[% Complete]],tbl_TubeLaser[[#This Row],[Total hours]]*tbl_TubeLaser[[#This Row],[% Complete]]) -> 0 | O34: RT8311GA | P34: =tbl_TubeLaser[[#This Row],[Mat. Qty]]*tbl_TubeLaser[[#This Row],[% Complete]] -> 0.08 | Q34: 2 | R34: =IFERROR(tbl_TubeLaser[[#This Row],[Qty Complete]]/tbl_TubeLaser[[#This Row],[Total Hours Act]]*tbl_TubeLaser[[#This Row],['# of men Act]],"") -> 3.5294118 | S34: 1 | T34: =(MOD(tbl_TubeLaser[[#This Row],[End Time]]-tbl_TubeLaser[[#This Row],[Start Time]],1)*24*tbl_TubeLaser[[#This Row],['# of men Act]])- ( IF(AND(tbl_TubeLaser[[#This Row],[Start Time]]<=Data!$B$2+(Data!$B$2<tbl_TubeLaser[[#This Row],[Start Time]]),tbl_TubeLaser[[#This Row],[Start Time]]+MOD(tbl_TubeLaser[[#This Row],[End Time]]-tbl_TubeLaser[[#This Row],[Start Time]],1)>=Data!$C$2+(Data!$C$2<tbl_TubeLaser[[#This Row],[Start Time]])),0.5*tbl_TubeLaser[[#This Row],['# of men Act]],0) + IF(AND(tbl_TubeLaser[[#This Row],[Start Time]]<=Data!$B$3+(Data!$B$3<tbl_TubeLaser[[#This Row],[Start Time]]),tbl_TubeLaser[[#This Row],[Start Time]]+MOD(tbl_TubeLaser[[#This Row],[End Time]]-tbl_TubeLaser[[#This Row],[Start Time]],1)>=Data!$C$3+(Data!$C$3<tbl_TubeLaser[[#This Row],[Start Time]])),0.5*tbl_TubeLaser[[#This Row],['# of men Act]],0) ) -> 0.56666667 | V34: 0.5 | X34: =IFERROR((tbl_TubeLaser[[#This Row],[Adj. Total Hours]]+tbl_TubeLaser[[#This Row],[Est. Hours]])/(tbl_TubeLaser[[#This Row],[Total Hours Act]]+tbl_TubeLaser[[#This Row],[Act. Hours]]),"") -> 0.88235294 | Y34: =IF(AND(SUMIFS(tbl_TubeLaser[% Complete],tbl_TubeLaser[Job'#],tbl_TubeLaser[[#This Row],[Job'#]])>=1,COUNTIF(INDEX(tbl_TubeLaser[Job'#],1):tbl_TubeLaser[[#This Row],[Job'#]],tbl_TubeLaser[[#This Row],[Job'#]])=COUNTIF(tbl_TubeLaser[Job'#],tbl_TubeLaser[[#This Row],[Job'#]])),IFERROR((SUMIFS(tbl_TubeLaser[Adj. Total Hours],tbl_TubeLaser[Job'#],tbl_TubeLaser[[#This Row],[Job'#]])+SUMIFS(tbl_TubeLaser[Est. Hours],tbl_TubeLaser[Job'#],tbl_TubeLaser[[#This Row],[Job'#]]))/(SUMIFS(tbl_TubeLaser[Total Hours Act],tbl_TubeLaser[Job'#],tbl_TubeLaser[[#This Row],[Job'#]])+SUMIFS(tbl_TubeLaser[Act. Hours],tbl_TubeLaser[Job'#],tbl_TubeLaser[[#This Row],[Job'#]])),""),"") | Z34: =IFERROR(tbl_TubeLaser[[#This Row],[Act. Mat. Qty]]-tbl_TubeLaser[[#This Row],[Adj. Mat. Qty]],"") -> -0.08 | AA34: =IF(AND(SUMIFS(tbl_TubeLaser[% Complete],tbl_TubeLaser[Job'#],tbl_TubeLaser[[#This Row],[Job'#]])>=1,COUNTIF(INDEX(tbl_TubeLaser[Job'#],1):tbl_TubeLaser[[#This Row],[Job'#]],tbl_TubeLaser[[#This Row],[Job'#]])=COUNTIF(tbl_TubeLaser[Job'#],tbl_TubeLaser[[#This Row],[Job'#]])),(SUMIFS(tbl_TubeLaser[Act. Mat. Qty],tbl_TubeLaser[Job'#],tbl_TubeLaser[[#This Row],[Job'#]]))-(SUMIFS(tbl_TubeLaser[Adj. Mat. Qty],tbl_TubeLaser[Job'#],tbl_TubeLaser[[#This Row],[Job'#]])),"")
A35: 46124 | B35: 143098 | C35: =IF(tbl_TubeLaser[[#This Row],[Part'#]]="", "Batch", "Part") -> Part | D35: NAS100003019 | E35: 0.20694444 | F35: 0.62361111 | G35: 80 | H35: 44 | I35: =tbl_TubeLaser[[#This Row],[Qty Complete]]/tbl_TubeLaser[[#This Row],[Qty Required]] -> 0.55 | J35: 24 | K35: 1 | L35: =IF(tbl_TubeLaser[[#This Row],[Job Type]]="Batch",0,tbl_TubeLaser[[#This Row],[Qty Required]]/tbl_TubeLaser[[#This Row],[PPH]]*tbl_TubeLaser[[#This Row],['# of men]]) -> 3.3333333 | M35: =IF(tbl_TubeLaser[[#This Row],[Job Type]]="Batch",tbl_TubeLaser[[#This Row],[Batch Hours]]*tbl_TubeLaser[[#This Row],[% Complete]],tbl_TubeLaser[[#This Row],[Total hours]]*tbl_TubeLaser[[#This Row],[% Complete]]) -> 1.8333333 | O35: RT6211GA | P35: =tbl_TubeLaser[[#This Row],[Mat. Qty]]*tbl_TubeLaser[[#This Row],[% Complete]] -> 22 | Q35: 40 | R35: =IFERROR(tbl_TubeLaser[[#This Row],[Qty Complete]]/tbl_TubeLaser[[#This Row],[Total Hours Act]]*tbl_TubeLaser[[#This Row],['# of men Act]],"") -> 4.6315789 | S35: 1 | T35: =(MOD(tbl_TubeLaser[[#This Row],[End Time]]-tbl_TubeLaser[[#This Row],[Start Time]],1)*24*tbl_TubeLaser[[#This Row],['# of men Act]])- ( IF(AND(tbl_TubeLaser[[#This Row],[Start Time]]<=Data!$B$2+(Data!$B$2<tbl_TubeLaser[[#This Row],[Start Time]]),tbl_TubeLaser[[#This Row],[Start Time]]+MOD(tbl_TubeLaser[[#This Row],[End Time]]-tbl_TubeLaser[[#This Row],[Start Time]],1)>=Data!$C$2+(Data!$C$2<tbl_TubeLaser[[#This Row],[Start Time]])),0.5*tbl_TubeLaser[[#This Row],['# of men Act]],0) + IF(AND(tbl_TubeLaser[[#This Row],[Start Time]]<=Data!$B$3+(Data!$B$3<tbl_TubeLaser[[#This Row],[Start Time]]),tbl_TubeLaser[[#This Row],[Start Time]]+MOD(tbl_TubeLaser[[#This Row],[End Time]]-tbl_TubeLaser[[#This Row],[Start Time]],1)>=Data!$C$3+(Data!$C$3<tbl_TubeLaser[[#This Row],[Start Time]])),0.5*tbl_TubeLaser[[#This Row],['# of men Act]],0) ) -> 9.5 | V35: 0.5 | X35: =IFERROR((tbl_TubeLaser[[#This Row],[Adj. Total Hours]]+tbl_TubeLaser[[#This Row],[Est. Hours]])/(tbl_TubeLaser[[#This Row],[Total Hours Act]]+tbl_TubeLaser[[#This Row],[Act. Hours]]),"") -> 0.24561404 | Y35: =IF(AND(SUMIFS(tbl_TubeLaser[% Complete],tbl_TubeLaser[Job'#],tbl_TubeLaser[[#This Row],[Job'#]])>=1,COUNTIF(INDEX(tbl_TubeLaser[Job'#],1):tbl_TubeLaser[[#This Row],[Job'#]],tbl_TubeLaser[[#This Row],[Job'#]])=COUNTIF(tbl_TubeLaser[Job'#],tbl_TubeLaser[[#This Row],[Job'#]])),IFERROR((SUMIFS(tbl_TubeLaser[Adj. Total Hours],tbl_TubeLaser[Job'#],tbl_TubeLaser[[#This Row],[Job'#]])+SUMIFS(tbl_TubeLaser[Est. Hours],tbl_TubeLaser[Job'#],tbl_TubeLaser[[#This Row],[Job'#]]))/(SUMIFS(tbl_TubeLaser[Total Hours Act],tbl_TubeLaser[Job'#],tbl_TubeLaser[[#This Row],[Job'#]])+SUMIFS(tbl_TubeLaser[Act. Hours],tbl_TubeLaser[Job'#],tbl_TubeLaser[[#This Row],[Job'#]])),""),"") | Z35: =IFERROR(tbl_TubeLaser[[#This Row],[Act. Mat. Qty]]-tbl_TubeLaser[[#This Row],[Adj. Mat. Qty]],"") -> -22 | AA35: =IF(AND(SUMIFS(tbl_TubeLaser[% Complete],tbl_TubeLaser[Job'#],tbl_TubeLaser[[#This Row],[Job'#]])>=1,COUNTIF(INDEX(tbl_TubeLaser[Job'#],1):tbl_TubeLaser[[#This Row],[Job'#]],tbl_TubeLaser[[#This Row],[Job'#]])=COUNTIF(tbl_TubeLaser[Job'#],tbl_TubeLaser[[#This Row],[Job'#]])),(SUMIFS(tbl_TubeLaser[Act. Mat. Qty],tbl_TubeLaser[Job'#],tbl_TubeLaser[[#This Row],[Job'#]]))-(SUMIFS(tbl_TubeLaser[Adj. Mat. Qty],tbl_TubeLaser[Job'#],tbl_TubeLaser[[#This Row],[Job'#]])),"") | AB35: Ran with job above then pulled off due to hot parts of other jobs
A36: 46124 | B36: 143220 | C36: =IF(tbl_TubeLaser[[#This Row],[Part'#]]="", "Batch", "Part") -> Part | D36: NAS10000060 | E36: 0.46736111 | F36: 0.55277778 | G36: 48 | H36: 40 | I36: =tbl_TubeLaser[[#This Row],[Qty Complete]]/tbl_TubeLaser[[#This Row],[Qty Required]] -> 0.83333333 | J36: 24 | K36: 1 | L36: =IF(tbl_TubeLaser[[#This Row],[Job Type]]="Batch",0,tbl_TubeLaser[[#This Row],[Qty Required]]/tbl_TubeLaser[[#This Row],[PPH]]*tbl_TubeLaser[[#This Row],['# of men]]) -> 2 | M36: =IF(tbl_TubeLaser[[#This Row],[Job Type]]="Batch",tbl_TubeLaser[[#This Row],[Batch Hours]]*tbl_TubeLaser[[#This Row],[% Complete]],tbl_TubeLaser[[#This Row],[Total hours]]*tbl_TubeLaser[[#This Row],[% Complete]]) -> 1.6666667 | O36: RT6211GA | P36: =tbl_TubeLaser[[#This Row],[Mat. Qty]]*tbl_TubeLaser[[#This Row],[% Complete]] -> 33.333333 | Q36: 40 | R36: =IFERROR(tbl_TubeLaser[[#This Row],[Qty Complete]]/tbl_TubeLaser[[#This Row],[Total Hours Act]]*tbl_TubeLaser[[#This Row],['# of men Act]],"") -> 25.806452 | S36: 1 | T36: =(MOD(tbl_TubeLaser[[#This Row],[End Time]]-tbl_TubeLaser[[#This Row],[Start Time]],1)*24*tbl_TubeLaser[[#This Row],['# of men Act]])- ( IF(AND(tbl_TubeLaser[[#This Row],[Start Time]]<=Data!$B$2+(Data!$B$2<tbl_TubeLaser[[#This Row],[Start Time]]),tbl_TubeLaser[[#This Row],[Start Time]]+MOD(tbl_TubeLaser[[#This Row],[End Time]]-tbl_TubeLaser[[#This Row],[Start Time]],1)>=Data!$C$2+(Data!$C$2<tbl_TubeLaser[[#This Row],[Start Time]])),0.5*tbl_TubeLaser[[#This Row],['# of men Act]],0) + IF(AND(tbl_TubeLaser[[#This Row],[Start Time]]<=Data!$B$3+(Data!$B$3<tbl_TubeLaser[[#This Row],[Start Time]]),tbl_TubeLaser[[#This Row],[Start Time]]+MOD(tbl_TubeLaser[[#This Row],[End Time]]-tbl_TubeLaser[[#This Row],[Start Time]],1)>=Data!$C$3+(Data!$C$3<tbl_TubeLaser[[#This Row],[Start Time]])),0.5*tbl_TubeLaser[[#This Row],['# of men Act]],0) ) -> 1.55 | X36: =IFERROR((tbl_TubeLaser[[#This Row],[Adj. Total Hours]]+tbl_TubeLaser[[#This Row],[Est. Hours]])/(tbl_TubeLaser[[#This Row],[Total Hours Act]]+tbl_TubeLaser[[#This Row],[Act. Hours]]),"") -> 1.0752688 | Y36: =IF(AND(SUMIFS(tbl_TubeLaser[% Complete],tbl_TubeLaser[Job'#],tbl_TubeLaser[[#This Row],[Job'#]])>=1,COUNTIF(INDEX(tbl_TubeLaser[Job'#],1):tbl_TubeLaser[[#This Row],[Job'#]],tbl_TubeLaser[[#This Row],[Job'#]])=COUNTIF(tbl_TubeLaser[Job'#],tbl_TubeLaser[[#This Row],[Job'#]])),IFERROR((SUMIFS(tbl_TubeLaser[Adj. Total Hours],tbl_TubeLaser[Job'#],tbl_TubeLaser[[#This Row],[Job'#]])+SUMIFS(tbl_TubeLaser[Est. Hours],tbl_TubeLaser[Job'#],tbl_TubeLaser[[#This Row],[Job'#]]))/(SUMIFS(tbl_TubeLaser[Total Hours Act],tbl_TubeLaser[Job'#],tbl_TubeLaser[[#This Row],[Job'#]])+SUMIFS(tbl_TubeLaser[Act. Hours],tbl_TubeLaser[Job'#],tbl_TubeLaser[[#This Row],[Job'#]])),""),"") | Z36: =IFERROR(tbl_TubeLaser[[#This Row],[Act. Mat. Qty]]-tbl_TubeLaser[[#This Row],[Adj. Mat. Qty]],"") -> -33.333333 | AA36: =IF(AND(SUMIFS(tbl_TubeLaser[% Complete],tbl_TubeLaser[Job'#],tbl_TubeLaser[[#This Row],[Job'#]])>=1,COUNTIF(INDEX(tbl_TubeLaser[Job'#],1):tbl_TubeLaser[[#This Row],[Job'#]],tbl_TubeLaser[[#This Row],[Job'#]])=COUNTIF(tbl_TubeLaser[Job'#],tbl_TubeLaser[[#This Row],[Job'#]])),(SUMIFS(tbl_TubeLaser[Act. Mat. Qty],tbl_TubeLaser[Job'#],tbl_TubeLaser[[#This Row],[Job'#]]))-(SUMIFS(tbl_TubeLaser[Adj. Mat. Qty],tbl_TubeLaser[Job'#],tbl_TubeLaser[[#This Row],[Job'#]])),"")
A37: 46124 | B37: 143221 | C37: =IF(tbl_TubeLaser[[#This Row],[Part'#]]="", "Batch", "Part") -> Part | D37: NAS10000061 | E37: 0.67083333 | F37: 0.67777778 | G37: 33 | H37: 4 | I37: =tbl_TubeLaser[[#This Row],[Qty Complete]]/tbl_TubeLaser[[#This Row],[Qty Required]] -> 0.12121212 | J37: 24 | K37: 1 | L37: =IF(tbl_TubeLaser[[#This Row],[Job Type]]="Batch",0,tbl_TubeLaser[[#This Row],[Qty Required]]/tbl_TubeLaser[[#This Row],[PPH]]*tbl_TubeLaser[[#This Row],['# of men]]) -> 1.375 | M37: =IF(tbl_TubeLaser[[#This Row],[Job Type]]="Batch",tbl_TubeLaser[[#This Row],[Batch Hours]]*tbl_TubeLaser[[#This Row],[% Complete]],tbl_TubeLaser[[#This Row],[Total hours]]*tbl_TubeLaser[[#This Row],[% Complete]]) -> 0.16666667 | O37: RT6211GA | P37: =tbl_TubeLaser[[#This Row],[Mat. Qty]]*tbl_TubeLaser[[#This Row],[% Complete]] -> 0.48484848 | Q37: 4 | R37: =IFERROR(tbl_TubeLaser[[#This Row],[Qty Complete]]/tbl_TubeLaser[[#This Row],[Total Hours Act]]*tbl_TubeLaser[[#This Row],['# of men Act]],"") -> 24 | S37: 1 | T37: =(MOD(tbl_TubeLaser[[#This Row],[End Time]]-tbl_TubeLaser[[#This Row],[Start Time]],1)*24*tbl_TubeLaser[[#This Row],['# of men Act]])- ( IF(AND(tbl_TubeLaser[[#This Row],[Start Time]]<=Data!$B$2+(Data!$B$2<tbl_TubeLaser[[#This Row],[Start Time]]),tbl_TubeLaser[[#This Row],[Start Time]]+MOD(tbl_TubeLaser[[#This Row],[End Time]]-tbl_TubeLaser[[#This Row],[Start Time]],1)>=Data!$C$2+(Data!$C$2<tbl_TubeLaser[[#This Row],[Start Time]])),0.5*tbl_TubeLaser[[#This Row],['# of men Act]],0) + IF(AND(tbl_TubeLaser[[#This Row],[Start Time]]<=Data!$B$3+(Data!$B$3<tbl_TubeLaser[[#This Row],[Start Time]]),tbl_TubeLaser[[#This Row],[Start Time]]+MOD(tbl_TubeLaser[[#This Row],[End Time]]-tbl_TubeLaser[[#This Row],[Start Time]],1)>=Data!$C$3+(Data!$C$3<tbl_TubeLaser[[#This Row],[Start Time]])),0.5*tbl_TubeLaser[[#This Row],['# of men Act]],0) ) -> 0.16666667 | X37: =IFERROR((tbl_TubeLaser[[#This Row],[Adj. Total Hours]]+tbl_TubeLaser[[#This Row],[Est. Hours]])/(tbl_TubeLaser[[#This Row],[Total Hours Act]]+tbl_TubeLaser[[#This Row],[Act. Hours]]),"") -> 1 | Y37: =IF(AND(SUMIFS(tbl_TubeLaser[% Complete],tbl_TubeLaser[Job'#],tbl_TubeLaser[[#This Row],[Job'#]])>=1,COUNTIF(INDEX(tbl_TubeLaser[Job'#],1):tbl_TubeLaser[[#This Row],[Job'#]],tbl_TubeLaser[[#This Row],[Job'#]])=COUNTIF(tbl_TubeLaser[Job'#],tbl_TubeLaser[[#This Row],[Job'#]])),IFERROR((SUMIFS(tbl_TubeLaser[Adj. Total Hours],tbl_TubeLaser[Job'#],tbl_TubeLaser[[#This Row],[Job'#]])+SUMIFS(tbl_TubeLaser[Est. Hours],tbl_TubeLaser[Job'#],tbl_TubeLaser[[#This Row],[Job'#]]))/(SUMIFS(tbl_TubeLaser[Total Hours Act],tbl_TubeLaser[Job'#],tbl_TubeLaser[[#This Row],[Job'#]])+SUMIFS(tbl_TubeLaser[Act. Hours],tbl_TubeLaser[Job'#],tbl_TubeLaser[[#This Row],[Job'#]])),""),"") | Z37: =IFERROR(tbl_TubeLaser[[#This Row],[Act. Mat. Qty]]-tbl_TubeLaser[[#This Row],[Adj. Mat. Qty]],"") -> -0.48484848 | AA37: =IF(AND(SUMIFS(tbl_TubeLaser[% Complete],tbl_TubeLaser[Job'#],tbl_TubeLaser[[#This Row],[Job'#]])>=1,COUNTIF(INDEX(tbl_TubeLaser[Job'#],1):tbl_TubeLaser[[#This Row],[Job'#]],tbl_TubeLaser[[#This Row],[Job'#]])=COUNTIF(tbl_TubeLaser[Job'#],tbl_TubeLaser[[#This Row],[Job'#]])),(SUMIFS(tbl_TubeLaser[Act. Mat. Qty],tbl_TubeLaser[Job'#],tbl_TubeLaser[[#This Row],[Job'#]]))-(SUMIFS(tbl_TubeLaser[Adj. Mat. Qty],tbl_TubeLaser[Job'#],tbl_TubeLaser[[#This Row],[Job'#]])),"")
A38: 46123 | B38: 143156 | C38: =IF(tbl_TubeLaser[[#This Row],[Part'#]]="", "Batch", "Part") -> Part | D38: NAS100007289 | E38: 0.70833333 | F38: 0.88263889 | G38: 259 | H38: 132 | I38: =tbl_TubeLaser[[#This Row],[Qty Complete]]/tbl_TubeLaser[[#This Row],[Qty Required]] -> 0.50965251 | J38: 36 | K38: 1 | L38: =IF(tbl_TubeLaser[[#This Row],[Job Type]]="Batch",0,tbl_TubeLaser[[#This Row],[Qty Required]]/tbl_TubeLaser[[#This Row],[PPH]]*tbl_TubeLaser[[#This Row],['# of men]]) -> 7.1944444 | M38: =IF(tbl_TubeLaser[[#This Row],[Job Type]]="Batch",tbl_TubeLaser[[#This Row],[Batch Hours]]*tbl_TubeLaser[[#This Row],[% Complete]],tbl_TubeLaser[[#This Row],[Total hours]]*tbl_TubeLaser[[#This Row],[% Complete]]) -> 3.6666667 | O38: CH454-20 | P38: =tbl_TubeLaser[[#This Row],[Mat. Qty]]*tbl_TubeLaser[[#This Row],[% Complete]] -> 18.857143 | Q38: 37 | R38: =IFERROR(tbl_TubeLaser[[#This Row],[Qty Complete]]/tbl_TubeLaser[[#This Row],[Total Hours Act]]*tbl_TubeLaser[[#This Row],['# of men Act]],"") -> 31.553785 | S38: 1 | T38: =(MOD(tbl_TubeLaser[[#This Row],[End Time]]-tbl_TubeLaser[[#This Row],[Start Time]],1)*24*tbl_TubeLaser[[#This Row],['# of men Act]])- ( IF(AND(tbl_TubeLaser[[#This Row],[Start Time]]<=Data!$B$2+(Data!$B$2<tbl_TubeLaser[[#This Row],[Start Time]]),tbl_TubeLaser[[#This Row],[Start Time]]+MOD(tbl_TubeLaser[[#This Row],[End Time]]-tbl_TubeLaser[[#This Row],[Start Time]],1)>=Data!$C$2+(Data!$C$2<tbl_TubeLaser[[#This Row],[Start Time]])),0.5*tbl_TubeLaser[[#This Row],['# of men Act]],0) + IF(AND(tbl_TubeLaser[[#This Row],[Start Time]]<=Data!$B$3+(Data!$B$3<tbl_TubeLaser[[#This Row],[Start Time]]),tbl_TubeLaser[[#This Row],[Start Time]]+MOD(tbl_TubeLaser[[#This Row],[End Time]]-tbl_TubeLaser[[#This Row],[Start Time]],1)>=Data!$C$3+(Data!$C$3<tbl_TubeLaser[[#This Row],[Start Time]])),0.5*tbl_TubeLaser[[#This Row],['# of men Act]],0) ) -> 4.1833333 | X38: =IFERROR((tbl_TubeLaser[[#This Row],[Adj. Total Hours]]+tbl_TubeLaser[[#This Row],[Est. Hours]])/(tbl_TubeLaser[[#This Row],[Total Hours Act]]+tbl_TubeLaser[[#This Row],[Act. Hours]]),"") -> 0.87649402 | Y38: =IF(AND(SUMIFS(tbl_TubeLaser[% Complete],tbl_TubeLaser[Job'#],tbl_TubeLaser[[#This Row],[Job'#]])>=1,COUNTIF(INDEX(tbl_TubeLaser[Job'#],1):tbl_TubeLaser[[#This Row],[Job'#]],tbl_TubeLaser[[#This Row],[Job'#]])=COUNTIF(tbl_TubeLaser[Job'#],tbl_TubeLaser[[#This Row],[Job'#]])),IFERROR((SUMIFS(tbl_TubeLaser[Adj. Total Hours],tbl_TubeLaser[Job'#],tbl_TubeLaser[[#This Row],[Job'#]])+SUMIFS(tbl_TubeLaser[Est. Hours],tbl_TubeLaser[Job'#],tbl_TubeLaser[[#This Row],[Job'#]]))/(SUMIFS(tbl_TubeLaser[Total Hours Act],tbl_TubeLaser[Job'#],tbl_TubeLaser[[#This Row],[Job'#]])+SUMIFS(tbl_TubeLaser[Act. Hours],tbl_TubeLaser[Job'#],tbl_TubeLaser[[#This Row],[Job'#]])),""),"") | Z38: =IFERROR(tbl_TubeLaser[[#This Row],[Act. Mat. Qty]]-tbl_TubeLaser[[#This Row],[Adj. Mat. Qty]],"") -> -18.857143 | AA38: =IF(AND(SUMIFS(tbl_TubeLaser[% Complete],tbl_TubeLaser[Job'#],tbl_TubeLaser[[#This Row],[Job'#]])>=1,COUNTIF(INDEX(tbl_TubeLaser[Job'#],1):tbl_TubeLaser[[#This Row],[Job'#]],tbl_TubeLaser[[#This Row],[Job'#]])=COUNTIF(tbl_TubeLaser[Job'#],tbl_TubeLaser[[#This Row],[Job'#]])),(SUMIFS(tbl_TubeLaser[Act. Mat. Qty],tbl_TubeLaser[Job'#],tbl_TubeLaser[[#This Row],[Job'#]]))-(SUMIFS(tbl_TubeLaser[Adj. Mat. Qty],tbl_TubeLaser[Job'#],tbl_TubeLaser[[#This Row],[Job'#]])),"") | AB38: had to adjust cut was not dropping parts at first | AC38: Greland Crutchfield
A39: 46123 | B39: 143065 | C39: =IF(tbl_TubeLaser[[#This Row],[Part'#]]="", "Batch", "Part") -> Part | D39: NAS100029927 | E39: 0.97222222 | F39: 0 | G39: 6 | H39: 6 | I39: =tbl_TubeLaser[[#This Row],[Qty Complete]]/tbl_TubeLaser[[#This Row],[Qty Required]] -> 1 | J39: 20 | K39: 1 | L39: =IF(tbl_TubeLaser[[#This Row],[Job Type]]="Batch",0,tbl_TubeLaser[[#This Row],[Qty Required]]/tbl_TubeLaser[[#This Row],[PPH]]*tbl_TubeLaser[[#This Row],['# of men]]) -> 0.3 | M39: =IF(tbl_TubeLaser[[#This Row],[Job Type]]="Batch",tbl_TubeLaser[[#This Row],[Batch Hours]]*tbl_TubeLaser[[#This Row],[% Complete]],tbl_TubeLaser[[#This Row],[Total hours]]*tbl_TubeLaser[[#This Row],[% Complete]]) -> 0.3 | O39: RT5211GA-330 | P39: =tbl_TubeLaser[[#This Row],[Mat. Qty]]*tbl_TubeLaser[[#This Row],[% Complete]] -> 6 | Q39: 6 | R39: =IFERROR(tbl_TubeLaser[[#This Row],[Qty Complete]]/tbl_TubeLaser[[#This Row],[Total Hours Act]]*tbl_TubeLaser[[#This Row],['# of men Act]],"") -> 9 | S39: 1 | T39: =(MOD(tbl_TubeLaser[[#This Row],[End Time]]-tbl_TubeLaser[[#This Row],[Start Time]],1)*24*tbl_TubeLaser[[#This Row],['# of men Act]])- ( IF(AND(tbl_TubeLaser[[#This Row],[Start Time]]<=Data!$B$2+(Data!$B$2<tbl_TubeLaser[[#This Row],[Start Time]]),tbl_TubeLaser[[#This Row],[Start Time]]+MOD(tbl_TubeLaser[[#This Row],[End Time]]-tbl_TubeLaser[[#This Row],[Start Time]],1)>=Data!$C$2+(Data!$C$2<tbl_TubeLaser[[#This Row],[Start Time]])),0.5*tbl_TubeLaser[[#This Row],['# of men Act]],0) + IF(AND(tbl_TubeLaser[[#This Row],[Start Time]]<=Data!$B$3+(Data!$B$3<tbl_TubeLaser[[#This Row],[Start Time]]),tbl_TubeLaser[[#This Row],[Start Time]]+MOD(tbl_TubeLaser[[#This Row],[End Time]]-tbl_TubeLaser[[#This Row],[Start Time]],1)>=Data!$C$3+(Data!$C$3<tbl_TubeLaser[[#This Row],[Start Time]])),0.5*tbl_TubeLaser[[#This Row],['# of men Act]],0) ) -> 0.66666667 | V39: 0.5 | W39: 0.5 | X39: =IFERROR((tbl_TubeLaser[[#This Row],[Adj. Total Hours]]+tbl_TubeLaser[[#This Row],[Est. Hours]])/(tbl_TubeLaser[[#This Row],[Total Hours Act]]+tbl_TubeLaser[[#This Row],[Act. Hours]]),"") -> 0.68571429 | Y39: =IF(AND(SUMIFS(tbl_TubeLaser[% Complete],tbl_TubeLaser[Job'#],tbl_TubeLaser[[#This Row],[Job'#]])>=1,COUNTIF(INDEX(tbl_TubeLaser[Job'#],1):tbl_TubeLaser[[#This Row],[Job'#]],tbl_TubeLaser[[#This Row],[Job'#]])=COUNTIF(tbl_TubeLaser[Job'#],tbl_TubeLaser[[#This Row],[Job'#]])),IFERROR((SUMIFS(tbl_TubeLaser[Adj. Total Hours],tbl_TubeLaser[Job'#],tbl_TubeLaser[[#This Row],[Job'#]])+SUMIFS(tbl_TubeLaser[Est. Hours],tbl_TubeLaser[Job'#],tbl_TubeLaser[[#This Row],[Job'#]]))/(SUMIFS(tbl_TubeLaser[Total Hours Act],tbl_TubeLaser[Job'#],tbl_TubeLaser[[#This Row],[Job'#]])+SUMIFS(tbl_TubeLaser[Act. Hours],tbl_TubeLaser[Job'#],tbl_TubeLaser[[#This Row],[Job'#]])),""),"") -> 0.68571429 | Z39: =IFERROR(tbl_TubeLaser[[#This Row],[Act. Mat. Qty]]-tbl_TubeLaser[[#This Row],[Adj. Mat. Qty]],"") -> -6 | AA39: =IF(AND(SUMIFS(tbl_TubeLaser[% Complete],tbl_TubeLaser[Job'#],tbl_TubeLaser[[#This Row],[Job'#]])>=1,COUNTIF(INDEX(tbl_TubeLaser[Job'#],1):tbl_TubeLaser[[#This Row],[Job'#]],tbl_TubeLaser[[#This Row],[Job'#]])=COUNTIF(tbl_TubeLaser[Job'#],tbl_TubeLaser[[#This Row],[Job'#]])),(SUMIFS(tbl_TubeLaser[Act. Mat. Qty],tbl_TubeLaser[Job'#],tbl_TubeLaser[[#This Row],[Job'#]]))-(SUMIFS(tbl_TubeLaser[Adj. Mat. Qty],tbl_TubeLaser[Job'#],tbl_TubeLaser[[#This Row],[Job'#]])),"") -> -6 | AC39: Greland Crutchfield
A40: 46124 | B40: 143098 | C40: =IF(tbl_TubeLaser[[#This Row],[Part'#]]="", "Batch", "Part") -> Part | D40: NAS100003019 | E40: 0.00069444444 | F40: 0.10416667 | G40: 80 | H40: 8 | I40: =tbl_TubeLaser[[#This Row],[Qty Complete]]/tbl_TubeLaser[[#This Row],[Qty Required]] -> 0.1 | J40: 24 | K40: 1 | L40: =IF(tbl_TubeLaser[[#This Row],[Job Type]]="Batch",0,tbl_TubeLaser[[#This Row],[Qty Required]]/tbl_TubeLaser[[#This Row],[PPH]]*tbl_TubeLaser[[#This Row],['# of men]]) -> 3.3333333 | M40: =IF(tbl_TubeLaser[[#This Row],[Job Type]]="Batch",tbl_TubeLaser[[#This Row],[Batch Hours]]*tbl_TubeLaser[[#This Row],[% Complete]],tbl_TubeLaser[[#This Row],[Total hours]]*tbl_TubeLaser[[#This Row],[% Complete]]) -> 0.33333333 | O40: RT6211GA-330 | P40: =tbl_TubeLaser[[#This Row],[Mat. Qty]]*tbl_TubeLaser[[#This Row],[% Complete]] -> 8 | Q40: 80 | R40: =IFERROR(tbl_TubeLaser[[#This Row],[Qty Complete]]/tbl_TubeLaser[[#This Row],[Total Hours Act]]*tbl_TubeLaser[[#This Row],['# of men Act]],"") -> 4.0336134 | S40: 1 | T40: =(MOD(tbl_TubeLaser[[#This Row],[End Time]]-tbl_TubeLaser[[#This Row],[Start Time]],1)*24*tbl_TubeLaser[[#This Row],['# of men Act]])- ( IF(AND(tbl_TubeLaser[[#This Row],[Start Time]]<=Data!$B$2+(Data!$B$2<tbl_TubeLaser[[#This Row],[Start Time]]),tbl_TubeLaser[[#This Row],[Start Time]]+MOD(tbl_TubeLaser[[#This Row],[End Time]]-tbl_TubeLaser[[#This Row],[Start Time]],1)>=Data!$C$2+(Data!$C$2<tbl_TubeLaser[[#This Row],[Start Time]])),0.5*tbl_TubeLaser[[#This Row],['# of men Act]],0) + IF(AND(tbl_TubeLaser[[#This Row],[Start Time]]<=Data!$B$3+(Data!$B$3<tbl_TubeLaser[[#This Row],[Start Time]]),tbl_TubeLaser[[#This Row],[Start Time]]+MOD(tbl_TubeLaser[[#This Row],[End Time]]-tbl_TubeLaser[[#This Row],[Start Time]],1)>=Data!$C$3+(Data!$C$3<tbl_TubeLaser[[#This Row],[Start Time]])),0.5*tbl_TubeLaser[[#This Row],['# of men Act]],0) ) -> 1.9833333 | V40: 0.5 | X40: =IFERROR((tbl_TubeLaser[[#This Row],[Adj. Total Hours]]+tbl_TubeLaser[[#This Row],[Est. Hours]])/(tbl_TubeLaser[[#This Row],[Total Hours Act]]+tbl_TubeLaser[[#This Row],[Act. Hours]]),"") -> 0.42016807 | Y40: =IF(AND(SUMIFS(tbl_TubeLaser[% Complete],tbl_TubeLaser[Job'#],tbl_TubeLaser[[#This Row],[Job'#]])>=1,COUNTIF(INDEX(tbl_TubeLaser[Job'#],1):tbl_TubeLaser[[#This Row],[Job'#]],tbl_TubeLaser[[#This Row],[Job'#]])=COUNTIF(tbl_TubeLaser[Job'#],tbl_TubeLaser[[#This Row],[Job'#]])),IFERROR((SUMIFS(tbl_TubeLaser[Adj. Total Hours],tbl_TubeLaser[Job'#],tbl_TubeLaser[[#This Row],[Job'#]])+SUMIFS(tbl_TubeLaser[Est. Hours],tbl_TubeLaser[Job'#],tbl_TubeLaser[[#This Row],[Job'#]]))/(SUMIFS(tbl_TubeLaser[Total Hours Act],tbl_TubeLaser[Job'#],tbl_TubeLaser[[#This Row],[Job'#]])+SUMIFS(tbl_TubeLaser[Act. Hours],tbl_TubeLaser[Job'#],tbl_TubeLaser[[#This Row],[Job'#]])),""),"") | Z40: =IFERROR(tbl_TubeLaser[[#This Row],[Act. Mat. Qty]]-tbl_TubeLaser[[#This Row],[Adj. Mat. Qty]],"") -> -8 | AA40: =IF(AND(SUMIFS(tbl_TubeLaser[% Complete],tbl_TubeLaser[Job'#],tbl_TubeLaser[[#This Row],[Job'#]])>=1,COUNTIF(INDEX(tbl_TubeLaser[Job'#],1):tbl_TubeLaser[[#This Row],[Job'#]],tbl_TubeLaser[[#This Row],[Job'#]])=COUNTIF(tbl_TubeLaser[Job'#],tbl_TubeLaser[[#This Row],[Job'#]])),(SUMIFS(tbl_TubeLaser[Act. Mat. Qty],tbl_TubeLaser[Job'#],tbl_TubeLaser[[#This Row],[Job'#]]))-(SUMIFS(tbl_TubeLaser[Adj. Mat. Qty],tbl_TubeLaser[Job'#],tbl_TubeLaser[[#This Row],[Job'#]])),"") | AB40: ran together with job below also both jobs had diffrent nozzles and took about 1.5 hours to figure out how to reprogram them | AC40: Greland Crutchfield
A41: 46124 | B41: 143220 | C41: =IF(tbl_TubeLaser[[#This Row],[Part'#]]="", "Batch", "Part") -> Part | D41: NAS100000060 | E41: 0.10416667 | F41: 0.20833333 | G41: 48 | H41: 8 | I41: =tbl_TubeLaser[[#This Row],[Qty Complete]]/tbl_TubeLaser[[#This Row],[Qty Required]] -> 0.16666667 | J41: 24 | K41: 1 | L41: =IF(tbl_TubeLaser[[#This Row],[Job Type]]="Batch",0,tbl_TubeLaser[[#This Row],[Qty Required]]/tbl_TubeLaser[[#This Row],[PPH]]*tbl_TubeLaser[[#This Row],['# of men]]) -> 2 | M41: =IF(tbl_TubeLaser[[#This Row],[Job Type]]="Batch",tbl_TubeLaser[[#This Row],[Batch Hours]]*tbl_TubeLaser[[#This Row],[% Complete]],tbl_TubeLaser[[#This Row],[Total hours]]*tbl_TubeLaser[[#This Row],[% Complete]]) -> 0.33333333 | O41: RT6211GA-330 | P41: =tbl_TubeLaser[[#This Row],[Mat. Qty]]*tbl_TubeLaser[[#This Row],[% Complete]] -> 4 | Q41: 24 | R41: =IFERROR(tbl_TubeLaser[[#This Row],[Qty Complete]]/tbl_TubeLaser[[#This Row],[Total Hours Act]]*tbl_TubeLaser[[#This Row],['# of men Act]],"") -> 3.2 | S41: 1 | T41: =(MOD(tbl_TubeLaser[[#This Row],[End Time]]-tbl_TubeLaser[[#This Row],[Start Time]],1)*24*tbl_TubeLaser[[#This Row],['# of men Act]])- ( IF(AND(tbl_TubeLaser[[#This Row],[Start Time]]<=Data!$B$2+(Data!$B$2<tbl_TubeLaser[[#This Row],[Start Time]]),tbl_TubeLaser[[#This Row],[Start Time]]+MOD(tbl_TubeLaser[[#This Row],[End Time]]-tbl_TubeLaser[[#This Row],[Start Time]],1)>=Data!$C$2+(Data!$C$2<tbl_TubeLaser[[#This Row],[Start Time]])),0.5*tbl_TubeLaser[[#This Row],['# of men Act]],0) + IF(AND(tbl_TubeLaser[[#This Row],[Start Time]]<=Data!$B$3+(Data!$B$3<tbl_TubeLaser[[#This Row],[Start Time]]),tbl_TubeLaser[[#This Row],[Start Time]]+MOD(tbl_TubeLaser[[#This Row],[End Time]]-tbl_TubeLaser[[#This Row],[Start Time]],1)>=Data!$C$3+(Data!$C$3<tbl_TubeLaser[[#This Row],[Start Time]])),0.5*tbl_TubeLaser[[#This Row],['# of men Act]],0) ) -> 2.5 | V41: 0.5 | X41: =IFERROR((tbl_TubeLaser[[#This Row],[Adj. Total Hours]]+tbl_TubeLaser[[#This Row],[Est. Hours]])/(tbl_TubeLaser[[#This Row],[Total Hours Act]]+tbl_TubeLaser[[#This Row],[Act. Hours]]),"") -> 0.33333333 | Y41: =IF(AND(SUMIFS(tbl_TubeLaser[% Complete],tbl_TubeLaser[Job'#],tbl_TubeLaser[[#This Row],[Job'#]])>=1,COUNTIF(INDEX(tbl_TubeLaser[Job'#],1):tbl_TubeLaser[[#This Row],[Job'#]],tbl_TubeLaser[[#This Row],[Job'#]])=COUNTIF(tbl_TubeLaser[Job'#],tbl_TubeLaser[[#This Row],[Job'#]])),IFERROR((SUMIFS(tbl_TubeLaser[Adj. Total Hours],tbl_TubeLaser[Job'#],tbl_TubeLaser[[#This Row],[Job'#]])+SUMIFS(tbl_TubeLaser[Est. Hours],tbl_TubeLaser[Job'#],tbl_TubeLaser[[#This Row],[Job'#]]))/(SUMIFS(tbl_TubeLaser[Total Hours Act],tbl_TubeLaser[Job'#],tbl_TubeLaser[[#This Row],[Job'#]])+SUMIFS(tbl_TubeLaser[Act. Hours],tbl_TubeLaser[Job'#],tbl_TubeLaser[[#This Row],[Job'#]])),""),"") -> 0.61728395 | Z41: =IFERROR(tbl_TubeLaser[[#This Row],[Act. Mat. Qty]]-tbl_TubeLaser[[#This Row],[Adj. Mat. Qty]],"") -> -4 | AA41: =IF(AND(SUMIFS(tbl_TubeLaser[% Complete],tbl_TubeLaser[Job'#],tbl_TubeLaser[[#This Row],[Job'#]])>=1,COUNTIF(INDEX(tbl_TubeLaser[Job'#],1):tbl_TubeLaser[[#This Row],[Job'#]],tbl_TubeLaser[[#This Row],[Job'#]])=COUNTIF(tbl_TubeLaser[Job'#],tbl_TubeLaser[[#This Row],[Job'#]])),(SUMIFS(tbl_TubeLaser[Act. Mat. Qty],tbl_TubeLaser[Job'#],tbl_TubeLaser[[#This Row],[Job'#]]))-(SUMIFS(tbl_TubeLaser[Adj. Mat. Qty],tbl_TubeLaser[Job'#],tbl_TubeLaser[[#This Row],[Job'#]])),"") -> -37.333333 | AB41: ran together with job above also both jobs had diffrent nozzles and took about 1.5 hours to figure out how to reprogram them | AC41: Greland Crutchfield
A42: 46123 | B42: 152739-4-1 | C42: =IF(tbl_TubeLaser[[#This Row],[Part'#]]="", "Batch", "Part") -> Part | D42: 2403141 | E42: 0.70833333 | F42: 0.10347222 | G42: 332 | H42: 73 | I42: =tbl_TubeLaser[[#This Row],[Qty Complete]]/tbl_TubeLaser[[#This Row],[Qty Required]] -> 0.21987952 | J42: 24 | K42: 1 | L42: =IF(tbl_TubeLaser[[#This Row],[Job Type]]="Batch",0,tbl_TubeLaser[[#This Row],[Qty Required]]/tbl_TubeLaser[[#This Row],[PPH]]*tbl_TubeLaser[[#This Row],['# of men]]) -> 13.833333 | M42: =IF(tbl_TubeLaser[[#This Row],[Job Type]]="Batch",tbl_TubeLaser[[#This Row],[Batch Hours]]*tbl_TubeLaser[[#This Row],[% Complete]],tbl_TubeLaser[[#This Row],[Total hours]]*tbl_TubeLaser[[#This Row],[% Complete]]) -> 3.0416667 | O42: CSM-ACH2212190-21 | P42: =tbl_TubeLaser[[#This Row],[Mat. Qty]]*tbl_TubeLaser[[#This Row],[% Complete]] -> 36.5 | Q42: 166 | R42: =IFERROR(tbl_TubeLaser[[#This Row],[Qty Complete]]/tbl_TubeLaser[[#This Row],[Total Hours Act]]*tbl_TubeLaser[[#This Row],['# of men Act]],"") -> 8.1261596 | S42: 1 | T42: =(MOD(tbl_TubeLaser[[#This Row],[End Time]]-tbl_TubeLaser[[#This Row],[Start Time]],1)*24*tbl_TubeLaser[[#This Row],['# of men Act]])- ( IF(AND(tbl_TubeLaser[[#This Row],[Start Time]]<=Data!$B$2+(Data!$B$2<tbl_TubeLaser[[#This Row],[Start Time]]),tbl_TubeLaser[[#This Row],[Start Time]]+MOD(tbl_TubeLaser[[#This Row],[End Time]]-tbl_TubeLaser[[#This Row],[Start Time]],1)>=Data!$C$2+(Data!$C$2<tbl_TubeLaser[[#This Row],[Start Time]])),0.5*tbl_TubeLaser[[#This Row],['# of men Act]],0) + IF(AND(tbl_TubeLaser[[#This Row],[Start Time]]<=Data!$B$3+(Data!$B$3<tbl_TubeLaser[[#This Row],[Start Time]]),tbl_TubeLaser[[#This Row],[Start Time]]+MOD(tbl_TubeLaser[[#This Row],[End Time]]-tbl_TubeLaser[[#This Row],[Start Time]],1)>=Data!$C$3+(Data!$C$3<tbl_TubeLaser[[#This Row],[Start Time]])),0.5*tbl_TubeLaser[[#This Row],['# of men Act]],0) ) -> 8.9833333 | V42: 0.5 | X42: =IFERROR((tbl_TubeLaser[[#This Row],[Adj. Total Hours]]+tbl_TubeLaser[[#This Row],[Est. Hours]])/(tbl_TubeLaser[[#This Row],[Total Hours Act]]+tbl_TubeLaser[[#This Row],[Act. Hours]]),"") -> 0.39424861 | Y42: =IF(AND(SUMIFS(tbl_TubeLaser[% Complete],tbl_TubeLaser[Job'#],tbl_TubeLaser[[#This Row],[Job'#]])>=1,COUNTIF(INDEX(tbl_TubeLaser[Job'#],1):tbl_TubeLaser[[#This Row],[Job'#]],tbl_TubeLaser[[#This Row],[Job'#]])=COUNTIF(tbl_TubeLaser[Job'#],tbl_TubeLaser[[#This Row],[Job'#]])),IFERROR((SUMIFS(tbl_TubeLaser[Adj. Total Hours],tbl_TubeLaser[Job'#],tbl_TubeLaser[[#This Row],[Job'#]])+SUMIFS(tbl_TubeLaser[Est. Hours],tbl_TubeLaser[Job'#],tbl_TubeLaser[[#This Row],[Job'#]]))/(SUMIFS(tbl_TubeLaser[Total Hours Act],tbl_TubeLaser[Job'#],tbl_TubeLaser[[#This Row],[Job'#]])+SUMIFS(tbl_TubeLaser[Act. Hours],tbl_TubeLaser[Job'#],tbl_TubeLaser[[#This Row],[Job'#]])),""),"") | Z42: =IFERROR(tbl_TubeLaser[[#This Row],[Act. Mat. Qty]]-tbl_TubeLaser[[#This Row],[Adj. Mat. Qty]],"") -> -36.5 | AA42: =IF(AND(SUMIFS(tbl_TubeLaser[% Complete],tbl_TubeLaser[Job'#],tbl_TubeLaser[[#This Row],[Job'#]])>=1,COUNTIF(INDEX(tbl_TubeLaser[Job'#],1):tbl_TubeLaser[[#This Row],[Job'#]],tbl_TubeLaser[[#This Row],[Job'#]])=COUNTIF(tbl_TubeLaser[Job'#],tbl_TubeLaser[[#This Row],[Job'#]])),(SUMIFS(tbl_TubeLaser[Act. Mat. Qty],tbl_TubeLaser[Job'#],tbl_TubeLaser[[#This Row],[Job'#]]))-(SUMIFS(tbl_TubeLaser[Adj. Mat. Qty],tbl_TubeLaser[Job'#],tbl_TubeLaser[[#This Row],[Job'#]])),"") | AB42: several hours down time fixing the cut quality part not dropping and machine kept having a dblock error on the z access causing 7 scrap parts | AC42: Trevell Starnes
A43: 46124 | B43: 152751-4-1 | C43: =IF(tbl_TubeLaser[[#This Row],[Part'#]]="", "Batch", "Part") -> Part | D43: 240316--Item 08 | E43: 0.10763889 | F43: 0.20833333 | G43: 166 | H43: 63 | I43: =tbl_TubeLaser[[#This Row],[Qty Complete]]/tbl_TubeLaser[[#This Row],[Qty Required]] -> 0.37951807 | J43: 18 | K43: 1 | L43: =IF(tbl_TubeLaser[[#This Row],[Job Type]]="Batch",0,tbl_TubeLaser[[#This Row],[Qty Required]]/tbl_TubeLaser[[#This Row],[PPH]]*tbl_TubeLaser[[#This Row],['# of men]]) -> 9.2222222 | M43: =IF(tbl_TubeLaser[[#This Row],[Job Type]]="Batch",tbl_TubeLaser[[#This Row],[Batch Hours]]*tbl_TubeLaser[[#This Row],[% Complete]],tbl_TubeLaser[[#This Row],[Total hours]]*tbl_TubeLaser[[#This Row],[% Complete]]) -> 3.5 | O43: RT32316-20 | P43: =tbl_TubeLaser[[#This Row],[Mat. Qty]]*tbl_TubeLaser[[#This Row],[% Complete]] -> 37.762048 | Q43: 99.5 | R43: =IFERROR(tbl_TubeLaser[[#This Row],[Qty Complete]]/tbl_TubeLaser[[#This Row],[Total Hours Act]]*tbl_TubeLaser[[#This Row],['# of men Act]],"") -> 26.068966 | S43: 1 | T43: =(MOD(tbl_TubeLaser[[#This Row],[End Time]]-tbl_TubeLaser[[#This Row],[Start Time]],1)*24*tbl_TubeLaser[[#This Row],['# of men Act]])- ( IF(AND(tbl_TubeLaser[[#This Row],[Start Time]]<=Data!$B$2+(Data!$B$2<tbl_TubeLaser[[#This Row],[Start Time]]),tbl_TubeLaser[[#This Row],[Start Time]]+MOD(tbl_TubeLaser[[#This Row],[End Time]]-tbl_TubeLaser[[#This Row],[Start Time]],1)>=Data!$C$2+(Data!$C$2<tbl_TubeLaser[[#This Row],[Start Time]])),0.5*tbl_TubeLaser[[#This Row],['# of men Act]],0) + IF(AND(tbl_TubeLaser[[#This Row],[Start Time]]<=Data!$B$3+(Data!$B$3<tbl_TubeLaser[[#This Row],[Start Time]]),tbl_TubeLaser[[#This Row],[Start Time]]+MOD(tbl_TubeLaser[[#This Row],[End Time]]-tbl_TubeLaser[[#This Row],[Start Time]],1)>=Data!$C$3+(Data!$C$3<tbl_TubeLaser[[#This Row],[Start Time]])),0.5*tbl_TubeLaser[[#This Row],['# of men Act]],0) ) -> 2.4166667 | V43: 0.5 | W43: 0.66 | X43: =IFERROR((tbl_TubeLaser[[#This Row],[Adj. Total Hours]]+tbl_TubeLaser[[#This Row],[Est. Hours]])/(tbl_TubeLaser[[#This Row],[Total Hours Act]]+tbl_TubeLaser[[#This Row],[Act. Hours]]),"") -> 1.3001083 | Y43: =IF(AND(SUMIFS(tbl_TubeLaser[% Complete],tbl_TubeLaser[Job'#],tbl_TubeLaser[[#This Row],[Job'#]])>=1,COUNTIF(INDEX(tbl_TubeLaser[Job'#],1):tbl_TubeLaser[[#This Row],[Job'#]],tbl_TubeLaser[[#This Row],[Job'#]])=COUNTIF(tbl_TubeLaser[Job'#],tbl_TubeLaser[[#This Row],[Job'#]])),IFERROR((SUMIFS(tbl_TubeLaser[Adj. Total Hours],tbl_TubeLaser[Job'#],tbl_TubeLaser[[#This Row],[Job'#]])+SUMIFS(tbl_TubeLaser[Est. Hours],tbl_TubeLaser[Job'#],tbl_TubeLaser[[#This Row],[Job'#]]))/(SUMIFS(tbl_TubeLaser[Total Hours Act],tbl_TubeLaser[Job'#],tbl_TubeLaser[[#This Row],[Job'#]])+SUMIFS(tbl_TubeLaser[Act. Hours],tbl_TubeLaser[Job'#],tbl_TubeLaser[[#This Row],[Job'#]])),""),"") -> 2.1013449 | Z43: =IFERROR(tbl_TubeLaser[[#This Row],[Act. Mat. Qty]]-tbl_TubeLaser[[#This Row],[Adj. Mat. Qty]],"") -> -37.762048 | AA43: =IF(AND(SUMIFS(tbl_TubeLaser[% Complete],tbl_TubeLaser[Job'#],tbl_TubeLaser[[#This Row],[Job'#]])>=1,COUNTIF(INDEX(tbl_TubeLaser[Job'#],1):tbl_TubeLaser[[#This Row],[Job'#]],tbl_TubeLaser[[#This Row],[Job'#]])=COUNTIF(tbl_TubeLaser[Job'#],tbl_TubeLaser[[#This Row],[Job'#]])),(SUMIFS(tbl_TubeLaser[Act. Mat. Qty],tbl_TubeLaser[Job'#],tbl_TubeLaser[[#This Row],[Job'#]]))-(SUMIFS(tbl_TubeLaser[Adj. Mat. Qty],tbl_TubeLaser[Job'#],tbl_TubeLaser[[#This Row],[Job'#]])),"") -> -35.48494 | AC43: Trevell Starnes
A44: 46125 | B44: 152751-1-1 | C44: =IF(tbl_TubeLaser[[#This Row],[Part'#]]="", "Batch", "Part") -> Part | D44: 240316--Item 02 | E44: 0.26527778 | F44: 0.62152778 | G44: 166 | H44: 92 | I44: =tbl_TubeLaser[[#This Row],[Qty Complete]]/tbl_TubeLaser[[#This Row],[Qty Required]] -> 0.55421687 | J44: 9 | K44: 1 | L44: =IF(tbl_TubeLaser[[#This Row],[Job Type]]="Batch",0,tbl_TubeLaser[[#This Row],[Qty Required]]/tbl_TubeLaser[[#This Row],[PPH]]*tbl_TubeLaser[[#This Row],['# of men]]) -> 18.444444 | M44: =IF(tbl_TubeLaser[[#This Row],[Job Type]]="Batch",tbl_TubeLaser[[#This Row],[Batch Hours]]*tbl_TubeLaser[[#This Row],[% Complete]],tbl_TubeLaser[[#This Row],[Total hours]]*tbl_TubeLaser[[#This Row],[% Complete]]) -> 10.222222 | O44: RT83316-20 | P44: =tbl_TubeLaser[[#This Row],[Mat. Qty]]*tbl_TubeLaser[[#This Row],[% Complete]] -> 31.036145 | Q44: 56 | R44: =IFERROR(tbl_TubeLaser[[#This Row],[Qty Complete]]/tbl_TubeLaser[[#This Row],[Total Hours Act]]*tbl_TubeLaser[[#This Row],['# of men Act]],"") -> 11.428571 | S44: 1 | T44: =(MOD(tbl_TubeLaser[[#This Row],[End Time]]-tbl_TubeLaser[[#This Row],[Start Time]],1)*24*tbl_TubeLaser[[#This Row],['# of men Act]])- ( IF(AND(tbl_TubeLaser[[#This Row],[Start Time]]<=Data!$B$2+(Data!$B$2<tbl_TubeLaser[[#This Row],[Start Time]]),tbl_TubeLaser[[#This Row],[Start Time]]+MOD(tbl_TubeLaser[[#This Row],[End Time]]-tbl_TubeLaser[[#This Row],[Start Time]],1)>=Data!$C$2+(Data!$C$2<tbl_TubeLaser[[#This Row],[Start Time]])),0.5*tbl_TubeLaser[[#This Row],['# of men Act]],0) + IF(AND(tbl_TubeLaser[[#This Row],[Start Time]]<=Data!$B$3+(Data!$B$3<tbl_TubeLaser[[#This Row],[Start Time]]),tbl_TubeLaser[[#This Row],[Start Time]]+MOD(tbl_TubeLaser[[#This Row],[End Time]]-tbl_TubeLaser[[#This Row],[Start Time]],1)>=Data!$C$3+(Data!$C$3<tbl_TubeLaser[[#This Row],[Start Time]])),0.5*tbl_TubeLaser[[#This Row],['# of men Act]],0) ) -> 8.05 | U44: 47 | V44: 0.5 | W44: 1.37 | X44: =IFERROR((tbl_TubeLaser[[#This Row],[Adj. Total Hours]]+tbl_TubeLaser[[#This Row],[Est. Hours]])/(tbl_TubeLaser[[#This Row],[Total Hours Act]]+tbl_TubeLaser[[#This Row],[Act. Hours]]),"") -> 1.1382402 | Y44: =IF(AND(SUMIFS(tbl_TubeLaser[% Complete],tbl_TubeLaser[Job'#],tbl_TubeLaser[[#This Row],[Job'#]])>=1,COUNTIF(INDEX(tbl_TubeLaser[Job'#],1):tbl_TubeLaser[[#This Row],[Job'#]],tbl_TubeLaser[[#This Row],[Job'#]])=COUNTIF(tbl_TubeLaser[Job'#],tbl_TubeLaser[[#This Row],[Job'#]])),IFERROR((SUMIFS(tbl_TubeLaser[Adj. Total Hours],tbl_TubeLaser[Job'#],tbl_TubeLaser[[#This Row],[Job'#]])+SUMIFS(tbl_TubeLaser[Est. Hours],tbl_TubeLaser[Job'#],tbl_TubeLaser[[#This Row],[Job'#]]))/(SUMIFS(tbl_TubeLaser[Total Hours Act],tbl_TubeLaser[Job'#],tbl_TubeLaser[[#This Row],[Job'#]])+SUMIFS(tbl_TubeLaser[Act. Hours],tbl_TubeLaser[Job'#],tbl_TubeLaser[[#This Row],[Job'#]])),""),"") | Z44: =IFERROR(tbl_TubeLaser[[#This Row],[Act. Mat. Qty]]-tbl_TubeLaser[[#This Row],[Adj. Mat. Qty]],"") -> 15.963855 | AA44: =IF(AND(SUMIFS(tbl_TubeLaser[% Complete],tbl_TubeLaser[Job'#],tbl_TubeLaser[[#This Row],[Job'#]])>=1,COUNTIF(INDEX(tbl_TubeLaser[Job'#],1):tbl_TubeLaser[[#This Row],[Job'#]],tbl_TubeLaser[[#This Row],[Job'#]])=COUNTIF(tbl_TubeLaser[Job'#],tbl_TubeLaser[[#This Row],[Job'#]])),(SUMIFS(tbl_TubeLaser[Act. Mat. Qty],tbl_TubeLaser[Job'#],tbl_TubeLaser[[#This Row],[Job'#]]))-(SUMIFS(tbl_TubeLaser[Adj. Mat. Qty],tbl_TubeLaser[Job'#],tbl_TubeLaser[[#This Row],[Job'#]])),"")
A45: 46125 | B45: 143036 | C45: =IF(tbl_TubeLaser[[#This Row],[Part'#]]="", "Batch", "Part") -> Part | D45: NAS000055513 | E45: 0.22916667 | F45: 0.30486111 | G45: 255 | H45: 55 | I45: =tbl_TubeLaser[[#This Row],[Qty Complete]]/tbl_TubeLaser[[#This Row],[Qty Required]] -> 0.21568627 | J45: 30 | K45: 1 | L45: =IF(tbl_TubeLaser[[#This Row],[Job Type]]="Batch",0,tbl_TubeLaser[[#This Row],[Qty Required]]/tbl_TubeLaser[[#This Row],[PPH]]*tbl_TubeLaser[[#This Row],['# of men]]) -> 8.5 | M45: =IF(tbl_TubeLaser[[#This Row],[Job Type]]="Batch",tbl_TubeLaser[[#This Row],[Batch Hours]]*tbl_TubeLaser[[#This Row],[% Complete]],tbl_TubeLaser[[#This Row],[Total hours]]*tbl_TubeLaser[[#This Row],[% Complete]]) -> 1.8333333 | O45: RT4211GA-303 | P45: =tbl_TubeLaser[[#This Row],[Mat. Qty]]*tbl_TubeLaser[[#This Row],[% Complete]] -> 27.607843 | Q45: 128 | R45: =IFERROR(tbl_TubeLaser[[#This Row],[Qty Complete]]/tbl_TubeLaser[[#This Row],[Total Hours Act]]*tbl_TubeLaser[[#This Row],['# of men Act]],"") -> 30.275229 | S45: 1 | T45: =(MOD(tbl_TubeLaser[[#This Row],[End Time]]-tbl_TubeLaser[[#This Row],[Start Time]],1)*24*tbl_TubeLaser[[#This Row],['# of men Act]])- ( IF(AND(tbl_TubeLaser[[#This Row],[Start Time]]<=Data!$B$2+(Data!$B$2<tbl_TubeLaser[[#This Row],[Start Time]]),tbl_TubeLaser[[#This Row],[Start Time]]+MOD(tbl_TubeLaser[[#This Row],[End Time]]-tbl_TubeLaser[[#This Row],[Start Time]],1)>=Data!$C$2+(Data!$C$2<tbl_TubeLaser[[#This Row],[Start Time]])),0.5*tbl_TubeLaser[[#This Row],['# of men Act]],0) + IF(AND(tbl_TubeLaser[[#This Row],[Start Time]]<=Data!$B$3+(Data!$B$3<tbl_TubeLaser[[#This Row],[Start Time]]),tbl_TubeLaser[[#This Row],[Start Time]]+MOD(tbl_TubeLaser[[#This Row],[End Time]]-tbl_TubeLaser[[#This Row],[Start Time]],1)>=Data!$C$3+(Data!$C$3<tbl_TubeLaser[[#This Row],[Start Time]])),0.5*tbl_TubeLaser[[#This Row],['# of men Act]],0) ) -> 1.8166667 | U45: 28 | V45: 0.51 | W45: 0.5 | X45: =IFERROR((tbl_TubeLaser[[#This Row],[Adj. Total Hours]]+tbl_TubeLaser[[#This Row],[Est. Hours]])/(tbl_TubeLaser[[#This Row],[Total Hours Act]]+tbl_TubeLaser[[#This Row],[Act. Hours]]),"") -> 1.0115108 | Y45: =IF(AND(SUMIFS(tbl_TubeLaser[% Complete],tbl_TubeLaser[Job'#],tbl_TubeLaser[[#This Row],[Job'#]])>=1,COUNTIF(INDEX(tbl_TubeLaser[Job'#],1):tbl_TubeLaser[[#This Row],[Job'#]],tbl_TubeLaser[[#This Row],[Job'#]])=COUNTIF(tbl_TubeLaser[Job'#],tbl_TubeLaser[[#This Row],[Job'#]])),IFERROR((SUMIFS(tbl_TubeLaser[Adj. Total Hours],tbl_TubeLaser[Job'#],tbl_TubeLaser[[#This Row],[Job'#]])+SUMIFS(tbl_TubeLaser[Est. Hours],tbl_TubeLaser[Job'#],tbl_TubeLaser[[#This Row],[Job'#]]))/(SUMIFS(tbl_TubeLaser[Total Hours Act],tbl_TubeLaser[Job'#],tbl_TubeLaser[[#This Row],[Job'#]])+SUMIFS(tbl_TubeLaser[Act. Hours],tbl_TubeLaser[Job'#],tbl_TubeLaser[[#This Row],[Job'#]])),""),"") | Z45: =IFERROR(tbl_TubeLaser[[#This Row],[Act. Mat. Qty]]-tbl_TubeLaser[[#This Row],[Adj. Mat. Qty]],"") -> 0.39215686 | AA45: =IF(AND(SUMIFS(tbl_TubeLaser[% Complete],tbl_TubeLaser[Job'#],tbl_TubeLaser[[#This Row],[Job'#]])>=1,COUNTIF(INDEX(tbl_TubeLaser[Job'#],1):tbl_TubeLaser[[#This Row],[Job'#]],tbl_TubeLaser[[#This Row],[Job'#]])=COUNTIF(tbl_TubeLaser[Job'#],tbl_TubeLaser[[#This Row],[Job'#]])),(SUMIFS(tbl_TubeLaser[Act. Mat. Qty],tbl_TubeLaser[Job'#],tbl_TubeLaser[[#This Row],[Job'#]]))-(SUMIFS(tbl_TubeLaser[Adj. Mat. Qty],tbl_TubeLaser[Job'#],tbl_TubeLaser[[#This Row],[Job'#]])),"") | AB45: Ran with the part below no batch process, "fixed" - cp | AC45: Sterling Caldwell
A46: 46125 | B46: 143028 | C46: =IF(tbl_TubeLaser[[#This Row],[Part'#]]="", "Batch", "Part") -> Part | D46: NAS100000066 | E46: 0.30486111 | F46: 0.37986111 | G46: 240 | H46: 55 | I46: =tbl_TubeLaser[[#This Row],[Qty Complete]]/tbl_TubeLaser[[#This Row],[Qty Required]] -> 0.22916667 | J46: 30 | K46: 1 | L46: =IF(tbl_TubeLaser[[#This Row],[Job Type]]="Batch",0,tbl_TubeLaser[[#This Row],[Qty Required]]/tbl_TubeLaser[[#This Row],[PPH]]*tbl_TubeLaser[[#This Row],['# of men]]) -> 8 | M46: =IF(tbl_TubeLaser[[#This Row],[Job Type]]="Batch",tbl_TubeLaser[[#This Row],[Batch Hours]]*tbl_TubeLaser[[#This Row],[% Complete]],tbl_TubeLaser[[#This Row],[Total hours]]*tbl_TubeLaser[[#This Row],[% Complete]]) -> 1.8333333 | O46: RT4211GA-303 | P46: =tbl_TubeLaser[[#This Row],[Mat. Qty]]*tbl_TubeLaser[[#This Row],[% Complete]] -> 27.5 | Q46: 120 | R46: =IFERROR(tbl_TubeLaser[[#This Row],[Qty Complete]]/tbl_TubeLaser[[#This Row],[Total Hours Act]]*tbl_TubeLaser[[#This Row],['# of men Act]],"") -> 30.555556 | S46: 1 | T46: =(MOD(tbl_TubeLaser[[#This Row],[End Time]]-tbl_TubeLaser[[#This Row],[Start Time]],1)*24*tbl_TubeLaser[[#This Row],['# of men Act]])- ( IF(AND(tbl_TubeLaser[[#This Row],[Start Time]]<=Data!$B$2+(Data!$B$2<tbl_TubeLaser[[#This Row],[Start Time]]),tbl_TubeLaser[[#This Row],[Start Time]]+MOD(tbl_TubeLaser[[#This Row],[End Time]]-tbl_TubeLaser[[#This Row],[Start Time]],1)>=Data!$C$2+(Data!$C$2<tbl_TubeLaser[[#This Row],[Start Time]])),0.5*tbl_TubeLaser[[#This Row],['# of men Act]],0) + IF(AND(tbl_TubeLaser[[#This Row],[Start Time]]<=Data!$B$3+(Data!$B$3<tbl_TubeLaser[[#This Row],[Start Time]]),tbl_TubeLaser[[#This Row],[Start Time]]+MOD(tbl_TubeLaser[[#This Row],[End Time]]-tbl_TubeLaser[[#This Row],[Start Time]],1)>=Data!$C$3+(Data!$C$3<tbl_TubeLaser[[#This Row],[Start Time]])),0.5*tbl_TubeLaser[[#This Row],['# of men Act]],0) ) -> 1.8 | U46: 27 | V46: 0.51 | W46: 0.5 | X46: =IFERROR((tbl_TubeLaser[[#This Row],[Adj. Total Hours]]+tbl_TubeLaser[[#This Row],[Est. Hours]])/(tbl_TubeLaser[[#This Row],[Total Hours Act]]+tbl_TubeLaser[[#This Row],[Act. Hours]]),"") -> 1.0188406 | Y46: =IF(AND(SUMIFS(tbl_TubeLaser[% Complete],tbl_TubeLaser[Job'#],tbl_TubeLaser[[#This Row],[Job'#]])>=1,COUNTIF(INDEX(tbl_TubeLaser[Job'#],1):tbl_TubeLaser[[#This Row],[Job'#]],tbl_TubeLaser[[#This Row],[Job'#]])=COUNTIF(tbl_TubeLaser[Job'#],tbl_TubeLaser[[#This Row],[Job'#]])),IFERROR((SUMIFS(tbl_TubeLaser[Adj. Total Hours],tbl_TubeLaser[Job'#],tbl_TubeLaser[[#This Row],[Job'#]])+SUMIFS(tbl_TubeLaser[Est. Hours],tbl_TubeLaser[Job'#],tbl_TubeLaser[[#This Row],[Job'#]]))/(SUMIFS(tbl_TubeLaser[Total Hours Act],tbl_TubeLaser[Job'#],tbl_TubeLaser[[#This Row],[Job'#]])+SUMIFS(tbl_TubeLaser[Act. Hours],tbl_TubeLaser[Job'#],tbl_TubeLaser[[#This Row],[Job'#]])),""),"") | Z46: =IFERROR(tbl_TubeLaser[[#This Row],[Act. Mat. Qty]]-tbl_TubeLaser[[#This Row],[Adj. Mat. Qty]],"") -> -0.5 | AA46: =IF(AND(SUMIFS(tbl_TubeLaser[% Complete],tbl_TubeLaser[Job'#],tbl_TubeLaser[[#This Row],[Job'#]])>=1,COUNTIF(INDEX(tbl_TubeLaser[Job'#],1):tbl_TubeLaser[[#This Row],[Job'#]],tbl_TubeLaser[[#This Row],[Job'#]])=COUNTIF(tbl_TubeLaser[Job'#],tbl_TubeLaser[[#This Row],[Job'#]])),(SUMIFS(tbl_TubeLaser[Act. Mat. Qty],tbl_TubeLaser[Job'#],tbl_TubeLaser[[#This Row],[Job'#]]))-(SUMIFS(tbl_TubeLaser[Adj. Mat. Qty],tbl_TubeLaser[Job'#],tbl_TubeLaser[[#This Row],[Job'#]])),"") | AB46: Ran with the part above no batch process, "fixed" - cp | AC46: Sterling Caldwell
A47: 46126 | B47: 143028 | C47: =IF(tbl_TubeLaser[[#This Row],[Part'#]]="", "Batch", "Part") -> Part | D47: NAS100000066 | E47: 0.20833333 | F47: 0.67430556 | G47: 240 | H47: 54 | I47: =tbl_TubeLaser[[#This Row],[Qty Complete]]/tbl_TubeLaser[[#This Row],[Qty Required]] -> 0.225 | J47: 30 | K47: 1 | L47: =IF(tbl_TubeLaser[[#This Row],[Job Type]]="Batch",0,tbl_TubeLaser[[#This Row],[Qty Required]]/tbl_TubeLaser[[#This Row],[PPH]]*tbl_TubeLaser[[#This Row],['# of men]]) -> 8 | M47: =IF(tbl_TubeLaser[[#This Row],[Job Type]]="Batch",tbl_TubeLaser[[#This Row],[Batch Hours]]*tbl_TubeLaser[[#This Row],[% Complete]],tbl_TubeLaser[[#This Row],[Total hours]]*tbl_TubeLaser[[#This Row],[% Complete]]) -> 1.8 | O47: RT4211GA-303 | P47: =tbl_TubeLaser[[#This Row],[Mat. Qty]]*tbl_TubeLaser[[#This Row],[% Complete]] -> 27 | Q47: 120 | R47: =IFERROR(tbl_TubeLaser[[#This Row],[Qty Complete]]/tbl_TubeLaser[[#This Row],[Total Hours Act]]*tbl_TubeLaser[[#This Row],['# of men Act]],"") -> 5.0546022 | S47: 1 | T47: =(MOD(tbl_TubeLaser[[#This Row],[End Time]]-tbl_TubeLaser[[#This Row],[Start Time]],1)*24*tbl_TubeLaser[[#This Row],['# of men Act]])- ( IF(AND(tbl_TubeLaser[[#This Row],[Start Time]]<=Data!$B$2+(Data!$B$2<tbl_TubeLaser[[#This Row],[Start Time]]),tbl_TubeLaser[[#This Row],[Start Time]]+MOD(tbl_TubeLaser[[#This Row],[End Time]]-tbl_TubeLaser[[#This Row],[Start Time]],1)>=Data!$C$2+(Data!$C$2<tbl_TubeLaser[[#This Row],[Start Time]])),0.5*tbl_TubeLaser[[#This Row],['# of men Act]],0) + IF(AND(tbl_TubeLaser[[#This Row],[Start Time]]<=Data!$B$3+(Data!$B$3<tbl_TubeLaser[[#This Row],[Start Time]]),tbl_TubeLaser[[#This Row],[Start Time]]+MOD(tbl_TubeLaser[[#This Row],[End Time]]-tbl_TubeLaser[[#This Row],[Start Time]],1)>=Data!$C$3+(Data!$C$3<tbl_TubeLaser[[#This Row],[Start Time]])),0.5*tbl_TubeLaser[[#This Row],['# of men Act]],0) ) -> 10.683333 | U47: 27 | X47: =IFERROR((tbl_TubeLaser[[#This Row],[Adj. Total Hours]]+tbl_TubeLaser[[#This Row],[Est. Hours]])/(tbl_TubeLaser[[#This Row],[Total Hours Act]]+tbl_TubeLaser[[#This Row],[Act. Hours]]),"") -> 0.16848674 | Y47: =IF(AND(SUMIFS(tbl_TubeLaser[% Complete],tbl_TubeLaser[Job'#],tbl_TubeLaser[[#This Row],[Job'#]])>=1,COUNTIF(INDEX(tbl_TubeLaser[Job'#],1):tbl_TubeLaser[[#This Row],[Job'#]],tbl_TubeLaser[[#This Row],[Job'#]])=COUNTIF(tbl_TubeLaser[Job'#],tbl_TubeLaser[[#This Row],[Job'#]])),IFERROR((SUMIFS(tbl_TubeLaser[Adj. Total Hours],tbl_TubeLaser[Job'#],tbl_TubeLaser[[#This Row],[Job'#]])+SUMIFS(tbl_TubeLaser[Est. Hours],tbl_TubeLaser[Job'#],tbl_TubeLaser[[#This Row],[Job'#]]))/(SUMIFS(tbl_TubeLaser[Total Hours Act],tbl_TubeLaser[Job'#],tbl_TubeLaser[[#This Row],[Job'#]])+SUMIFS(tbl_TubeLaser[Act. Hours],tbl_TubeLaser[Job'#],tbl_TubeLaser[[#This Row],[Job'#]])),""),"") | Z47: =IFERROR(tbl_TubeLaser[[#This Row],[Act. Mat. Qty]]-tbl_TubeLaser[[#This Row],[Adj. Mat. Qty]],"") -> 0 | AA47: =IF(AND(SUMIFS(tbl_TubeLaser[% Complete],tbl_TubeLaser[Job'#],tbl_TubeLaser[[#This Row],[Job'#]])>=1,COUNTIF(INDEX(tbl_TubeLaser[Job'#],1):tbl_TubeLaser[[#This Row],[Job'#]],tbl_TubeLaser[[#This Row],[Job'#]])=COUNTIF(tbl_TubeLaser[Job'#],tbl_TubeLaser[[#This Row],[Job'#]])),(SUMIFS(tbl_TubeLaser[Act. Mat. Qty],tbl_TubeLaser[Job'#],tbl_TubeLaser[[#This Row],[Job'#]]))-(SUMIFS(tbl_TubeLaser[Adj. Mat. Qty],tbl_TubeLaser[Job'#],tbl_TubeLaser[[#This Row],[Job'#]])),"") | AB47: Ran with parts below same no batch process, Loader down having to load with over head crane very slow crane remote having issues causing huge slow down. | AC47: Sterling Caldwell
A48: 46126 | B48: 143036 | C48: =IF(tbl_TubeLaser[[#This Row],[Part'#]]="", "Batch", "Part") -> Part | D48: NAS000055513 | E48: 0.20833333 | F48: 0.67430556 | G48: 255 | H48: 54 | I48: =tbl_TubeLaser[[#This Row],[Qty Complete]]/tbl_TubeLaser[[#This Row],[Qty Required]] -> 0.21176471 | J48: 30 | K48: 1 | L48: =IF(tbl_TubeLaser[[#This Row],[Job Type]]="Batch",0,tbl_TubeLaser[[#This Row],[Qty Required]]/tbl_TubeLaser[[#This Row],[PPH]]*tbl_TubeLaser[[#This Row],['# of men]]) -> 8.5 | M48: =IF(tbl_TubeLaser[[#This Row],[Job Type]]="Batch",tbl_TubeLaser[[#This Row],[Batch Hours]]*tbl_TubeLaser[[#This Row],[% Complete]],tbl_TubeLaser[[#This Row],[Total hours]]*tbl_TubeLaser[[#This Row],[% Complete]]) -> 1.8 | O48: RT4211GA-303 | P48: =tbl_TubeLaser[[#This Row],[Mat. Qty]]*tbl_TubeLaser[[#This Row],[% Complete]] -> 27.105882 | Q48: 128 | R48: =IFERROR(tbl_TubeLaser[[#This Row],[Qty Complete]]/tbl_TubeLaser[[#This Row],[Total Hours Act]]*tbl_TubeLaser[[#This Row],['# of men Act]],"") -> 5.0546022 | S48: 1 | T48: =(MOD(tbl_TubeLaser[[#This Row],[End Time]]-tbl_TubeLaser[[#This Row],[Start Time]],1)*24*tbl_TubeLaser[[#This Row],['# of men Act]])- ( IF(AND(tbl_TubeLaser[[#This Row],[Start Time]]<=Data!$B$2+(Data!$B$2<tbl_TubeLaser[[#This Row],[Start Time]]),tbl_TubeLaser[[#This Row],[Start Time]]+MOD(tbl_TubeLaser[[#This Row],[End Time]]-tbl_TubeLaser[[#This Row],[Start Time]],1)>=Data!$C$2+(Data!$C$2<tbl_TubeLaser[[#This Row],[Start Time]])),0.5*tbl_TubeLaser[[#This Row],['# of men Act]],0) + IF(AND(tbl_TubeLaser[[#This Row],[Start Time]]<=Data!$B$3+(Data!$B$3<tbl_TubeLaser[[#This Row],[Start Time]]),tbl_TubeLaser[[#This Row],[Start Time]]+MOD(tbl_TubeLaser[[#This Row],[End Time]]-tbl_TubeLaser[[#This Row],[Start Time]],1)>=Data!$C$3+(Data!$C$3<tbl_TubeLaser[[#This Row],[Start Time]])),0.5*tbl_TubeLaser[[#This Row],['# of men Act]],0) ) -> 10.683333 | U48: 27 | X48: =IFERROR((tbl_TubeLaser[[#This Row],[Adj. Total Hours]]+tbl_TubeLaser[[#This Row],[Est. Hours]])/(tbl_TubeLaser[[#This Row],[Total Hours Act]]+tbl_TubeLaser[[#This Row],[Act. Hours]]),"") -> 0.16848674 | Y48: =IF(AND(SUMIFS(tbl_TubeLaser[% Complete],tbl_TubeLaser[Job'#],tbl_TubeLaser[[#This Row],[Job'#]])>=1,COUNTIF(INDEX(tbl_TubeLaser[Job'#],1):tbl_TubeLaser[[#This Row],[Job'#]],tbl_TubeLaser[[#This Row],[Job'#]])=COUNTIF(tbl_TubeLaser[Job'#],tbl_TubeLaser[[#This Row],[Job'#]])),IFERROR((SUMIFS(tbl_TubeLaser[Adj. Total Hours],tbl_TubeLaser[Job'#],tbl_TubeLaser[[#This Row],[Job'#]])+SUMIFS(tbl_TubeLaser[Est. Hours],tbl_TubeLaser[Job'#],tbl_TubeLaser[[#This Row],[Job'#]]))/(SUMIFS(tbl_TubeLaser[Total Hours Act],tbl_TubeLaser[Job'#],tbl_TubeLaser[[#This Row],[Job'#]])+SUMIFS(tbl_TubeLaser[Act. Hours],tbl_TubeLaser[Job'#],tbl_TubeLaser[[#This Row],[Job'#]])),""),"") | Z48: =IFERROR(tbl_TubeLaser[[#This Row],[Act. Mat. Qty]]-tbl_TubeLaser[[#This Row],[Adj. Mat. Qty]],"") -> -0.10588235 | AA48: =IF(AND(SUMIFS(tbl_TubeLaser[% Complete],tbl_TubeLaser[Job'#],tbl_TubeLaser[[#This Row],[Job'#]])>=1,COUNTIF(INDEX(tbl_TubeLaser[Job'#],1):tbl_TubeLaser[[#This Row],[Job'#]],tbl_TubeLaser[[#This Row],[Job'#]])=COUNTIF(tbl_TubeLaser[Job'#],tbl_TubeLaser[[#This Row],[Job'#]])),(SUMIFS(tbl_TubeLaser[Act. Mat. Qty],tbl_TubeLaser[Job'#],tbl_TubeLaser[[#This Row],[Job'#]]))-(SUMIFS(tbl_TubeLaser[Adj. Mat. Qty],tbl_TubeLaser[Job'#],tbl_TubeLaser[[#This Row],[Job'#]])),"") | AB48: Ran with parts above same no batch process, Loader down having to load with over head crane very slow crane remote having issues causing huge slow down. | AC48: Sterling Caldwell
A49: 46126 | B49: 152763-9-1 | C49: =IF(tbl_TubeLaser[[#This Row],[Part'#]]="", "Batch", "Part") -> Part | D49: 250583--Item 02 | E49: 0.33055556 | F49: 0.47222222 | G49: 60 | H49: 47 | I49: =tbl_TubeLaser[[#This Row],[Qty Complete]]/tbl_TubeLaser[[#This Row],[Qty Required]] -> 0.78333333 | J49: 12 | K49: 1 | L49: =IF(tbl_TubeLaser[[#This Row],[Job Type]]="Batch",0,tbl_TubeLaser[[#This Row],[Qty Required]]/tbl_TubeLaser[[#This Row],[PPH]]*tbl_TubeLaser[[#This Row],['# of men]]) -> 5 | M49: =IF(tbl_TubeLaser[[#This Row],[Job Type]]="Batch",tbl_TubeLaser[[#This Row],[Batch Hours]]*tbl_TubeLaser[[#This Row],[% Complete]],tbl_TubeLaser[[#This Row],[Total hours]]*tbl_TubeLaser[[#This Row],[% Complete]]) -> 3.9166667 | O49: RT8311GA-20 | P49: =tbl_TubeLaser[[#This Row],[Mat. Qty]]*tbl_TubeLaser[[#This Row],[% Complete]] -> 11.75 | Q49: 15 | R49: =IFERROR(tbl_TubeLaser[[#This Row],[Qty Complete]]/tbl_TubeLaser[[#This Row],[Total Hours Act]]*tbl_TubeLaser[[#This Row],['# of men Act]],"") -> 13.823529 | S49: 1 | T49: =(MOD(tbl_TubeLaser[[#This Row],[End Time]]-tbl_TubeLaser[[#This Row],[Start Time]],1)*24*tbl_TubeLaser[[#This Row],['# of men Act]])- ( IF(AND(tbl_TubeLaser[[#This Row],[Start Time]]<=Data!$B$2+(Data!$B$2<tbl_TubeLaser[[#This Row],[Start Time]]),tbl_TubeLaser[[#This Row],[Start Time]]+MOD(tbl_TubeLaser[[#This Row],[End Time]]-tbl_TubeLaser[[#This Row],[Start Time]],1)>=Data!$C$2+(Data!$C$2<tbl_TubeLaser[[#This Row],[Start Time]])),0.5*tbl_TubeLaser[[#This Row],['# of men Act]],0) + IF(AND(tbl_TubeLaser[[#This Row],[Start Time]]<=Data!$B$3+(Data!$B$3<tbl_TubeLaser[[#This Row],[Start Time]]),tbl_TubeLaser[[#This Row],[Start Time]]+MOD(tbl_TubeLaser[[#This Row],[End Time]]-tbl_TubeLaser[[#This Row],[Start Time]],1)>=Data!$C$3+(Data!$C$3<tbl_TubeLaser[[#This Row],[Start Time]])),0.5*tbl_TubeLaser[[#This Row],['# of men Act]],0) ) -> 3.4 | U49: 12 | V49: 0.5 | W49: 0.27 | X49: =IFERROR((tbl_TubeLaser[[#This Row],[Adj. Total Hours]]+tbl_TubeLaser[[#This Row],[Est. Hours]])/(tbl_TubeLaser[[#This Row],[Total Hours Act]]+tbl_TubeLaser[[#This Row],[Act. Hours]]),"") -> 1.2034514 | Y49: =IF(AND(SUMIFS(tbl_TubeLaser[% Complete],tbl_TubeLaser[Job'#],tbl_TubeLaser[[#This Row],[Job'#]])>=1,COUNTIF(INDEX(tbl_TubeLaser[Job'#],1):tbl_TubeLaser[[#This Row],[Job'#]],tbl_TubeLaser[[#This Row],[Job'#]])=COUNTIF(tbl_TubeLaser[Job'#],tbl_TubeLaser[[#This Row],[Job'#]])),IFERROR((SUMIFS(tbl_TubeLaser[Adj. Total Hours],tbl_TubeLaser[Job'#],tbl_TubeLaser[[#This Row],[Job'#]])+SUMIFS(tbl_TubeLaser[Est. Hours],tbl_TubeLaser[Job'#],tbl_TubeLaser[[#This Row],[Job'#]]))/(SUMIFS(tbl_TubeLaser[Total Hours Act],tbl_TubeLaser[Job'#],tbl_TubeLaser[[#This Row],[Job'#]])+SUMIFS(tbl_TubeLaser[Act. Hours],tbl_TubeLaser[Job'#],tbl_TubeLaser[[#This Row],[Job'#]])),""),"") | Z49: =IFERROR(tbl_TubeLaser[[#This Row],[Act. Mat. Qty]]-tbl_TubeLaser[[#This Row],[Adj. Mat. Qty]],"") -> 0.25 | AA49: =IF(AND(SUMIFS(tbl_TubeLaser[% Complete],tbl_TubeLaser[Job'#],tbl_TubeLaser[[#This Row],[Job'#]])>=1,COUNTIF(INDEX(tbl_TubeLaser[Job'#],1):tbl_TubeLaser[[#This Row],[Job'#]],tbl_TubeLaser[[#This Row],[Job'#]])=COUNTIF(tbl_TubeLaser[Job'#],tbl_TubeLaser[[#This Row],[Job'#]])),(SUMIFS(tbl_TubeLaser[Act. Mat. Qty],tbl_TubeLaser[Job'#],tbl_TubeLaser[[#This Row],[Job'#]]))-(SUMIFS(tbl_TubeLaser[Adj. Mat. Qty],tbl_TubeLaser[Job'#],tbl_TubeLaser[[#This Row],[Job'#]])),"") | AC49: Jarret Matlock
A50: 46126 | B50: 152763-8-1 | C50: =IF(tbl_TubeLaser[[#This Row],[Part'#]]="", "Batch", "Part") -> Part | D50: 250580--Item 02 | E50: 0.48472222 | F50: 0.58888889 | G50: 30 | H50: 30 | I50: =tbl_TubeLaser[[#This Row],[Qty Complete]]/tbl_TubeLaser[[#This Row],[Qty Required]] -> 1 | J50: 12 | K50: 1 | L50: =IF(tbl_TubeLaser[[#This Row],[Job Type]]="Batch",0,tbl_TubeLaser[[#This Row],[Qty Required]]/tbl_TubeLaser[[#This Row],[PPH]]*tbl_TubeLaser[[#This Row],['# of men]]) -> 2.5 | M50: =IF(tbl_TubeLaser[[#This Row],[Job Type]]="Batch",tbl_TubeLaser[[#This Row],[Batch Hours]]*tbl_TubeLaser[[#This Row],[% Complete]],tbl_TubeLaser[[#This Row],[Total hours]]*tbl_TubeLaser[[#This Row],[% Complete]]) -> 2.5 | O50: RT8311GA-20 | P50: =tbl_TubeLaser[[#This Row],[Mat. Qty]]*tbl_TubeLaser[[#This Row],[% Complete]] -> 8 | Q50: 8 | R50: =IFERROR(tbl_TubeLaser[[#This Row],[Qty Complete]]/tbl_TubeLaser[[#This Row],[Total Hours Act]]*tbl_TubeLaser[[#This Row],['# of men Act]],"") -> 15 | S50: 1 | T50: =(MOD(tbl_TubeLaser[[#This Row],[End Time]]-tbl_TubeLaser[[#This Row],[Start Time]],1)*24*tbl_TubeLaser[[#This Row],['# of men Act]])- ( IF(AND(tbl_TubeLaser[[#This Row],[Start Time]]<=Data!$B$2+(Data!$B$2<tbl_TubeLaser[[#This Row],[Start Time]]),tbl_TubeLaser[[#This Row],[Start Time]]+MOD(tbl_TubeLaser[[#This Row],[End Time]]-tbl_TubeLaser[[#This Row],[Start Time]],1)>=Data!$C$2+(Data!$C$2<tbl_TubeLaser[[#This Row],[Start Time]])),0.5*tbl_TubeLaser[[#This Row],['# of men Act]],0) + IF(AND(tbl_TubeLaser[[#This Row],[Start Time]]<=Data!$B$3+(Data!$B$3<tbl_TubeLaser[[#This Row],[Start Time]]),tbl_TubeLaser[[#This Row],[Start Time]]+MOD(tbl_TubeLaser[[#This Row],[End Time]]-tbl_TubeLaser[[#This Row],[Start Time]],1)>=Data!$C$3+(Data!$C$3<tbl_TubeLaser[[#This Row],[Start Time]])),0.5*tbl_TubeLaser[[#This Row],['# of men Act]],0) ) -> 2 | U50: 8 | V50: 0.5 | W50: 0.13 | X50: =IFERROR((tbl_TubeLaser[[#This Row],[Adj. Total Hours]]+tbl_TubeLaser[[#This Row],[Est. Hours]])/(tbl_TubeLaser[[#This Row],[Total Hours Act]]+tbl_TubeLaser[[#This Row],[Act. Hours]]),"") -> 1.4084507 | Y50: =IF(AND(SUMIFS(tbl_TubeLaser[% Complete],tbl_TubeLaser[Job'#],tbl_TubeLaser[[#This Row],[Job'#]])>=1,COUNTIF(INDEX(tbl_TubeLaser[Job'#],1):tbl_TubeLaser[[#This Row],[Job'#]],tbl_TubeLaser[[#This Row],[Job'#]])=COUNTIF(tbl_TubeLaser[Job'#],tbl_TubeLaser[[#This Row],[Job'#]])),IFERROR((SUMIFS(tbl_TubeLaser[Adj. Total Hours],tbl_TubeLaser[Job'#],tbl_TubeLaser[[#This Row],[Job'#]])+SUMIFS(tbl_TubeLaser[Est. Hours],tbl_TubeLaser[Job'#],tbl_TubeLaser[[#This Row],[Job'#]]))/(SUMIFS(tbl_TubeLaser[Total Hours Act],tbl_TubeLaser[Job'#],tbl_TubeLaser[[#This Row],[Job'#]])+SUMIFS(tbl_TubeLaser[Act. Hours],tbl_TubeLaser[Job'#],tbl_TubeLaser[[#This Row],[Job'#]])),""),"") -> 1.4084507 | Z50: =IFERROR(tbl_TubeLaser[[#This Row],[Act. Mat. Qty]]-tbl_TubeLaser[[#This Row],[Adj. Mat. Qty]],"") -> 0 | AA50: =IF(AND(SUMIFS(tbl_TubeLaser[% Complete],tbl_TubeLaser[Job'#],tbl_TubeLaser[[#This Row],[Job'#]])>=1,COUNTIF(INDEX(tbl_TubeLaser[Job'#],1):tbl_TubeLaser[[#This Row],[Job'#]],tbl_TubeLaser[[#This Row],[Job'#]])=COUNTIF(tbl_TubeLaser[Job'#],tbl_TubeLaser[[#This Row],[Job'#]])),(SUMIFS(tbl_TubeLaser[Act. Mat. Qty],tbl_TubeLaser[Job'#],tbl_TubeLaser[[#This Row],[Job'#]]))-(SUMIFS(tbl_TubeLaser[Adj. Mat. Qty],tbl_TubeLaser[Job'#],tbl_TubeLaser[[#This Row],[Job'#]])),"") -> 0 | AC50: Jarret Matlock
A51: 46126 | B51: 152757-1-1 | C51: =IF(tbl_TubeLaser[[#This Row],[Part'#]]="", "Batch", "Part") -> Part | D51: 251353--Item B 01 | E51: 0.61805556 | F51: 0.67777778 | G51: 84 | H51: 30 | I51: =tbl_TubeLaser[[#This Row],[Qty Complete]]/tbl_TubeLaser[[#This Row],[Qty Required]] -> 0.35714286 | J51: 12 | K51: 1 | L51: =IF(tbl_TubeLaser[[#This Row],[Job Type]]="Batch",0,tbl_TubeLaser[[#This Row],[Qty Required]]/tbl_TubeLaser[[#This Row],[PPH]]*tbl_TubeLaser[[#This Row],['# of men]]) -> 7 | M51: =IF(tbl_TubeLaser[[#This Row],[Job Type]]="Batch",tbl_TubeLaser[[#This Row],[Batch Hours]]*tbl_TubeLaser[[#This Row],[% Complete]],tbl_TubeLaser[[#This Row],[Total hours]]*tbl_TubeLaser[[#This Row],[% Complete]]) -> 2.5 | O51: CSM-RT8311GA-20 | P51: =tbl_TubeLaser[[#This Row],[Mat. Qty]]*tbl_TubeLaser[[#This Row],[% Complete]] -> 7.5 | Q51: 21 | R51: =IFERROR(tbl_TubeLaser[[#This Row],[Qty Complete]]/tbl_TubeLaser[[#This Row],[Total Hours Act]]*tbl_TubeLaser[[#This Row],['# of men Act]],"") -> 20.930233 | S51: 1 | T51: =(MOD(tbl_TubeLaser[[#This Row],[End Time]]-tbl_TubeLaser[[#This Row],[Start Time]],1)*24*tbl_TubeLaser[[#This Row],['# of men Act]])- ( IF(AND(tbl_TubeLaser[[#This Row],[Start Time]]<=Data!$B$2+(Data!$B$2<tbl_TubeLaser[[#This Row],[Start Time]]),tbl_TubeLaser[[#This Row],[Start Time]]+MOD(tbl_TubeLaser[[#This Row],[End Time]]-tbl_TubeLaser[[#This Row],[Start Time]],1)>=Data!$C$2+(Data!$C$2<tbl_TubeLaser[[#This Row],[Start Time]])),0.5*tbl_TubeLaser[[#This Row],['# of men Act]],0) + IF(AND(tbl_TubeLaser[[#This Row],[Start Time]]<=Data!$B$3+(Data!$B$3<tbl_TubeLaser[[#This Row],[Start Time]]),tbl_TubeLaser[[#This Row],[Start Time]]+MOD(tbl_TubeLaser[[#This Row],[End Time]]-tbl_TubeLaser[[#This Row],[Start Time]],1)>=Data!$C$3+(Data!$C$3<tbl_TubeLaser[[#This Row],[Start Time]])),0.5*tbl_TubeLaser[[#This Row],['# of men Act]],0) ) -> 1.4333333 | V51: 0.5 | W51: 0.55 | X51: =IFERROR((tbl_TubeLaser[[#This Row],[Adj. Total Hours]]+tbl_TubeLaser[[#This Row],[Est. Hours]])/(tbl_TubeLaser[[#This Row],[Total Hours Act]]+tbl_TubeLaser[[#This Row],[Act. Hours]]),"") -> 1.512605 | Y51: =IF(AND(SUMIFS(tbl_TubeLaser[% Complete],tbl_TubeLaser[Job'#],tbl_TubeLaser[[#This Row],[Job'#]])>=1,COUNTIF(INDEX(tbl_TubeLaser[Job'#],1):tbl_TubeLaser[[#This Row],[Job'#]],tbl_TubeLaser[[#This Row],[Job'#]])=COUNTIF(tbl_TubeLaser[Job'#],tbl_TubeLaser[[#This Row],[Job'#]])),IFERROR((SUMIFS(tbl_TubeLaser[Adj. Total Hours],tbl_TubeLaser[Job'#],tbl_TubeLaser[[#This Row],[Job'#]])+SUMIFS(tbl_TubeLaser[Est. Hours],tbl_TubeLaser[Job'#],tbl_TubeLaser[[#This Row],[Job'#]]))/(SUMIFS(tbl_TubeLaser[Total Hours Act],tbl_TubeLaser[Job'#],tbl_TubeLaser[[#This Row],[Job'#]])+SUMIFS(tbl_TubeLaser[Act. Hours],tbl_TubeLaser[Job'#],tbl_TubeLaser[[#This Row],[Job'#]])),""),"") | Z51: =IFERROR(tbl_TubeLaser[[#This Row],[Act. Mat. Qty]]-tbl_TubeLaser[[#This Row],[Adj. Mat. Qty]],"") -> -7.5 | AA51: =IF(AND(SUMIFS(tbl_TubeLaser[% Complete],tbl_TubeLaser[Job'#],tbl_TubeLaser[[#This Row],[Job'#]])>=1,COUNTIF(INDEX(tbl_TubeLaser[Job'#],1):tbl_TubeLaser[[#This Row],[Job'#]],tbl_TubeLaser[[#This Row],[Job'#]])=COUNTIF(tbl_TubeLaser[Job'#],tbl_TubeLaser[[#This Row],[Job'#]])),(SUMIFS(tbl_TubeLaser[Act. Mat. Qty],tbl_TubeLaser[Job'#],tbl_TubeLaser[[#This Row],[Job'#]]))-(SUMIFS(tbl_TubeLaser[Adj. Mat. Qty],tbl_TubeLaser[Job'#],tbl_TubeLaser[[#This Row],[Job'#]])),"") | AC51: Jarret Matlock
A52: 46125 | B52: 143207 | C52: =IF(tbl_TubeLaser[[#This Row],[Part'#]]="", "Batch", "Part") -> Part | D52: NAS100017498 | E52: 0.81319444 | F52: 0.88194444 | G52: 18 | H52: 18 | I52: =tbl_TubeLaser[[#This Row],[Qty Complete]]/tbl_TubeLaser[[#This Row],[Qty Required]] -> 1 | J52: 24 | K52: 1 | L52: =IF(tbl_TubeLaser[[#This Row],[Job Type]]="Batch",0,tbl_TubeLaser[[#This Row],[Qty Required]]/tbl_TubeLaser[[#This Row],[PPH]]*tbl_TubeLaser[[#This Row],['# of men]]) -> 0.75 | M52: =IF(tbl_TubeLaser[[#This Row],[Job Type]]="Batch",tbl_TubeLaser[[#This Row],[Batch Hours]]*tbl_TubeLaser[[#This Row],[% Complete]],tbl_TubeLaser[[#This Row],[Total hours]]*tbl_TubeLaser[[#This Row],[% Complete]]) -> 0.75 | O52: ST2211GA-24 | P52: =tbl_TubeLaser[[#This Row],[Mat. Qty]]*tbl_TubeLaser[[#This Row],[% Complete]] -> 18 | Q52: 18 | R52: =IFERROR(tbl_TubeLaser[[#This Row],[Qty Complete]]/tbl_TubeLaser[[#This Row],[Total Hours Act]]*tbl_TubeLaser[[#This Row],['# of men Act]],"") -> 10.909091 | S52: 1 | T52: =(MOD(tbl_TubeLaser[[#This Row],[End Time]]-tbl_TubeLaser[[#This Row],[Start Time]],1)*24*tbl_TubeLaser[[#This Row],['# of men Act]])- ( IF(AND(tbl_TubeLaser[[#This Row],[Start Time]]<=Data!$B$2+(Data!$B$2<tbl_TubeLaser[[#This Row],[Start Time]]),tbl_TubeLaser[[#This Row],[Start Time]]+MOD(tbl_TubeLaser[[#This Row],[End Time]]-tbl_TubeLaser[[#This Row],[Start Time]],1)>=Data!$C$2+(Data!$C$2<tbl_TubeLaser[[#This Row],[Start Time]])),0.5*tbl_TubeLaser[[#This Row],['# of men Act]],0) + IF(AND(tbl_TubeLaser[[#This Row],[Start Time]]<=Data!$B$3+(Data!$B$3<tbl_TubeLaser[[#This Row],[Start Time]]),tbl_TubeLaser[[#This Row],[Start Time]]+MOD(tbl_TubeLaser[[#This Row],[End Time]]-tbl_TubeLaser[[#This Row],[Start Time]],1)>=Data!$C$3+(Data!$C$3<tbl_TubeLaser[[#This Row],[Start Time]])),0.5*tbl_TubeLaser[[#This Row],['# of men Act]],0) ) -> 1.65 | U52: 18 | V52: 0.5 | W52: 0.38 | X52: =IFERROR((tbl_TubeLaser[[#This Row],[Adj. Total Hours]]+tbl_TubeLaser[[#This Row],[Est. Hours]])/(tbl_TubeLaser[[#This Row],[Total Hours Act]]+tbl_TubeLaser[[#This Row],[Act. Hours]]),"") -> 0.61576355 | Y52: =IF(AND(SUMIFS(tbl_TubeLaser[% Complete],tbl_TubeLaser[Job'#],tbl_TubeLaser[[#This Row],[Job'#]])>=1,COUNTIF(INDEX(tbl_TubeLaser[Job'#],1):tbl_TubeLaser[[#This Row],[Job'#]],tbl_TubeLaser[[#This Row],[Job'#]])=COUNTIF(tbl_TubeLaser[Job'#],tbl_TubeLaser[[#This Row],[Job'#]])),IFERROR((SUMIFS(tbl_TubeLaser[Adj. Total Hours],tbl_TubeLaser[Job'#],tbl_TubeLaser[[#This Row],[Job'#]])+SUMIFS(tbl_TubeLaser[Est. Hours],tbl_TubeLaser[Job'#],tbl_TubeLaser[[#This Row],[Job'#]]))/(SUMIFS(tbl_TubeLaser[Total Hours Act],tbl_TubeLaser[Job'#],tbl_TubeLaser[[#This Row],[Job'#]])+SUMIFS(tbl_TubeLaser[Act. Hours],tbl_TubeLaser[Job'#],tbl_TubeLaser[[#This Row],[Job'#]])),""),"") -> 0.61576355 | Z52: =IFERROR(tbl_TubeLaser[[#This Row],[Act. Mat. Qty]]-tbl_TubeLaser[[#This Row],[Adj. Mat. Qty]],"") -> 0 | AA52: =IF(AND(SUMIFS(tbl_TubeLaser[% Complete],tbl_TubeLaser[Job'#],tbl_TubeLaser[[#This Row],[Job'#]])>=1,COUNTIF(INDEX(tbl_TubeLaser[Job'#],1):tbl_TubeLaser[[#This Row],[Job'#]],tbl_TubeLaser[[#This Row],[Job'#]])=COUNTIF(tbl_TubeLaser[Job'#],tbl_TubeLaser[[#This Row],[Job'#]])),(SUMIFS(tbl_TubeLaser[Act. Mat. Qty],tbl_TubeLaser[Job'#],tbl_TubeLaser[[#This Row],[Job'#]]))-(SUMIFS(tbl_TubeLaser[Adj. Mat. Qty],tbl_TubeLaser[Job'#],tbl_TubeLaser[[#This Row],[Job'#]])),"") -> 0 | AB52: MANUAL TUBE LOADING | AC52: BRAD OLIVER
A53: 46125 | B53: 143208 | C53: =IF(tbl_TubeLaser[[#This Row],[Part'#]]="", "Batch", "Part") -> Part | D53: NAS100011024 | E53: 0.88263889 | F53: 0.91319444 | G53: 18 | H53: 9 | I53: =tbl_TubeLaser[[#This Row],[Qty Complete]]/tbl_TubeLaser[[#This Row],[Qty Required]] -> 0.5 | J53: 24 | K53: 1 | L53: =IF(tbl_TubeLaser[[#This Row],[Job Type]]="Batch",0,tbl_TubeLaser[[#This Row],[Qty Required]]/tbl_TubeLaser[[#This Row],[PPH]]*tbl_TubeLaser[[#This Row],['# of men]]) -> 0.75 | M53: =IF(tbl_TubeLaser[[#This Row],[Job Type]]="Batch",tbl_TubeLaser[[#This Row],[Batch Hours]]*tbl_TubeLaser[[#This Row],[% Complete]],tbl_TubeLaser[[#This Row],[Total hours]]*tbl_TubeLaser[[#This Row],[% Complete]]) -> 0.375 | O53: ST2211GA-24 | P53: =tbl_TubeLaser[[#This Row],[Mat. Qty]]*tbl_TubeLaser[[#This Row],[% Complete]] -> 9 | Q53: 18 | R53: =IFERROR(tbl_TubeLaser[[#This Row],[Qty Complete]]/tbl_TubeLaser[[#This Row],[Total Hours Act]]*tbl_TubeLaser[[#This Row],['# of men Act]],"") -> 12.272727 | S53: 1 | T53: =(MOD(tbl_TubeLaser[[#This Row],[End Time]]-tbl_TubeLaser[[#This Row],[Start Time]],1)*24*tbl_TubeLaser[[#This Row],['# of men Act]])- ( IF(AND(tbl_TubeLaser[[#This Row],[Start Time]]<=Data!$B$2+(Data!$B$2<tbl_TubeLaser[[#This Row],[Start Time]]),tbl_TubeLaser[[#This Row],[Start Time]]+MOD(tbl_TubeLaser[[#This Row],[End Time]]-tbl_TubeLaser[[#This Row],[Start Time]],1)>=Data!$C$2+(Data!$C$2<tbl_TubeLaser[[#This Row],[Start Time]])),0.5*tbl_TubeLaser[[#This Row],['# of men Act]],0) + IF(AND(tbl_TubeLaser[[#This Row],[Start Time]]<=Data!$B$3+(Data!$B$3<tbl_TubeLaser[[#This Row],[Start Time]]),tbl_TubeLaser[[#This Row],[Start Time]]+MOD(tbl_TubeLaser[[#This Row],[End Time]]-tbl_TubeLaser[[#This Row],[Start Time]],1)>=Data!$C$3+(Data!$C$3<tbl_TubeLaser[[#This Row],[Start Time]])),0.5*tbl_TubeLaser[[#This Row],['# of men Act]],0) ) -> 0.73333333 | U53: 9 | V53: 0.5 | W53: 0.4 | X53: =IFERROR((tbl_TubeLaser[[#This Row],[Adj. Total Hours]]+tbl_TubeLaser[[#This Row],[Est. Hours]])/(tbl_TubeLaser[[#This Row],[Total Hours Act]]+tbl_TubeLaser[[#This Row],[Act. Hours]]),"") -> 0.77205882 | Y53: =IF(AND(SUMIFS(tbl_TubeLaser[% Complete],tbl_TubeLaser[Job'#],tbl_TubeLaser[[#This Row],[Job'#]])>=1,COUNTIF(INDEX(tbl_TubeLaser[Job'#],1):tbl_TubeLaser[[#This Row],[Job'#]],tbl_TubeLaser[[#This Row],[Job'#]])=COUNTIF(tbl_TubeLaser[Job'#],tbl_TubeLaser[[#This Row],[Job'#]])),IFERROR((SUMIFS(tbl_TubeLaser[Adj. Total Hours],tbl_TubeLaser[Job'#],tbl_TubeLaser[[#This Row],[Job'#]])+SUMIFS(tbl_TubeLaser[Est. Hours],tbl_TubeLaser[Job'#],tbl_TubeLaser[[#This Row],[Job'#]]))/(SUMIFS(tbl_TubeLaser[Total Hours Act],tbl_TubeLaser[Job'#],tbl_TubeLaser[[#This Row],[Job'#]])+SUMIFS(tbl_TubeLaser[Act. Hours],tbl_TubeLaser[Job'#],tbl_TubeLaser[[#This Row],[Job'#]])),""),"") | Z53: =IFERROR(tbl_TubeLaser[[#This Row],[Act. Mat. Qty]]-tbl_TubeLaser[[#This Row],[Adj. Mat. Qty]],"") -> 0 | AA53: =IF(AND(SUMIFS(tbl_TubeLaser[% Complete],tbl_TubeLaser[Job'#],tbl_TubeLaser[[#This Row],[Job'#]])>=1,COUNTIF(INDEX(tbl_TubeLaser[Job'#],1):tbl_TubeLaser[[#This Row],[Job'#]],tbl_TubeLaser[[#This Row],[Job'#]])=COUNTIF(tbl_TubeLaser[Job'#],tbl_TubeLaser[[#This Row],[Job'#]])),(SUMIFS(tbl_TubeLaser[Act. Mat. Qty],tbl_TubeLaser[Job'#],tbl_TubeLaser[[#This Row],[Job'#]]))-(SUMIFS(tbl_TubeLaser[Adj. Mat. Qty],tbl_TubeLaser[Job'#],tbl_TubeLaser[[#This Row],[Job'#]])),"") | AB53: MANUAL TUBE LOADING | AC53: BRAD OLIVER
A54: 46125 | B54: 152733-1-1 | C54: =IF(tbl_TubeLaser[[#This Row],[Part'#]]="", "Batch", "Part") -> Part | D54: K3078 | E54: 0.94513889 | F54: 0.95277778 | G54: 30 | H54: 2 | I54: =tbl_TubeLaser[[#This Row],[Qty Complete]]/tbl_TubeLaser[[#This Row],[Qty Required]] -> 0.066666667 | J54: 35 | K54: 1 | L54: =IF(tbl_TubeLaser[[#This Row],[Job Type]]="Batch",0,tbl_TubeLaser[[#This Row],[Qty Required]]/tbl_TubeLaser[[#This Row],[PPH]]*tbl_TubeLaser[[#This Row],['# of men]]) -> 0.85714286 | M54: =IF(tbl_TubeLaser[[#This Row],[Job Type]]="Batch",tbl_TubeLaser[[#This Row],[Batch Hours]]*tbl_TubeLaser[[#This Row],[% Complete]],tbl_TubeLaser[[#This Row],[Total hours]]*tbl_TubeLaser[[#This Row],[% Complete]]) -> 0.057142857 | O54: RT4311GA-24 | P54: =tbl_TubeLaser[[#This Row],[Mat. Qty]]*tbl_TubeLaser[[#This Row],[% Complete]] -> 0.66666667 | Q54: 10 | R54: =IFERROR(tbl_TubeLaser[[#This Row],[Qty Complete]]/tbl_TubeLaser[[#This Row],[Total Hours Act]]*tbl_TubeLaser[[#This Row],['# of men Act]],"") -> 10.909091 | S54: 1 | T54: =(MOD(tbl_TubeLaser[[#This Row],[End Time]]-tbl_TubeLaser[[#This Row],[Start Time]],1)*24*tbl_TubeLaser[[#This Row],['# of men Act]])- ( IF(AND(tbl_TubeLaser[[#This Row],[Start Time]]<=Data!$B$2+(Data!$B$2<tbl_TubeLaser[[#This Row],[Start Time]]),tbl_TubeLaser[[#This Row],[Start Time]]+MOD(tbl_TubeLaser[[#This Row],[End Time]]-tbl_TubeLaser[[#This Row],[Start Time]],1)>=Data!$C$2+(Data!$C$2<tbl_TubeLaser[[#This Row],[Start Time]])),0.5*tbl_TubeLaser[[#This Row],['# of men Act]],0) + IF(AND(tbl_TubeLaser[[#This Row],[Start Time]]<=Data!$B$3+(Data!$B$3<tbl_TubeLaser[[#This Row],[Start Time]]),tbl_TubeLaser[[#This Row],[Start Time]]+MOD(tbl_TubeLaser[[#This Row],[End Time]]-tbl_TubeLaser[[#This Row],[Start Time]],1)>=Data!$C$3+(Data!$C$3<tbl_TubeLaser[[#This Row],[Start Time]])),0.5*tbl_TubeLaser[[#This Row],['# of men Act]],0) ) -> 0.18333333 | U54: 1 | V54: 0.5 | W54: 0.73 | X54: =IFERROR((tbl_TubeLaser[[#This Row],[Adj. Total Hours]]+tbl_TubeLaser[[#This Row],[Est. Hours]])/(tbl_TubeLaser[[#This Row],[Total Hours Act]]+tbl_TubeLaser[[#This Row],[Act. Hours]]),"") -> 0.61001043 | Y54: =IF(AND(SUMIFS(tbl_TubeLaser[% Complete],tbl_TubeLaser[Job'#],tbl_TubeLaser[[#This Row],[Job'#]])>=1,COUNTIF(INDEX(tbl_TubeLaser[Job'#],1):tbl_TubeLaser[[#This Row],[Job'#]],tbl_TubeLaser[[#This Row],[Job'#]])=COUNTIF(tbl_TubeLaser[Job'#],tbl_TubeLaser[[#This Row],[Job'#]])),IFERROR((SUMIFS(tbl_TubeLaser[Adj. Total Hours],tbl_TubeLaser[Job'#],tbl_TubeLaser[[#This Row],[Job'#]])+SUMIFS(tbl_TubeLaser[Est. Hours],tbl_TubeLaser[Job'#],tbl_TubeLaser[[#This Row],[Job'#]]))/(SUMIFS(tbl_TubeLaser[Total Hours Act],tbl_TubeLaser[Job'#],tbl_TubeLaser[[#This Row],[Job'#]])+SUMIFS(tbl_TubeLaser[Act. Hours],tbl_TubeLaser[Job'#],tbl_TubeLaser[[#This Row],[Job'#]])),""),"") | Z54: =IFERROR(tbl_TubeLaser[[#This Row],[Act. Mat. Qty]]-tbl_TubeLaser[[#This Row],[Adj. Mat. Qty]],"") -> 0.33333333 | AA54: =IF(AND(SUMIFS(tbl_TubeLaser[% Complete],tbl_TubeLaser[Job'#],tbl_TubeLaser[[#This Row],[Job'#]])>=1,COUNTIF(INDEX(tbl_TubeLaser[Job'#],1):tbl_TubeLaser[[#This Row],[Job'#]],tbl_TubeLaser[[#This Row],[Job'#]])=COUNTIF(tbl_TubeLaser[Job'#],tbl_TubeLaser[[#This Row],[Job'#]])),(SUMIFS(tbl_TubeLaser[Act. Mat. Qty],tbl_TubeLaser[Job'#],tbl_TubeLaser[[#This Row],[Job'#]]))-(SUMIFS(tbl_TubeLaser[Adj. Mat. Qty],tbl_TubeLaser[Job'#],tbl_TubeLaser[[#This Row],[Job'#]])),"") | AB54: MANUAL TUBE LOADING | AC54: BRAD OLIVER
A55: 46125 | B55: 152763-2-1 | C55: =IF(tbl_TubeLaser[[#This Row],[Part'#]]="", "Batch", "Part") -> Part | D55: 250618--det 01 | E55: 0.99097222 | F55: 0.10833333 | G55: 30 | H55: 30 | I55: =tbl_TubeLaser[[#This Row],[Qty Complete]]/tbl_TubeLaser[[#This Row],[Qty Required]] -> 1 | J55: 24 | K55: 1 | L55: =IF(tbl_TubeLaser[[#This Row],[Job Type]]="Batch",0,tbl_TubeLaser[[#This Row],[Qty Required]]/tbl_TubeLaser[[#This Row],[PPH]]*tbl_TubeLaser[[#This Row],['# of men]]) -> 1.25 | M55: =IF(tbl_TubeLaser[[#This Row],[Job Type]]="Batch",tbl_TubeLaser[[#This Row],[Batch Hours]]*tbl_TubeLaser[[#This Row],[% Complete]],tbl_TubeLaser[[#This Row],[Total hours]]*tbl_TubeLaser[[#This Row],[% Complete]]) -> 1.25 | O55: CH454-20 | P55: =tbl_TubeLaser[[#This Row],[Mat. Qty]]*tbl_TubeLaser[[#This Row],[% Complete]] -> 6 | Q55: 6 | R55: =IFERROR(tbl_TubeLaser[[#This Row],[Qty Complete]]/tbl_TubeLaser[[#This Row],[Total Hours Act]]*tbl_TubeLaser[[#This Row],['# of men Act]],"") -> 12.94964 | S55: 1 | T55: =(MOD(tbl_TubeLaser[[#This Row],[End Time]]-tbl_TubeLaser[[#This Row],[Start Time]],1)*24*tbl_TubeLaser[[#This Row],['# of men Act]])- ( IF(AND(tbl_TubeLaser[[#This Row],[Start Time]]<=Data!$B$2+(Data!$B$2<tbl_TubeLaser[[#This Row],[Start Time]]),tbl_TubeLaser[[#This Row],[Start Time]]+MOD(tbl_TubeLaser[[#This Row],[End Time]]-tbl_TubeLaser[[#This Row],[Start Time]],1)>=Data!$C$2+(Data!$C$2<tbl_TubeLaser[[#This Row],[Start Time]])),0.5*tbl_TubeLaser[[#This Row],['# of men Act]],0) + IF(AND(tbl_TubeLaser[[#This Row],[Start Time]]<=Data!$B$3+(Data!$B$3<tbl_TubeLaser[[#This Row],[Start Time]]),tbl_TubeLaser[[#This Row],[Start Time]]+MOD(tbl_TubeLaser[[#This Row],[End Time]]-tbl_TubeLaser[[#This Row],[Start Time]],1)>=Data!$C$3+(Data!$C$3<tbl_TubeLaser[[#This Row],[Start Time]])),0.5*tbl_TubeLaser[[#This Row],['# of men Act]],0) ) -> 2.3166667 | U55: 6 | V55: 0.5 | W55: 0.23 | X55: =IFERROR((tbl_TubeLaser[[#This Row],[Adj. Total Hours]]+tbl_TubeLaser[[#This Row],[Est. Hours]])/(tbl_TubeLaser[[#This Row],[Total Hours Act]]+tbl_TubeLaser[[#This Row],[Act. Hours]]),"") -> 0.68717277 | Y55: =IF(AND(SUMIFS(tbl_TubeLaser[% Complete],tbl_TubeLaser[Job'#],tbl_TubeLaser[[#This Row],[Job'#]])>=1,COUNTIF(INDEX(tbl_TubeLaser[Job'#],1):tbl_TubeLaser[[#This Row],[Job'#]],tbl_TubeLaser[[#This Row],[Job'#]])=COUNTIF(tbl_TubeLaser[Job'#],tbl_TubeLaser[[#This Row],[Job'#]])),IFERROR((SUMIFS(tbl_TubeLaser[Adj. Total Hours],tbl_TubeLaser[Job'#],tbl_TubeLaser[[#This Row],[Job'#]])+SUMIFS(tbl_TubeLaser[Est. Hours],tbl_TubeLaser[Job'#],tbl_TubeLaser[[#This Row],[Job'#]]))/(SUMIFS(tbl_TubeLaser[Total Hours Act],tbl_TubeLaser[Job'#],tbl_TubeLaser[[#This Row],[Job'#]])+SUMIFS(tbl_TubeLaser[Act. Hours],tbl_TubeLaser[Job'#],tbl_TubeLaser[[#This Row],[Job'#]])),""),"") -> 0.68717277 | Z55: =IFERROR(tbl_TubeLaser[[#This Row],[Act. Mat. Qty]]-tbl_TubeLaser[[#This Row],[Adj. Mat. Qty]],"") -> 0 | AA55: =IF(AND(SUMIFS(tbl_TubeLaser[% Complete],tbl_TubeLaser[Job'#],tbl_TubeLaser[[#This Row],[Job'#]])>=1,COUNTIF(INDEX(tbl_TubeLaser[Job'#],1):tbl_TubeLaser[[#This Row],[Job'#]],tbl_TubeLaser[[#This Row],[Job'#]])=COUNTIF(tbl_TubeLaser[Job'#],tbl_TubeLaser[[#This Row],[Job'#]])),(SUMIFS(tbl_TubeLaser[Act. Mat. Qty],tbl_TubeLaser[Job'#],tbl_TubeLaser[[#This Row],[Job'#]]))-(SUMIFS(tbl_TubeLaser[Adj. Mat. Qty],tbl_TubeLaser[Job'#],tbl_TubeLaser[[#This Row],[Job'#]])),"") -> 0 | AB55: MANUAL TUBE LOADING | AC55: BRAD OLIVER
A56: 46125 | B56: 152763-3-1 | C56: =IF(tbl_TubeLaser[[#This Row],[Part'#]]="", "Batch", "Part") -> Part | D56: 250618--det 02 | E56: 0.99166667 | F56: 0.10833333 | G56: 15 | H56: 15 | I56: =tbl_TubeLaser[[#This Row],[Qty Complete]]/tbl_TubeLaser[[#This Row],[Qty Required]] -> 1 | J56: 24 | K56: 1 | L56: =IF(tbl_TubeLaser[[#This Row],[Job Type]]="Batch",0,tbl_TubeLaser[[#This Row],[Qty Required]]/tbl_TubeLaser[[#This Row],[PPH]]*tbl_TubeLaser[[#This Row],['# of men]]) -> 0.625 | M56: =IF(tbl_TubeLaser[[#This Row],[Job Type]]="Batch",tbl_TubeLaser[[#This Row],[Batch Hours]]*tbl_TubeLaser[[#This Row],[% Complete]],tbl_TubeLaser[[#This Row],[Total hours]]*tbl_TubeLaser[[#This Row],[% Complete]]) -> 0.625 | O56: CH454-20 | P56: =tbl_TubeLaser[[#This Row],[Mat. Qty]]*tbl_TubeLaser[[#This Row],[% Complete]] -> 5 | Q56: 5 | R56: =IFERROR(tbl_TubeLaser[[#This Row],[Qty Complete]]/tbl_TubeLaser[[#This Row],[Total Hours Act]]*tbl_TubeLaser[[#This Row],['# of men Act]],"") -> 6.5217391 | S56: 1 | T56: =(MOD(tbl_TubeLaser[[#This Row],[End Time]]-tbl_TubeLaser[[#This Row],[Start Time]],1)*24*tbl_TubeLaser[[#This Row],['# of men Act]])- ( IF(AND(tbl_TubeLaser[[#This Row],[Start Time]]<=Data!$B$2+(Data!$B$2<tbl_TubeLaser[[#This Row],[Start Time]]),tbl_TubeLaser[[#This Row],[Start Time]]+MOD(tbl_TubeLaser[[#This Row],[End Time]]-tbl_TubeLaser[[#This Row],[Start Time]],1)>=Data!$C$2+(Data!$C$2<tbl_TubeLaser[[#This Row],[Start Time]])),0.5*tbl_TubeLaser[[#This Row],['# of men Act]],0) + IF(AND(tbl_TubeLaser[[#This Row],[Start Time]]<=Data!$B$3+(Data!$B$3<tbl_TubeLaser[[#This Row],[Start Time]]),tbl_TubeLaser[[#This Row],[Start Time]]+MOD(tbl_TubeLaser[[#This Row],[End Time]]-tbl_TubeLaser[[#This Row],[Start Time]],1)>=Data!$C$3+(Data!$C$3<tbl_TubeLaser[[#This Row],[Start Time]])),0.5*tbl_TubeLaser[[#This Row],['# of men Act]],0) ) -> 2.3 | U56: 5 | V56: 0.5 | X56: =IFERROR((tbl_TubeLaser[[#This Row],[Adj. Total Hours]]+tbl_TubeLaser[[#This Row],[Est. Hours]])/(tbl_TubeLaser[[#This Row],[Total Hours Act]]+tbl_TubeLaser[[#This Row],[Act. Hours]]),"") -> 0.48913043 | Y56: =IF(AND(SUMIFS(tbl_TubeLaser[% Complete],tbl_TubeLaser[Job'#],tbl_TubeLaser[[#This Row],[Job'#]])>=1,COUNTIF(INDEX(tbl_TubeLaser[Job'#],1):tbl_TubeLaser[[#This Row],[Job'#]],tbl_TubeLaser[[#This Row],[Job'#]])=COUNTIF(tbl_TubeLaser[Job'#],tbl_TubeLaser[[#This Row],[Job'#]])),IFERROR((SUMIFS(tbl_TubeLaser[Adj. Total Hours],tbl_TubeLaser[Job'#],tbl_TubeLaser[[#This Row],[Job'#]])+SUMIFS(tbl_TubeLaser[Est. Hours],tbl_TubeLaser[Job'#],tbl_TubeLaser[[#This Row],[Job'#]]))/(SUMIFS(tbl_TubeLaser[Total Hours Act],tbl_TubeLaser[Job'#],tbl_TubeLaser[[#This Row],[Job'#]])+SUMIFS(tbl_TubeLaser[Act. Hours],tbl_TubeLaser[Job'#],tbl_TubeLaser[[#This Row],[Job'#]])),""),"") -> 0.48913043 | Z56: =IFERROR(tbl_TubeLaser[[#This Row],[Act. Mat. Qty]]-tbl_TubeLaser[[#This Row],[Adj. Mat. Qty]],"") -> 0 | AA56: =IF(AND(SUMIFS(tbl_TubeLaser[% Complete],tbl_TubeLaser[Job'#],tbl_TubeLaser[[#This Row],[Job'#]])>=1,COUNTIF(INDEX(tbl_TubeLaser[Job'#],1):tbl_TubeLaser[[#This Row],[Job'#]],tbl_TubeLaser[[#This Row],[Job'#]])=COUNTIF(tbl_TubeLaser[Job'#],tbl_TubeLaser[[#This Row],[Job'#]])),(SUMIFS(tbl_TubeLaser[Act. Mat. Qty],tbl_TubeLaser[Job'#],tbl_TubeLaser[[#This Row],[Job'#]]))-(SUMIFS(tbl_TubeLaser[Adj. Mat. Qty],tbl_TubeLaser[Job'#],tbl_TubeLaser[[#This Row],[Job'#]])),"") -> 0 | AB56: MANUAL TUBE LOADING | AC56: BRAD OLIVER
A57: 46125 | B57: 152763-4-1 | C57: =IF(tbl_TubeLaser[[#This Row],[Part'#]]="", "Batch", "Part") -> Part | D57: 250618--det 03 | E57: 0.99166667 | F57: 0.1875 | G57: 30 | H57: 30 | I57: =tbl_TubeLaser[[#This Row],[Qty Complete]]/tbl_TubeLaser[[#This Row],[Qty Required]] -> 1 | J57: 24 | K57: 1 | L57: =IF(tbl_TubeLaser[[#This Row],[Job Type]]="Batch",0,tbl_TubeLaser[[#This Row],[Qty Required]]/tbl_TubeLaser[[#This Row],[PPH]]*tbl_TubeLaser[[#This Row],['# of men]]) -> 1.25 | M57: =IF(tbl_TubeLaser[[#This Row],[Job Type]]="Batch",tbl_TubeLaser[[#This Row],[Batch Hours]]*tbl_TubeLaser[[#This Row],[% Complete]],tbl_TubeLaser[[#This Row],[Total hours]]*tbl_TubeLaser[[#This Row],[% Complete]]) -> 1.25 | O57: CH454-20 | P57: =tbl_TubeLaser[[#This Row],[Mat. Qty]]*tbl_TubeLaser[[#This Row],[% Complete]] -> 4 | Q57: 4 | R57: =IFERROR(tbl_TubeLaser[[#This Row],[Qty Complete]]/tbl_TubeLaser[[#This Row],[Total Hours Act]]*tbl_TubeLaser[[#This Row],['# of men Act]],"") -> 7.1428571 | S57: 1 | T57: =(MOD(tbl_TubeLaser[[#This Row],[End Time]]-tbl_TubeLaser[[#This Row],[Start Time]],1)*24*tbl_TubeLaser[[#This Row],['# of men Act]])- ( IF(AND(tbl_TubeLaser[[#This Row],[Start Time]]<=Data!$B$2+(Data!$B$2<tbl_TubeLaser[[#This Row],[Start Time]]),tbl_TubeLaser[[#This Row],[Start Time]]+MOD(tbl_TubeLaser[[#This Row],[End Time]]-tbl_TubeLaser[[#This Row],[Start Time]],1)>=Data!$C$2+(Data!$C$2<tbl_TubeLaser[[#This Row],[Start Time]])),0.5*tbl_TubeLaser[[#This Row],['# of men Act]],0) + IF(AND(tbl_TubeLaser[[#This Row],[Start Time]]<=Data!$B$3+(Data!$B$3<tbl_TubeLaser[[#This Row],[Start Time]]),tbl_TubeLaser[[#This Row],[Start Time]]+MOD(tbl_TubeLaser[[#This Row],[End Time]]-tbl_TubeLaser[[#This Row],[Start Time]],1)>=Data!$C$3+(Data!$C$3<tbl_TubeLaser[[#This Row],[Start Time]])),0.5*tbl_TubeLaser[[#This Row],['# of men Act]],0) ) -> 4.2 | U57: 4 | V57: 0.5 | X57: =IFERROR((tbl_TubeLaser[[#This Row],[Adj. Total Hours]]+tbl_TubeLaser[[#This Row],[Est. Hours]])/(tbl_TubeLaser[[#This Row],[Total Hours Act]]+tbl_TubeLaser[[#This Row],[Act. Hours]]),"") -> 0.41666667 | Y57: =IF(AND(SUMIFS(tbl_TubeLaser[% Complete],tbl_TubeLaser[Job'#],tbl_TubeLaser[[#This Row],[Job'#]])>=1,COUNTIF(INDEX(tbl_TubeLaser[Job'#],1):tbl_TubeLaser[[#This Row],[Job'#]],tbl_TubeLaser[[#This Row],[Job'#]])=COUNTIF(tbl_TubeLaser[Job'#],tbl_TubeLaser[[#This Row],[Job'#]])),IFERROR((SUMIFS(tbl_TubeLaser[Adj. Total Hours],tbl_TubeLaser[Job'#],tbl_TubeLaser[[#This Row],[Job'#]])+SUMIFS(tbl_TubeLaser[Est. Hours],tbl_TubeLaser[Job'#],tbl_TubeLaser[[#This Row],[Job'#]]))/(SUMIFS(tbl_TubeLaser[Total Hours Act],tbl_TubeLaser[Job'#],tbl_TubeLaser[[#This Row],[Job'#]])+SUMIFS(tbl_TubeLaser[Act. Hours],tbl_TubeLaser[Job'#],tbl_TubeLaser[[#This Row],[Job'#]])),""),"") -> 0.41666667 | Z57: =IFERROR(tbl_TubeLaser[[#This Row],[Act. Mat. Qty]]-tbl_TubeLaser[[#This Row],[Adj. Mat. Qty]],"") -> 0 | AA57: =IF(AND(SUMIFS(tbl_TubeLaser[% Complete],tbl_TubeLaser[Job'#],tbl_TubeLaser[[#This Row],[Job'#]])>=1,COUNTIF(INDEX(tbl_TubeLaser[Job'#],1):tbl_TubeLaser[[#This Row],[Job'#]],tbl_TubeLaser[[#This Row],[Job'#]])=COUNTIF(tbl_TubeLaser[Job'#],tbl_TubeLaser[[#This Row],[Job'#]])),(SUMIFS(tbl_TubeLaser[Act. Mat. Qty],tbl_TubeLaser[Job'#],tbl_TubeLaser[[#This Row],[Job'#]]))-(SUMIFS(tbl_TubeLaser[Adj. Mat. Qty],tbl_TubeLaser[Job'#],tbl_TubeLaser[[#This Row],[Job'#]])),"") -> 0 | AB57: MANUAL TUBE LOADING | AC57: BRAD OLIVER
A58: 46125 | B58: 143085 | C58: =IF(tbl_TubeLaser[[#This Row],[Part'#]]="", "Batch", "Part") -> Part | D58: NAS100000155 | E58: 0.73611111 | F58: 0.89305556 | G58: 13 | H58: 13 | I58: =tbl_TubeLaser[[#This Row],[Qty Complete]]/tbl_TubeLaser[[#This Row],[Qty Required]] -> 1 | J58: 30 | K58: 1 | L58: =IF(tbl_TubeLaser[[#This Row],[Job Type]]="Batch",0,tbl_TubeLaser[[#This Row],[Qty Required]]/tbl_TubeLaser[[#This Row],[PPH]]*tbl_TubeLaser[[#This Row],['# of men]]) -> 0.43333333 | M58: =IF(tbl_TubeLaser[[#This Row],[Job Type]]="Batch",tbl_TubeLaser[[#This Row],[Batch Hours]]*tbl_TubeLaser[[#This Row],[% Complete]],tbl_TubeLaser[[#This Row],[Total hours]]*tbl_TubeLaser[[#This Row],[% Complete]]) -> 0.43333333 | O58: ST4411GA-20 | P58: =tbl_TubeLaser[[#This Row],[Mat. Qty]]*tbl_TubeLaser[[#This Row],[% Complete]] -> 13 | Q58: 13 | R58: =IFERROR(tbl_TubeLaser[[#This Row],[Qty Complete]]/tbl_TubeLaser[[#This Row],[Total Hours Act]]*tbl_TubeLaser[[#This Row],['# of men Act]],"") -> 3.4513274 | S58: 1 | T58: =(MOD(tbl_TubeLaser[[#This Row],[End Time]]-tbl_TubeLaser[[#This Row],[Start Time]],1)*24*tbl_TubeLaser[[#This Row],['# of men Act]])- ( IF(AND(tbl_TubeLaser[[#This Row],[Start Time]]<=Data!$B$2+(Data!$B$2<tbl_TubeLaser[[#This Row],[Start Time]]),tbl_TubeLaser[[#This Row],[Start Time]]+MOD(tbl_TubeLaser[[#This Row],[End Time]]-tbl_TubeLaser[[#This Row],[Start Time]],1)>=Data!$C$2+(Data!$C$2<tbl_TubeLaser[[#This Row],[Start Time]])),0.5*tbl_TubeLaser[[#This Row],['# of men Act]],0) + IF(AND(tbl_TubeLaser[[#This Row],[Start Time]]<=Data!$B$3+(Data!$B$3<tbl_TubeLaser[[#This Row],[Start Time]]),tbl_TubeLaser[[#This Row],[Start Time]]+MOD(tbl_TubeLaser[[#This Row],[End Time]]-tbl_TubeLaser[[#This Row],[Start Time]],1)>=Data!$C$3+(Data!$C$3<tbl_TubeLaser[[#This Row],[Start Time]])),0.5*tbl_TubeLaser[[#This Row],['# of men Act]],0) ) -> 3.7666667 | U58: 13 | V58: 0.5 | W58: 0.04 | X58: =IFERROR((tbl_TubeLaser[[#This Row],[Adj. Total Hours]]+tbl_TubeLaser[[#This Row],[Est. Hours]])/(tbl_TubeLaser[[#This Row],[Total Hours Act]]+tbl_TubeLaser[[#This Row],[Act. Hours]]),"") -> 0.24518389 | Y58: =IF(AND(SUMIFS(tbl_TubeLaser[% Complete],tbl_TubeLaser[Job'#],tbl_TubeLaser[[#This Row],[Job'#]])>=1,COUNTIF(INDEX(tbl_TubeLaser[Job'#],1):tbl_TubeLaser[[#This Row],[Job'#]],tbl_TubeLaser[[#This Row],[Job'#]])=COUNTIF(tbl_TubeLaser[Job'#],tbl_TubeLaser[[#This Row],[Job'#]])),IFERROR((SUMIFS(tbl_TubeLaser[Adj. Total Hours],tbl_TubeLaser[Job'#],tbl_TubeLaser[[#This Row],[Job'#]])+SUMIFS(tbl_TubeLaser[Est. Hours],tbl_TubeLaser[Job'#],tbl_TubeLaser[[#This Row],[Job'#]]))/(SUMIFS(tbl_TubeLaser[Total Hours Act],tbl_TubeLaser[Job'#],tbl_TubeLaser[[#This Row],[Job'#]])+SUMIFS(tbl_TubeLaser[Act. Hours],tbl_TubeLaser[Job'#],tbl_TubeLaser[[#This Row],[Job'#]])),""),"") -> 0.24518389 | Z58: =IFERROR(tbl_TubeLaser[[#This Row],[Act. Mat. Qty]]-tbl_TubeLaser[[#This Row],[Adj. Mat. Qty]],"") -> 0 | AA58: =IF(AND(SUMIFS(tbl_TubeLaser[% Complete],tbl_TubeLaser[Job'#],tbl_TubeLaser[[#This Row],[Job'#]])>=1,COUNTIF(INDEX(tbl_TubeLaser[Job'#],1):tbl_TubeLaser[[#This Row],[Job'#]],tbl_TubeLaser[[#This Row],[Job'#]])=COUNTIF(tbl_TubeLaser[Job'#],tbl_TubeLaser[[#This Row],[Job'#]])),(SUMIFS(tbl_TubeLaser[Act. Mat. Qty],tbl_TubeLaser[Job'#],tbl_TubeLaser[[#This Row],[Job'#]]))-(SUMIFS(tbl_TubeLaser[Adj. Mat. Qty],tbl_TubeLaser[Job'#],tbl_TubeLaser[[#This Row],[Job'#]])),"") -> 0 | AB58: EQUIPMENT ISSUES, HAD TO RESTART SEVERAL TIMES | AC58: RYAN ARNOLD
A59: 46125 | B59: 143223 | C59: =IF(tbl_TubeLaser[[#This Row],[Part'#]]="", "Batch", "Part") -> Part | D59: NAS100000156 | E59: 0.89097222 | F59: 0.9375 | G59: 34 | H59: 34 | I59: =tbl_TubeLaser[[#This Row],[Qty Complete]]/tbl_TubeLaser[[#This Row],[Qty Required]] -> 1 | J59: 35 | K59: 1 | L59: =IF(tbl_TubeLaser[[#This Row],[Job Type]]="Batch",0,tbl_TubeLaser[[#This Row],[Qty Required]]/tbl_TubeLaser[[#This Row],[PPH]]*tbl_TubeLaser[[#This Row],['# of men]]) -> 0.97142857 | M59: =IF(tbl_TubeLaser[[#This Row],[Job Type]]="Batch",tbl_TubeLaser[[#This Row],[Batch Hours]]*tbl_TubeLaser[[#This Row],[% Complete]],tbl_TubeLaser[[#This Row],[Total hours]]*tbl_TubeLaser[[#This Row],[% Complete]]) -> 0.97142857 | O59: ST4411GA-20 | P59: =tbl_TubeLaser[[#This Row],[Mat. Qty]]*tbl_TubeLaser[[#This Row],[% Complete]] -> 7 | Q59: 7 | R59: =IFERROR(tbl_TubeLaser[[#This Row],[Qty Complete]]/tbl_TubeLaser[[#This Row],[Total Hours Act]]*tbl_TubeLaser[[#This Row],['# of men Act]],"") -> 30.447761 | S59: 1 | T59: =(MOD(tbl_TubeLaser[[#This Row],[End Time]]-tbl_TubeLaser[[#This Row],[Start Time]],1)*24*tbl_TubeLaser[[#This Row],['# of men Act]])- ( IF(AND(tbl_TubeLaser[[#This Row],[Start Time]]<=Data!$B$2+(Data!$B$2<tbl_TubeLaser[[#This Row],[Start Time]]),tbl_TubeLaser[[#This Row],[Start Time]]+MOD(tbl_TubeLaser[[#This Row],[End Time]]-tbl_TubeLaser[[#This Row],[Start Time]],1)>=Data!$C$2+(Data!$C$2<tbl_TubeLaser[[#This Row],[Start Time]])),0.5*tbl_TubeLaser[[#This Row],['# of men Act]],0) + IF(AND(tbl_TubeLaser[[#This Row],[Start Time]]<=Data!$B$3+(Data!$B$3<tbl_TubeLaser[[#This Row],[Start Time]]),tbl_TubeLaser[[#This Row],[Start Time]]+MOD(tbl_TubeLaser[[#This Row],[End Time]]-tbl_TubeLaser[[#This Row],[Start Time]],1)>=Data!$C$3+(Data!$C$3<tbl_TubeLaser[[#This Row],[Start Time]])),0.5*tbl_TubeLaser[[#This Row],['# of men Act]],0) ) -> 1.1166667 | U59: 7 | V59: 0.5 | W59: 0.5 | X59: =IFERROR((tbl_TubeLaser[[#This Row],[Adj. Total Hours]]+tbl_TubeLaser[[#This Row],[Est. Hours]])/(tbl_TubeLaser[[#This Row],[Total Hours Act]]+tbl_TubeLaser[[#This Row],[Act. Hours]]),"") -> 0.910162 | Y59: =IF(AND(SUMIFS(tbl_TubeLaser[% Complete],tbl_TubeLaser[Job'#],tbl_TubeLaser[[#This Row],[Job'#]])>=1,COUNTIF(INDEX(tbl_TubeLaser[Job'#],1):tbl_TubeLaser[[#This Row],[Job'#]],tbl_TubeLaser[[#This Row],[Job'#]])=COUNTIF(tbl_TubeLaser[Job'#],tbl_TubeLaser[[#This Row],[Job'#]])),IFERROR((SUMIFS(tbl_TubeLaser[Adj. Total Hours],tbl_TubeLaser[Job'#],tbl_TubeLaser[[#This Row],[Job'#]])+SUMIFS(tbl_TubeLaser[Est. Hours],tbl_TubeLaser[Job'#],tbl_TubeLaser[[#This Row],[Job'#]]))/(SUMIFS(tbl_TubeLaser[Total Hours Act],tbl_TubeLaser[Job'#],tbl_TubeLaser[[#This Row],[Job'#]])+SUMIFS(tbl_TubeLaser[Act. Hours],tbl_TubeLaser[Job'#],tbl_TubeLaser[[#This Row],[Job'#]])),""),"") -> 0.910162 | Z59: =IFERROR(tbl_TubeLaser[[#This Row],[Act. Mat. Qty]]-tbl_TubeLaser[[#This Row],[Adj. Mat. Qty]],"") -> 0 | AA59: =IF(AND(SUMIFS(tbl_TubeLaser[% Complete],tbl_TubeLaser[Job'#],tbl_TubeLaser[[#This Row],[Job'#]])>=1,COUNTIF(INDEX(tbl_TubeLaser[Job'#],1):tbl_TubeLaser[[#This Row],[Job'#]],tbl_TubeLaser[[#This Row],[Job'#]])=COUNTIF(tbl_TubeLaser[Job'#],tbl_TubeLaser[[#This Row],[Job'#]])),(SUMIFS(tbl_TubeLaser[Act. Mat. Qty],tbl_TubeLaser[Job'#],tbl_TubeLaser[[#This Row],[Job'#]]))-(SUMIFS(tbl_TubeLaser[Adj. Mat. Qty],tbl_TubeLaser[Job'#],tbl_TubeLaser[[#This Row],[Job'#]])),"") -> 0 | AC59: RYAN ARNOLD
A60: 46125 | B60: 152763-7-1 | C60: =IF(tbl_TubeLaser[[#This Row],[Part'#]]="", "Batch", "Part") -> Part | D60: 260282--Item 02 | E60: 0.93819444 | F60: 0.14722222 | G60: 50 | H60: 50 | I60: =tbl_TubeLaser[[#This Row],[Qty Complete]]/tbl_TubeLaser[[#This Row],[Qty Required]] -> 1 | J60: 12 | K60: 1 | L60: =IF(tbl_TubeLaser[[#This Row],[Job Type]]="Batch",0,tbl_TubeLaser[[#This Row],[Qty Required]]/tbl_TubeLaser[[#This Row],[PPH]]*tbl_TubeLaser[[#This Row],['# of men]]) -> 4.1666667 | M60: =IF(tbl_TubeLaser[[#This Row],[Job Type]]="Batch",tbl_TubeLaser[[#This Row],[Batch Hours]]*tbl_TubeLaser[[#This Row],[% Complete]],tbl_TubeLaser[[#This Row],[Total hours]]*tbl_TubeLaser[[#This Row],[% Complete]]) -> 4.1666667 | O60: RT8311GA-20 | P60: =tbl_TubeLaser[[#This Row],[Mat. Qty]]*tbl_TubeLaser[[#This Row],[% Complete]] -> 13 | Q60: 13 | R60: =IFERROR(tbl_TubeLaser[[#This Row],[Qty Complete]]/tbl_TubeLaser[[#This Row],[Total Hours Act]]*tbl_TubeLaser[[#This Row],['# of men Act]],"") -> 11.070111 | S60: 1 | T60: =(MOD(tbl_TubeLaser[[#This Row],[End Time]]-tbl_TubeLaser[[#This Row],[Start Time]],1)*24*tbl_TubeLaser[[#This Row],['# of men Act]])- ( IF(AND(tbl_TubeLaser[[#This Row],[Start Time]]<=Data!$B$2+(Data!$B$2<tbl_TubeLaser[[#This Row],[Start Time]]),tbl_TubeLaser[[#This Row],[Start Time]]+MOD(tbl_TubeLaser[[#This Row],[End Time]]-tbl_TubeLaser[[#This Row],[Start Time]],1)>=Data!$C$2+(Data!$C$2<tbl_TubeLaser[[#This Row],[Start Time]])),0.5*tbl_TubeLaser[[#This Row],['# of men Act]],0) + IF(AND(tbl_TubeLaser[[#This Row],[Start Time]]<=Data!$B$3+(Data!$B$3<tbl_TubeLaser[[#This Row],[Start Time]]),tbl_TubeLaser[[#This Row],[Start Time]]+MOD(tbl_TubeLaser[[#This Row],[End Time]]-tbl_TubeLaser[[#This Row],[Start Time]],1)>=Data!$C$3+(Data!$C$3<tbl_TubeLaser[[#This Row],[Start Time]])),0.5*tbl_TubeLaser[[#This Row],['# of men Act]],0) ) -> 4.5166667 | U60: 13 | V60: 0.5 | W60: 0.5 | X60: =IFERROR((tbl_TubeLaser[[#This Row],[Adj. Total Hours]]+tbl_TubeLaser[[#This Row],[Est. Hours]])/(tbl_TubeLaser[[#This Row],[Total Hours Act]]+tbl_TubeLaser[[#This Row],[Act. Hours]]),"") -> 0.93023256 | Y60: =IF(AND(SUMIFS(tbl_TubeLaser[% Complete],tbl_TubeLaser[Job'#],tbl_TubeLaser[[#This Row],[Job'#]])>=1,COUNTIF(INDEX(tbl_TubeLaser[Job'#],1):tbl_TubeLaser[[#This Row],[Job'#]],tbl_TubeLaser[[#This Row],[Job'#]])=COUNTIF(tbl_TubeLaser[Job'#],tbl_TubeLaser[[#This Row],[Job'#]])),IFERROR((SUMIFS(tbl_TubeLaser[Adj. Total Hours],tbl_TubeLaser[Job'#],tbl_TubeLaser[[#This Row],[Job'#]])+SUMIFS(tbl_TubeLaser[Est. Hours],tbl_TubeLaser[Job'#],tbl_TubeLaser[[#This Row],[Job'#]]))/(SUMIFS(tbl_TubeLaser[Total Hours Act],tbl_TubeLaser[Job'#],tbl_TubeLaser[[#This Row],[Job'#]])+SUMIFS(tbl_TubeLaser[Act. Hours],tbl_TubeLaser[Job'#],tbl_TubeLaser[[#This Row],[Job'#]])),""),"") -> 0.93023256 | Z60: =IFERROR(tbl_TubeLaser[[#This Row],[Act. Mat. Qty]]-tbl_TubeLaser[[#This Row],[Adj. Mat. Qty]],"") -> 0 | AA60: =IF(AND(SUMIFS(tbl_TubeLaser[% Complete],tbl_TubeLaser[Job'#],tbl_TubeLaser[[#This Row],[Job'#]])>=1,COUNTIF(INDEX(tbl_TubeLaser[Job'#],1):tbl_TubeLaser[[#This Row],[Job'#]],tbl_TubeLaser[[#This Row],[Job'#]])=COUNTIF(tbl_TubeLaser[Job'#],tbl_TubeLaser[[#This Row],[Job'#]])),(SUMIFS(tbl_TubeLaser[Act. Mat. Qty],tbl_TubeLaser[Job'#],tbl_TubeLaser[[#This Row],[Job'#]]))-(SUMIFS(tbl_TubeLaser[Adj. Mat. Qty],tbl_TubeLaser[Job'#],tbl_TubeLaser[[#This Row],[Job'#]])),"") -> 0 | AC60: RYAN ARNOLD
